<?xml version="1.0" encoding="UTF-8" standalone="no" ?>
<gpx xmlns="http://www.topografix.com/GPX/1/1" xmlns:xsi="http://www.w3.org/2001/XMLSchema-instance" xsi:schemaLocation="http://www.topografix.com/GPX/1/1 http://www.topografix.com/GPX/1/1/gpx.xsd" version="1.1" creator="VisuGPX - https://www.visugpx.com">
  <metadata>
    <name>POU100 2026</name>
    <desc><![CDATA[Les 100 Miles/100 km gravel de Poussan
+bonus bikepacking]]></desc>
  </metadata>
  <wpt lat="43.67183" lon="2.92136">
    <ele>882.3</ele>
    <name><![CDATA[Ferme Deves]]></name>
    <type><![CDATA[hotel]]></type>
  </wpt>
  <wpt lat="43.60129" lon="2.90029">
    <ele>1035.9</ele>
    <name><![CDATA[Gîte des Bourdis]]></name>
    <link href="https://www.gites-refuges.com/www/detail-2449.htm"></link>
    <type><![CDATA[hotel]]></type>
  </wpt>
  <wpt lat="43.56786" lon="2.80214">
    <ele>977.3</ele>
    <name><![CDATA[Refuge de Camp Blanc]]></name>
    <type><![CDATA[hotel]]></type>
  </wpt>
  <wpt lat="43.55875" lon="2.80254">
    <ele>975.2</ele>
    <name><![CDATA[Refufe du lac de Vézoles]]></name>
    <type><![CDATA[refuge]]></type>
  </wpt>
  <wpt lat="43.68716" lon="2.92261">
    <ele>834.1</ele>
    <name><![CDATA[Relais Départemental]]></name>
    <type><![CDATA[hotel]]></type>
  </wpt>
  <wpt lat="43.56452" lon="3.18944">
    <ele>267</ele>
    <name><![CDATA[Restaurant]]></name>
    <type><![CDATA[restaurant]]></type>
  </wpt>
  <wpt lat="43.52297" lon="3.19734">
    <ele>140.9</ele>
    <name><![CDATA[Burger]]></name>
    <type><![CDATA[restaurant]]></type>
  </wpt>
  <wpt lat="43.54771" lon="3.18692">
    <ele>253.2</ele>
    <name><![CDATA[Descente]]></name>
    <desc><![CDATA[Descente un poil rugueuse, mais aucun danger.]]></desc>
    <type><![CDATA[danger]]></type>
  </wpt>
  <wpt lat="43.63775" lon="3.19761">
    <ele>364</ele>
    <name><![CDATA[Carrière]]></name>
    <desc><![CDATA[Escalader le talus à pied pour point de vue (au sud de la trace).]]></desc>
    <type><![CDATA[vue]]></type>
  </wpt>
  <wpt lat="43.63267" lon="3.22594">
    <ele>455.9</ele>
    <name><![CDATA[Eau]]></name>
    <type><![CDATA[drink]]></type>
  </wpt>
  <wpt lat="43.5612" lon="3.18155">
    <ele>288</ele>
    <name><![CDATA[Super Boulangerie]]></name>
    <type><![CDATA[boulangerie]]></type>
  </wpt>
  <wpt lat="43.56443" lon="3.1898">
    <ele>265.3</ele>
    <name><![CDATA[Eau]]></name>
    <type><![CDATA[drink]]></type>
  </wpt>
  <wpt lat="43.56486" lon="3.19071">
    <ele>262.7</ele>
    <name><![CDATA[Eau]]></name>
    <type><![CDATA[drink]]></type>
  </wpt>
  <wpt lat="43.52286" lon="3.19746">
    <ele>139.4</ele>
    <name><![CDATA[WC]]></name>
    <type><![CDATA[drink]]></type>
  </wpt>
  <wpt lat="43.52338" lon="3.19626">
    <ele>144.2</ele>
    <name><![CDATA[WC]]></name>
    <type><![CDATA[drink]]></type>
  </wpt>
  <wpt lat="43.48335" lon="3.27834">
    <ele>74.2</ele>
    <name><![CDATA[Boulangerie]]></name>
    <type><![CDATA[boulangerie]]></type>
  </wpt>
  <wpt lat="43.46992" lon="3.34218">
    <ele>97.8</ele>
    <name><![CDATA[Café]]></name>
    <type><![CDATA[bar]]></type>
  </wpt>
  <wpt lat="43.47022" lon="3.34165">
    <ele>98.1</ele>
    <name><![CDATA[Boulangerie]]></name>
    <type><![CDATA[boulangerie]]></type>
  </wpt>
  <wpt lat="43.46" lon="3.42282">
    <ele>20.8</ele>
    <name><![CDATA[Boulangerie]]></name>
    <type><![CDATA[boulangerie]]></type>
  </wpt>
  <wpt lat="43.46009" lon="3.42269">
    <ele>20.8</ele>
    <name><![CDATA[Café]]></name>
    <type><![CDATA[restaurant]]></type>
  </wpt>
  <wpt lat="43.45977" lon="3.42302">
    <ele>20.1</ele>
    <name><![CDATA[Eau]]></name>
    <type><![CDATA[drink]]></type>
  </wpt>
  <wpt lat="43.46621" lon="3.463">
    <ele>53</ele>
    <name><![CDATA[Eau]]></name>
    <type><![CDATA[drink]]></type>
  </wpt>
  <wpt lat="43.46634" lon="3.46287">
    <ele>53</ele>
    <name><![CDATA[Café]]></name>
    <type><![CDATA[restaurant]]></type>
  </wpt>
  <wpt lat="43.48807" lon="3.6697">
    <ele>33</ele>
    <name><![CDATA[Départ]]></name>
    <type><![CDATA[star]]></type>
  </wpt>
  <wpt lat="43.55608" lon="2.913">
    <ele>190.8</ele>
    <name><![CDATA[Café]]></name>
    <type><![CDATA[restaurant]]></type>
  </wpt>
  <wpt lat="43.55611" lon="2.91368">
    <ele>195</ele>
    <name><![CDATA[WC]]></name>
    <type><![CDATA[drink]]></type>
  </wpt>
  <wpt lat="43.55638" lon="2.91437">
    <ele>195.4</ele>
  </wpt>
  <wpt lat="43.55638" lon="2.91437">
    <ele>195.4</ele>
    <name><![CDATA[Boulangerie]]></name>
    <type><![CDATA[boulangerie]]></type>
  </wpt>
  <wpt lat="43.55599" lon="2.91344">
    <ele>192.7</ele>
    <name><![CDATA[Epicerie]]></name>
    <type><![CDATA[commerce]]></type>
  </wpt>
  <wpt lat="43.65161" lon="3.04031">
    <ele>333.8</ele>
    <name><![CDATA[Boulangerie]]></name>
    <type><![CDATA[boulangerie]]></type>
  </wpt>
  <wpt lat="43.65178" lon="3.04056">
    <ele>333</ele>
    <name><![CDATA[Epicerie]]></name>
    <type><![CDATA[commerce]]></type>
  </wpt>
  <wpt lat="43.65185" lon="3.04067">
    <ele>331.7</ele>
    <name><![CDATA[Bistro]]></name>
    <type><![CDATA[bar]]></type>
  </wpt>
  <wpt lat="43.65173" lon="3.04045">
    <ele>332.9</ele>
    <name><![CDATA[Eau]]></name>
    <type><![CDATA[drink]]></type>
  </wpt>
  <wpt lat="43.65584" lon="3.04537">
    <ele>318</ele>
    <name><![CDATA[Eau]]></name>
    <type><![CDATA[drink]]></type>
  </wpt>
  <wpt lat="43.65567" lon="3.08964">
    <ele>285.1</ele>
    <name><![CDATA[Eau]]></name>
    <type><![CDATA[drink]]></type>
  </wpt>
  <wpt lat="43.65208" lon="3.13089">
    <ele>313</ele>
    <name><![CDATA[WC]]></name>
    <type><![CDATA[drink]]></type>
  </wpt>
  <wpt lat="43.65564" lon="3.15028">
    <ele>221</ele>
    <name><![CDATA[Eau]]></name>
    <type><![CDATA[drink]]></type>
  </wpt>
  <wpt lat="43.66797" lon="2.97331">
    <ele>431.1</ele>
    <name><![CDATA[Eau]]></name>
    <type><![CDATA[drink]]></type>
  </wpt>
  <wpt lat="43.6452" lon="3.38961">
    <ele>146.9</ele>
    <name><![CDATA[Eau]]></name>
    <type><![CDATA[drink]]></type>
  </wpt>
  <wpt lat="43.56767" lon="2.80247">
    <ele>978.9</ele>
    <name><![CDATA[Eau]]></name>
    <type><![CDATA[drink]]></type>
  </wpt>
  <wpt lat="43.55506" lon="3.02435">
    <ele>539.9</ele>
    <name><![CDATA[Eau]]></name>
    <type><![CDATA[drink]]></type>
  </wpt>
  <wpt lat="43.5632" lon="2.97578">
    <ele>151</ele>
    <name><![CDATA[Eau]]></name>
    <type><![CDATA[drink]]></type>
  </wpt>
  <wpt lat="43.53866" lon="3.10268">
    <ele>310.3</ele>
    <name><![CDATA[Eau]]></name>
    <type><![CDATA[drink]]></type>
  </wpt>
  <wpt lat="43.49825" lon="3.1684">
    <ele>160.5</ele>
    <name><![CDATA[Café]]></name>
    <type><![CDATA[bar]]></type>
  </wpt>
  <wpt lat="43.52953" lon="2.83301">
    <ele>247</ele>
    <name><![CDATA[Eau]]></name>
    <type><![CDATA[drink]]></type>
  </wpt>
  <wpt lat="43.56756" lon="3.45113">
    <ele>64.9</ele>
    <name><![CDATA[Eau]]></name>
    <type><![CDATA[drink]]></type>
  </wpt>
  <wpt lat="43.56601" lon="3.4504">
    <ele>73</ele>
    <name><![CDATA[Café]]></name>
    <type><![CDATA[bar]]></type>
  </wpt>
  <wpt lat="43.56626" lon="3.45002">
    <ele>73</ele>
    <name><![CDATA[Boulangerie]]></name>
    <type><![CDATA[boulangerie]]></type>
  </wpt>
  <wpt lat="43.66321" lon="3.05722">
    <ele>304.6</ele>
    <name><![CDATA[Eau]]></name>
    <type><![CDATA[drink]]></type>
  </wpt>
  <wpt lat="43.65585" lon="3.04538">
    <ele>318</ele>
    <name><![CDATA[Eau]]></name>
    <type><![CDATA[drink]]></type>
  </wpt>
  <wpt lat="43.65178" lon="3.04054">
    <ele>332.8</ele>
    <name><![CDATA[Epicerie]]></name>
    <type><![CDATA[producteur]]></type>
  </wpt>
  <wpt lat="43.65163" lon="3.04029">
    <ele>333.1</ele>
    <name><![CDATA[Boulangerie]]></name>
    <type><![CDATA[boulangerie]]></type>
  </wpt>
  <wpt lat="43.65235" lon="3.0399">
    <ele>326.2</ele>
    <name><![CDATA[WC]]></name>
    <type><![CDATA[drink]]></type>
  </wpt>
  <wpt lat="43.57585" lon="3.39674">
    <ele>150.8</ele>
    <name><![CDATA[Epicerie]]></name>
    <type><![CDATA[producteur]]></type>
  </wpt>
  <wpt lat="43.54016" lon="3.37928">
    <ele>95</ele>
    <name><![CDATA[Café]]></name>
    <type><![CDATA[bar]]></type>
  </wpt>
  <wpt lat="43.5398" lon="3.38">
    <ele>95.6</ele>
    <name><![CDATA[Boulangerie]]></name>
    <type><![CDATA[boulangerie]]></type>
  </wpt>
  <wpt lat="43.53962" lon="3.38048">
    <ele>95.7</ele>
    <name><![CDATA[Resto]]></name>
    <type><![CDATA[restaurant]]></type>
  </wpt>
  <wpt lat="43.50714" lon="3.3678">
    <ele>103.3</ele>
    <name><![CDATA[Rsto]]></name>
    <type><![CDATA[restaurant]]></type>
  </wpt>
  <wpt lat="43.5066" lon="3.36847">
    <ele>102.1</ele>
    <name><![CDATA[Epicerie]]></name>
    <type><![CDATA[producteur]]></type>
  </wpt>
  <wpt lat="43.50726" lon="3.36769">
    <ele>103.1</ele>
    <name><![CDATA[Boulanregie]]></name>
    <type><![CDATA[boulangerie]]></type>
  </wpt>
  <wpt lat="43.50695" lon="3.36763">
    <ele>100.5</ele>
    <name><![CDATA[WC]]></name>
    <type><![CDATA[drink]]></type>
  </wpt>
  <trk>
    <name><![CDATA[POU Bikepacking]]></name>
    <extensions>
      <line xmlns="http://www.topografix.com/GPX/gpx_style/0/2">
        <color>FF8800</color>
        <opacity>1</opacity>
        <width>4</width>
          <extensions>
            <sens>1</sens>
            <jonction>1</jonction>
          </extensions>
      </line>
    </extensions>
    <trkseg>
      <trkpt lat="43.48806" lon="3.66963">
        <ele>32.7</ele>
        <extensions>
          <visugpx:TrkExtension xmlns:visugpx="https://www.visugpx.com/editgpx/">
            <visugpx:node>2</visugpx:node>
            </visugpx:TrkExtension>
        </extensions>
      </trkpt>
      <trkpt lat="43.48844" lon="3.66936">
        <ele>33</ele>
      </trkpt>
      <trkpt lat="43.48882" lon="3.66935">
        <ele>33.5</ele>
      </trkpt>
      <trkpt lat="43.48898" lon="3.66912">
        <ele>33.6</ele>
      </trkpt>
      <trkpt lat="43.48909" lon="3.66904">
        <ele>34.5</ele>
      </trkpt>
      <trkpt lat="43.48917" lon="3.66893">
        <ele>35</ele>
      </trkpt>
      <trkpt lat="43.48927" lon="3.66881">
        <ele>35.3</ele>
      </trkpt>
      <trkpt lat="43.48931" lon="3.66861">
        <ele>35.5</ele>
      </trkpt>
      <trkpt lat="43.48974" lon="3.66763">
        <ele>38</ele>
      </trkpt>
      <trkpt lat="43.48986" lon="3.66748">
        <ele>38.3</ele>
      </trkpt>
      <trkpt lat="43.49019" lon="3.66719">
        <ele>39.5</ele>
      </trkpt>
      <trkpt lat="43.49036" lon="3.66711">
        <ele>40.5</ele>
      </trkpt>
      <trkpt lat="43.49082" lon="3.66698">
        <ele>41.1</ele>
      </trkpt>
      <trkpt lat="43.49136" lon="3.66631">
        <ele>41.2</ele>
      </trkpt>
      <trkpt lat="43.49171" lon="3.66605">
        <ele>43</ele>
      </trkpt>
      <trkpt lat="43.49232" lon="3.66574">
        <ele>42.8</ele>
      </trkpt>
      <trkpt lat="43.49271" lon="3.6656">
        <ele>43.9</ele>
      </trkpt>
      <trkpt lat="43.49327" lon="3.66575">
        <ele>46.9</ele>
      </trkpt>
      <trkpt lat="43.49393" lon="3.66575">
        <ele>48</ele>
      </trkpt>
      <trkpt lat="43.4943" lon="3.6658">
        <ele>47.8</ele>
      </trkpt>
      <trkpt lat="43.49442" lon="3.66594">
        <ele>48</ele>
      </trkpt>
      <trkpt lat="43.49489" lon="3.66596">
        <ele>47.5</ele>
      </trkpt>
      <trkpt lat="43.49553" lon="3.66592">
        <ele>44.5</ele>
      </trkpt>
      <trkpt lat="43.49572" lon="3.66562">
        <ele>44.8</ele>
      </trkpt>
      <trkpt lat="43.49591" lon="3.66542">
        <ele>44</ele>
      </trkpt>
      <trkpt lat="43.49609" lon="3.6653">
        <ele>44</ele>
      </trkpt>
      <trkpt lat="43.49648" lon="3.66512">
        <ele>44.1</ele>
      </trkpt>
      <trkpt lat="43.49686" lon="3.66462">
        <ele>44.4</ele>
      </trkpt>
      <trkpt lat="43.49724" lon="3.66424">
        <ele>44.3</ele>
      </trkpt>
      <trkpt lat="43.49745" lon="3.66409">
        <ele>44.8</ele>
      </trkpt>
      <trkpt lat="43.49805" lon="3.66378">
        <ele>45.6</ele>
      </trkpt>
      <trkpt lat="43.49824" lon="3.66366">
        <ele>45.9</ele>
      </trkpt>
      <trkpt lat="43.49851" lon="3.66359">
        <ele>46.6</ele>
      </trkpt>
      <trkpt lat="43.49869" lon="3.66356">
        <ele>47.1</ele>
      </trkpt>
      <trkpt lat="43.49933" lon="3.66348">
        <ele>48</ele>
      </trkpt>
      <trkpt lat="43.49982" lon="3.66352">
        <ele>49.1</ele>
      </trkpt>
      <trkpt lat="43.50003" lon="3.66346">
        <ele>49.5</ele>
      </trkpt>
      <trkpt lat="43.5008" lon="3.66289">
        <ele>52.5</ele>
      </trkpt>
      <trkpt lat="43.50108" lon="3.6628">
        <ele>53</ele>
      </trkpt>
      <trkpt lat="43.50127" lon="3.66271">
        <ele>53.9</ele>
      </trkpt>
      <trkpt lat="43.50148" lon="3.66259">
        <ele>54.7</ele>
      </trkpt>
      <trkpt lat="43.50221" lon="3.66214">
        <ele>57.5</ele>
      </trkpt>
      <trkpt lat="43.50303" lon="3.66161">
        <ele>61.4</ele>
      </trkpt>
      <trkpt lat="43.50338" lon="3.66143">
        <ele>63</ele>
      </trkpt>
      <trkpt lat="43.50394" lon="3.66128">
        <ele>66.3</ele>
      </trkpt>
      <trkpt lat="43.50443" lon="3.66107">
        <ele>69.3</ele>
      </trkpt>
      <trkpt lat="43.50462" lon="3.6608">
        <ele>71.9</ele>
      </trkpt>
      <trkpt lat="43.50476" lon="3.66073">
        <ele>72.9</ele>
      </trkpt>
      <trkpt lat="43.50529" lon="3.66079">
        <ele>75.4</ele>
      </trkpt>
      <trkpt lat="43.50561" lon="3.66076">
        <ele>76.7</ele>
      </trkpt>
      <trkpt lat="43.50592" lon="3.66066">
        <ele>77.9</ele>
      </trkpt>
      <trkpt lat="43.50641" lon="3.65993">
        <ele>81.4</ele>
      </trkpt>
      <trkpt lat="43.50658" lon="3.65974">
        <ele>82.1</ele>
      </trkpt>
      <trkpt lat="43.50691" lon="3.65952">
        <ele>83.5</ele>
      </trkpt>
      <trkpt lat="43.50692" lon="3.65939">
        <ele>84.7</ele>
      </trkpt>
      <trkpt lat="43.50709" lon="3.65914">
        <ele>86.1</ele>
      </trkpt>
      <trkpt lat="43.50747" lon="3.65841">
        <ele>90.2</ele>
      </trkpt>
      <trkpt lat="43.50779" lon="3.65795">
        <ele>95.5</ele>
      </trkpt>
      <trkpt lat="43.50811" lon="3.65769">
        <ele>98.8</ele>
      </trkpt>
      <trkpt lat="43.50879" lon="3.6569">
        <ele>105.7</ele>
      </trkpt>
      <trkpt lat="43.5089" lon="3.65674">
        <ele>106.5</ele>
      </trkpt>
      <trkpt lat="43.509" lon="3.65653">
        <ele>108.3</ele>
      </trkpt>
      <trkpt lat="43.50913" lon="3.65639">
        <ele>109.1</ele>
      </trkpt>
      <trkpt lat="43.50976" lon="3.65584">
        <ele>109.8</ele>
      </trkpt>
      <trkpt lat="43.50986" lon="3.65556">
        <ele>110.5</ele>
      </trkpt>
      <trkpt lat="43.50986" lon="3.65533">
        <ele>112.1</ele>
      </trkpt>
      <trkpt lat="43.5098" lon="3.65509">
        <ele>113.2</ele>
      </trkpt>
      <trkpt lat="43.50974" lon="3.65493">
        <ele>114.1</ele>
      </trkpt>
      <trkpt lat="43.50894" lon="3.65456">
        <ele>119</ele>
      </trkpt>
      <trkpt lat="43.50847" lon="3.65424">
        <ele>122.2</ele>
      </trkpt>
      <trkpt lat="43.50781" lon="3.65384">
        <ele>125.6</ele>
      </trkpt>
      <trkpt lat="43.50733" lon="3.65362">
        <ele>129.3</ele>
      </trkpt>
      <trkpt lat="43.50681" lon="3.65355">
        <ele>132.3</ele>
      </trkpt>
      <trkpt lat="43.50656" lon="3.65348">
        <ele>133.7</ele>
      </trkpt>
      <trkpt lat="43.50639" lon="3.65337">
        <ele>134.4</ele>
      </trkpt>
      <trkpt lat="43.50626" lon="3.65324">
        <ele>135.3</ele>
      </trkpt>
      <trkpt lat="43.50618" lon="3.65305">
        <ele>135.9</ele>
      </trkpt>
      <trkpt lat="43.50604" lon="3.65235">
        <ele>138.1</ele>
      </trkpt>
      <trkpt lat="43.50589" lon="3.65204">
        <ele>139.7</ele>
      </trkpt>
      <trkpt lat="43.50566" lon="3.65189">
        <ele>141.4</ele>
      </trkpt>
      <trkpt lat="43.50493" lon="3.65164">
        <ele>146.5</ele>
      </trkpt>
      <trkpt lat="43.50421" lon="3.65123">
        <ele>151.7</ele>
      </trkpt>
      <trkpt lat="43.50382" lon="3.6509">
        <ele>154.2</ele>
      </trkpt>
      <trkpt lat="43.50366" lon="3.65083">
        <ele>155.5</ele>
      </trkpt>
      <trkpt lat="43.50357" lon="3.65075">
        <ele>155.9</ele>
      </trkpt>
      <trkpt lat="43.50307" lon="3.65014">
        <ele>157.6</ele>
      </trkpt>
      <trkpt lat="43.50299" lon="3.65001">
        <ele>157.2</ele>
      </trkpt>
      <trkpt lat="43.50282" lon="3.64942">
        <ele>158.6</ele>
      </trkpt>
      <trkpt lat="43.50272" lon="3.64913">
        <ele>159.5</ele>
      </trkpt>
      <trkpt lat="43.50218" lon="3.64811">
        <ele>163.2</ele>
      </trkpt>
      <trkpt lat="43.5019" lon="3.64745">
        <ele>164.2</ele>
      </trkpt>
      <trkpt lat="43.50169" lon="3.6472">
        <ele>166</ele>
      </trkpt>
      <trkpt lat="43.5014" lon="3.64709">
        <ele>167.4</ele>
      </trkpt>
      <trkpt lat="43.50091" lon="3.64703">
        <ele>170</ele>
      </trkpt>
      <trkpt lat="43.50066" lon="3.64706">
        <ele>172</ele>
      </trkpt>
      <trkpt lat="43.50045" lon="3.64717">
        <ele>173.4</ele>
      </trkpt>
      <trkpt lat="43.49982" lon="3.64759">
        <ele>179.2</ele>
      </trkpt>
      <trkpt lat="43.4997" lon="3.6476">
        <ele>180.6</ele>
      </trkpt>
      <trkpt lat="43.49961" lon="3.64757">
        <ele>181.4</ele>
      </trkpt>
      <trkpt lat="43.49909" lon="3.64714">
        <ele>185.8</ele>
      </trkpt>
      <trkpt lat="43.4984" lon="3.6466">
        <ele>189.3</ele>
      </trkpt>
      <trkpt lat="43.498" lon="3.64637">
        <ele>188.3</ele>
      </trkpt>
      <trkpt lat="43.49792" lon="3.64618">
        <ele>187.1</ele>
      </trkpt>
      <trkpt lat="43.49784" lon="3.64567">
        <ele>185.9</ele>
      </trkpt>
      <trkpt lat="43.49781" lon="3.64543">
        <ele>185.3</ele>
      </trkpt>
      <trkpt lat="43.4978" lon="3.64526">
        <ele>185.1</ele>
      </trkpt>
      <trkpt lat="43.49794" lon="3.64457">
        <ele>181.3</ele>
      </trkpt>
      <trkpt lat="43.49797" lon="3.64433">
        <ele>180.3</ele>
      </trkpt>
      <trkpt lat="43.49791" lon="3.64413">
        <ele>179.3</ele>
      </trkpt>
      <trkpt lat="43.49771" lon="3.64392">
        <ele>178</ele>
      </trkpt>
      <trkpt lat="43.49774" lon="3.64383">
        <ele>178.3</ele>
      </trkpt>
      <trkpt lat="43.49781" lon="3.64377">
        <ele>178.3</ele>
      </trkpt>
      <trkpt lat="43.49812" lon="3.64359">
        <ele>176.6</ele>
      </trkpt>
      <trkpt lat="43.49828" lon="3.6434">
        <ele>174.9</ele>
      </trkpt>
      <trkpt lat="43.49855" lon="3.64329">
        <ele>170.9</ele>
      </trkpt>
      <trkpt lat="43.49869" lon="3.64309">
        <ele>168.5</ele>
      </trkpt>
      <trkpt lat="43.49896" lon="3.64221">
        <ele>164.7</ele>
      </trkpt>
      <trkpt lat="43.49898" lon="3.64205">
        <ele>164.3</ele>
      </trkpt>
      <trkpt lat="43.49897" lon="3.64171">
        <ele>163.8</ele>
      </trkpt>
      <trkpt lat="43.49905" lon="3.64148">
        <ele>162.3</ele>
      </trkpt>
      <trkpt lat="43.49911" lon="3.64127">
        <ele>160.9</ele>
      </trkpt>
      <trkpt lat="43.49923" lon="3.64087">
        <ele>157.2</ele>
      </trkpt>
      <trkpt lat="43.49932" lon="3.64056">
        <ele>154.9</ele>
      </trkpt>
      <trkpt lat="43.49948" lon="3.6401">
        <ele>151.5</ele>
      </trkpt>
      <trkpt lat="43.49961" lon="3.63963">
        <ele>149.6</ele>
      </trkpt>
      <trkpt lat="43.49984" lon="3.63889">
        <ele>146.8</ele>
      </trkpt>
      <trkpt lat="43.50018" lon="3.63805">
        <ele>145.7</ele>
      </trkpt>
      <trkpt lat="43.50018" lon="3.63795">
        <ele>146.1</ele>
      </trkpt>
      <trkpt lat="43.50013" lon="3.63789">
        <ele>146.6</ele>
      </trkpt>
      <trkpt lat="43.49959" lon="3.63761">
        <ele>150.7</ele>
      </trkpt>
      <trkpt lat="43.49937" lon="3.63754">
        <ele>152.6</ele>
      </trkpt>
      <trkpt lat="43.49915" lon="3.63753">
        <ele>154.1</ele>
      </trkpt>
      <trkpt lat="43.49896" lon="3.63756">
        <ele>155.6</ele>
      </trkpt>
      <trkpt lat="43.49887" lon="3.63754">
        <ele>156.2</ele>
      </trkpt>
      <trkpt lat="43.49878" lon="3.6375">
        <ele>156.4</ele>
      </trkpt>
      <trkpt lat="43.49817" lon="3.63716">
        <ele>155</ele>
      </trkpt>
      <trkpt lat="43.49731" lon="3.6366">
        <ele>149.3</ele>
      </trkpt>
      <trkpt lat="43.49642" lon="3.63601">
        <ele>143.2</ele>
      </trkpt>
      <trkpt lat="43.49594" lon="3.63567">
        <ele>141</ele>
      </trkpt>
      <trkpt lat="43.49568" lon="3.63553">
        <ele>142</ele>
      </trkpt>
      <trkpt lat="43.49534" lon="3.63531">
        <ele>145.3</ele>
      </trkpt>
      <trkpt lat="43.49512" lon="3.63515">
        <ele>147.6</ele>
      </trkpt>
      <trkpt lat="43.49554" lon="3.63363">
        <ele>136.3</ele>
      </trkpt>
      <trkpt lat="43.49596" lon="3.63216">
        <ele>130.2</ele>
      </trkpt>
      <trkpt lat="43.49651" lon="3.63022">
        <ele>122.6</ele>
      </trkpt>
      <trkpt lat="43.4966" lon="3.62983">
        <ele>122.1</ele>
      </trkpt>
      <trkpt lat="43.49695" lon="3.62937">
        <ele>119.7</ele>
      </trkpt>
      <trkpt lat="43.49717" lon="3.62921">
        <ele>117.6</ele>
      </trkpt>
      <trkpt lat="43.49749" lon="3.62909">
        <ele>115.8</ele>
      </trkpt>
      <trkpt lat="43.49759" lon="3.62894">
        <ele>114.6</ele>
      </trkpt>
      <trkpt lat="43.49781" lon="3.62787">
        <ele>107.8</ele>
      </trkpt>
      <trkpt lat="43.49792" lon="3.62708">
        <ele>103</ele>
      </trkpt>
      <trkpt lat="43.49789" lon="3.62642">
        <ele>97</ele>
      </trkpt>
      <trkpt lat="43.49784" lon="3.62603">
        <ele>92.3</ele>
      </trkpt>
      <trkpt lat="43.49788" lon="3.62564">
        <ele>89.6</ele>
      </trkpt>
      <trkpt lat="43.49795" lon="3.62547">
        <ele>88.9</ele>
      </trkpt>
      <trkpt lat="43.49805" lon="3.62535">
        <ele>88.9</ele>
      </trkpt>
      <trkpt lat="43.49836" lon="3.62517">
        <ele>86.2</ele>
      </trkpt>
      <trkpt lat="43.49842" lon="3.6251">
        <ele>86</ele>
      </trkpt>
      <trkpt lat="43.49846" lon="3.62496">
        <ele>84.8</ele>
      </trkpt>
      <trkpt lat="43.49854" lon="3.62469">
        <ele>81.5</ele>
      </trkpt>
      <trkpt lat="43.4987" lon="3.62462">
        <ele>80.7</ele>
      </trkpt>
      <trkpt lat="43.49897" lon="3.62469">
        <ele>79.3</ele>
      </trkpt>
      <trkpt lat="43.49969" lon="3.625">
        <ele>73.6</ele>
      </trkpt>
      <trkpt lat="43.4999" lon="3.62503">
        <ele>70.9</ele>
      </trkpt>
      <trkpt lat="43.49993" lon="3.62491">
        <ele>69.4</ele>
      </trkpt>
      <trkpt lat="43.49987" lon="3.62481">
        <ele>69.1</ele>
      </trkpt>
      <trkpt lat="43.49971" lon="3.62461">
        <ele>69</ele>
      </trkpt>
      <trkpt lat="43.49918" lon="3.62403">
        <ele>66.5</ele>
      </trkpt>
      <trkpt lat="43.49886" lon="3.62372">
        <ele>66.2</ele>
      </trkpt>
      <trkpt lat="43.49872" lon="3.62357">
        <ele>65.2</ele>
      </trkpt>
      <trkpt lat="43.49865" lon="3.6234">
        <ele>63.5</ele>
      </trkpt>
      <trkpt lat="43.49854" lon="3.62328">
        <ele>63</ele>
      </trkpt>
      <trkpt lat="43.49853" lon="3.62309">
        <ele>62.4</ele>
      </trkpt>
      <trkpt lat="43.49863" lon="3.62279">
        <ele>60</ele>
      </trkpt>
      <trkpt lat="43.49879" lon="3.62256">
        <ele>59.4</ele>
      </trkpt>
      <trkpt lat="43.49917" lon="3.62179">
        <ele>56</ele>
      </trkpt>
      <trkpt lat="43.49946" lon="3.62121">
        <ele>52.4</ele>
      </trkpt>
      <trkpt lat="43.49979" lon="3.62055">
        <ele>50.7</ele>
      </trkpt>
      <trkpt lat="43.50061" lon="3.62071">
        <ele>49.6</ele>
      </trkpt>
      <trkpt lat="43.50115" lon="3.62089">
        <ele>50.2</ele>
      </trkpt>
      <trkpt lat="43.50168" lon="3.62096">
        <ele>50.5</ele>
      </trkpt>
      <trkpt lat="43.50207" lon="3.62106">
        <ele>51</ele>
      </trkpt>
      <trkpt lat="43.50258" lon="3.62121">
        <ele>50.7</ele>
      </trkpt>
      <trkpt lat="43.50283" lon="3.62126">
        <ele>49.8</ele>
      </trkpt>
      <trkpt lat="43.50331" lon="3.62126">
        <ele>48.1</ele>
      </trkpt>
      <trkpt lat="43.50377" lon="3.62121">
        <ele>45.4</ele>
      </trkpt>
      <trkpt lat="43.50389" lon="3.62129">
        <ele>45.3</ele>
      </trkpt>
      <trkpt lat="43.50401" lon="3.62161">
        <ele>45.9</ele>
      </trkpt>
      <trkpt lat="43.50444" lon="3.62163">
        <ele>45.8</ele>
      </trkpt>
      <trkpt lat="43.50487" lon="3.62158">
        <ele>47.8</ele>
      </trkpt>
      <trkpt lat="43.50527" lon="3.62154">
        <ele>50.5</ele>
      </trkpt>
      <trkpt lat="43.50581" lon="3.62151">
        <ele>53.3</ele>
      </trkpt>
      <trkpt lat="43.50602" lon="3.62144">
        <ele>53.2</ele>
      </trkpt>
      <trkpt lat="43.5063" lon="3.62118">
        <ele>53.2</ele>
      </trkpt>
      <trkpt lat="43.50663" lon="3.6209">
        <ele>52.3</ele>
      </trkpt>
      <trkpt lat="43.50717" lon="3.62052">
        <ele>50.2</ele>
      </trkpt>
      <trkpt lat="43.50743" lon="3.62035">
        <ele>49.5</ele>
      </trkpt>
      <trkpt lat="43.50771" lon="3.62026">
        <ele>49</ele>
      </trkpt>
      <trkpt lat="43.50793" lon="3.6202">
        <ele>48.5</ele>
      </trkpt>
      <trkpt lat="43.50807" lon="3.62012">
        <ele>48</ele>
      </trkpt>
      <trkpt lat="43.5085" lon="3.62">
        <ele>47.4</ele>
      </trkpt>
      <trkpt lat="43.50892" lon="3.61989">
        <ele>47</ele>
      </trkpt>
      <trkpt lat="43.50925" lon="3.61976">
        <ele>47.3</ele>
      </trkpt>
      <trkpt lat="43.50945" lon="3.61971">
        <ele>48</ele>
      </trkpt>
      <trkpt lat="43.50951" lon="3.61962">
        <ele>48.2</ele>
      </trkpt>
      <trkpt lat="43.50951" lon="3.61953">
        <ele>48.2</ele>
      </trkpt>
      <trkpt lat="43.50947" lon="3.61912">
        <ele>48.1</ele>
      </trkpt>
      <trkpt lat="43.50941" lon="3.61894">
        <ele>47.9</ele>
      </trkpt>
      <trkpt lat="43.5091" lon="3.61855">
        <ele>46.8</ele>
      </trkpt>
      <trkpt lat="43.50906" lon="3.6184">
        <ele>46.9</ele>
      </trkpt>
      <trkpt lat="43.50908" lon="3.61827">
        <ele>47.1</ele>
      </trkpt>
      <trkpt lat="43.5092" lon="3.61784">
        <ele>46.4</ele>
      </trkpt>
      <trkpt lat="43.50926" lon="3.61745">
        <ele>46.6</ele>
      </trkpt>
      <trkpt lat="43.50948" lon="3.61698">
        <ele>47.4</ele>
      </trkpt>
      <trkpt lat="43.50947" lon="3.61686">
        <ele>47.1</ele>
      </trkpt>
      <trkpt lat="43.50942" lon="3.61683">
        <ele>47</ele>
      </trkpt>
      <trkpt lat="43.50914" lon="3.61667">
        <ele>46.9</ele>
      </trkpt>
      <trkpt lat="43.50911" lon="3.61659">
        <ele>46.6</ele>
      </trkpt>
      <trkpt lat="43.50921" lon="3.61637">
        <ele>46.2</ele>
      </trkpt>
      <trkpt lat="43.50932" lon="3.61619">
        <ele>46.5</ele>
      </trkpt>
      <trkpt lat="43.5095" lon="3.61604">
        <ele>47.4</ele>
      </trkpt>
      <trkpt lat="43.51034" lon="3.61544">
        <ele>50.3</ele>
      </trkpt>
      <trkpt lat="43.5104" lon="3.61538">
        <ele>50.7</ele>
      </trkpt>
      <trkpt lat="43.51059" lon="3.61511">
        <ele>51</ele>
      </trkpt>
      <trkpt lat="43.5107" lon="3.61509">
        <ele>51.5</ele>
      </trkpt>
      <trkpt lat="43.51093" lon="3.61515">
        <ele>53.1</ele>
      </trkpt>
      <trkpt lat="43.51099" lon="3.61514">
        <ele>53.3</ele>
      </trkpt>
      <trkpt lat="43.51118" lon="3.61507">
        <ele>54.4</ele>
      </trkpt>
      <trkpt lat="43.51142" lon="3.61504">
        <ele>55.9</ele>
      </trkpt>
      <trkpt lat="43.51178" lon="3.61483">
        <ele>56.6</ele>
      </trkpt>
      <trkpt lat="43.51197" lon="3.61478">
        <ele>57.1</ele>
      </trkpt>
      <trkpt lat="43.51215" lon="3.61478">
        <ele>57.6</ele>
      </trkpt>
      <trkpt lat="43.51228" lon="3.61472">
        <ele>58</ele>
      </trkpt>
      <trkpt lat="43.51275" lon="3.61428">
        <ele>58.9</ele>
      </trkpt>
      <trkpt lat="43.51284" lon="3.61429">
        <ele>58.9</ele>
      </trkpt>
      <trkpt lat="43.51294" lon="3.61437">
        <ele>58.6</ele>
      </trkpt>
      <trkpt lat="43.5134" lon="3.61487">
        <ele>59.3</ele>
      </trkpt>
      <trkpt lat="43.51349" lon="3.61491">
        <ele>59.6</ele>
      </trkpt>
      <trkpt lat="43.51356" lon="3.61488">
        <ele>59.8</ele>
      </trkpt>
      <trkpt lat="43.5141" lon="3.61456">
        <ele>63</ele>
      </trkpt>
      <trkpt lat="43.51424" lon="3.61451">
        <ele>63.7</ele>
      </trkpt>
      <trkpt lat="43.5148" lon="3.61438">
        <ele>66.1</ele>
      </trkpt>
      <trkpt lat="43.51537" lon="3.61428">
        <ele>69.3</ele>
      </trkpt>
      <trkpt lat="43.51547" lon="3.61371">
        <ele>70.1</ele>
      </trkpt>
      <trkpt lat="43.51583" lon="3.61189">
        <ele>73.8</ele>
      </trkpt>
      <trkpt lat="43.51596" lon="3.61165">
        <ele>73.8</ele>
      </trkpt>
      <trkpt lat="43.51604" lon="3.61156">
        <ele>73.8</ele>
      </trkpt>
      <trkpt lat="43.51601" lon="3.61147">
        <ele>73.1</ele>
      </trkpt>
      <trkpt lat="43.51545" lon="3.61116">
        <ele>69.3</ele>
      </trkpt>
      <trkpt lat="43.51551" lon="3.61095">
        <ele>69.2</ele>
      </trkpt>
      <trkpt lat="43.51567" lon="3.61037">
        <ele>68.5</ele>
      </trkpt>
      <trkpt lat="43.51568" lon="3.61009">
        <ele>68.7</ele>
      </trkpt>
      <trkpt lat="43.51581" lon="3.6096">
        <ele>69.8</ele>
      </trkpt>
      <trkpt lat="43.51589" lon="3.60938">
        <ele>70</ele>
      </trkpt>
      <trkpt lat="43.51598" lon="3.60888">
        <ele>68.6</ele>
      </trkpt>
      <trkpt lat="43.51597" lon="3.60863">
        <ele>68.9</ele>
      </trkpt>
      <trkpt lat="43.51589" lon="3.60848">
        <ele>68.8</ele>
      </trkpt>
      <trkpt lat="43.51574" lon="3.6084">
        <ele>68.4</ele>
      </trkpt>
      <trkpt lat="43.51535" lon="3.60838">
        <ele>66.3</ele>
      </trkpt>
      <trkpt lat="43.5152" lon="3.60836">
        <ele>65.6</ele>
      </trkpt>
      <trkpt lat="43.51507" lon="3.60826">
        <ele>65.1</ele>
      </trkpt>
      <trkpt lat="43.51498" lon="3.60808">
        <ele>64</ele>
      </trkpt>
      <trkpt lat="43.51497" lon="3.60788">
        <ele>63.2</ele>
      </trkpt>
      <trkpt lat="43.51502" lon="3.60745">
        <ele>61.9</ele>
      </trkpt>
      <trkpt lat="43.51505" lon="3.60718">
        <ele>61</ele>
      </trkpt>
      <trkpt lat="43.51507" lon="3.60662">
        <ele>60.2</ele>
      </trkpt>
      <trkpt lat="43.51506" lon="3.60604">
        <ele>61.2</ele>
      </trkpt>
      <trkpt lat="43.51501" lon="3.60452">
        <ele>61.8</ele>
      </trkpt>
      <trkpt lat="43.51508" lon="3.60364">
        <ele>63.3</ele>
      </trkpt>
      <trkpt lat="43.51531" lon="3.6028">
        <ele>63.2</ele>
      </trkpt>
      <trkpt lat="43.51557" lon="3.60219">
        <ele>64</ele>
      </trkpt>
      <trkpt lat="43.5159" lon="3.60184">
        <ele>63.5</ele>
      </trkpt>
      <trkpt lat="43.51603" lon="3.60166">
        <ele>62.7</ele>
      </trkpt>
      <trkpt lat="43.51616" lon="3.60142">
        <ele>62.3</ele>
      </trkpt>
      <trkpt lat="43.51622" lon="3.60125">
        <ele>63</ele>
      </trkpt>
      <trkpt lat="43.51633" lon="3.60054">
        <ele>65</ele>
      </trkpt>
      <trkpt lat="43.51643" lon="3.60018">
        <ele>65.2</ele>
      </trkpt>
      <trkpt lat="43.5167" lon="3.59957">
        <ele>66.3</ele>
      </trkpt>
      <trkpt lat="43.51678" lon="3.59925">
        <ele>67.2</ele>
      </trkpt>
      <trkpt lat="43.51692" lon="3.59858">
        <ele>66.6</ele>
      </trkpt>
      <trkpt lat="43.51703" lon="3.59793">
        <ele>63.4</ele>
      </trkpt>
      <trkpt lat="43.51717" lon="3.59767">
        <ele>63.6</ele>
      </trkpt>
      <trkpt lat="43.51746" lon="3.59741">
        <ele>65.4</ele>
      </trkpt>
      <trkpt lat="43.5176" lon="3.59722">
        <ele>67.3</ele>
      </trkpt>
      <trkpt lat="43.51767" lon="3.59698">
        <ele>67.8</ele>
      </trkpt>
      <trkpt lat="43.51796" lon="3.59642">
        <ele>67.4</ele>
      </trkpt>
      <trkpt lat="43.51808" lon="3.59602">
        <ele>68.1</ele>
      </trkpt>
      <trkpt lat="43.51818" lon="3.59571">
        <ele>69.4</ele>
      </trkpt>
      <trkpt lat="43.51833" lon="3.59555">
        <ele>71</ele>
      </trkpt>
      <trkpt lat="43.51858" lon="3.5954">
        <ele>73.4</ele>
      </trkpt>
      <trkpt lat="43.51889" lon="3.5952">
        <ele>76.3</ele>
      </trkpt>
      <trkpt lat="43.5192" lon="3.59503">
        <ele>79</ele>
      </trkpt>
      <trkpt lat="43.51983" lon="3.59473">
        <ele>83.3</ele>
      </trkpt>
      <trkpt lat="43.52077" lon="3.59431">
        <ele>89.4</ele>
      </trkpt>
      <trkpt lat="43.52099" lon="3.5941">
        <ele>90.8</ele>
      </trkpt>
      <trkpt lat="43.52128" lon="3.59387">
        <ele>91.5</ele>
      </trkpt>
      <trkpt lat="43.52142" lon="3.59359">
        <ele>92.3</ele>
      </trkpt>
      <trkpt lat="43.52147" lon="3.59339">
        <ele>92</ele>
      </trkpt>
      <trkpt lat="43.52154" lon="3.59294">
        <ele>92</ele>
      </trkpt>
      <trkpt lat="43.52177" lon="3.59269">
        <ele>95</ele>
      </trkpt>
      <trkpt lat="43.5219" lon="3.59261">
        <ele>96</ele>
      </trkpt>
      <trkpt lat="43.52194" lon="3.59233">
        <ele>95.4</ele>
      </trkpt>
      <trkpt lat="43.5221" lon="3.59178">
        <ele>95.2</ele>
      </trkpt>
      <trkpt lat="43.52225" lon="3.59081">
        <ele>93.6</ele>
      </trkpt>
      <trkpt lat="43.52236" lon="3.58981">
        <ele>97.2</ele>
      </trkpt>
      <trkpt lat="43.52242" lon="3.58882">
        <ele>97.1</ele>
      </trkpt>
      <trkpt lat="43.52242" lon="3.58749">
        <ele>100.6</ele>
      </trkpt>
      <trkpt lat="43.52241" lon="3.58569">
        <ele>106.3</ele>
      </trkpt>
      <trkpt lat="43.5224" lon="3.58332">
        <ele>105.9</ele>
      </trkpt>
      <trkpt lat="43.52233" lon="3.5823">
        <ele>110.7</ele>
      </trkpt>
      <trkpt lat="43.52219" lon="3.58137">
        <ele>111.5</ele>
      </trkpt>
      <trkpt lat="43.52176" lon="3.57886">
        <ele>106</ele>
      </trkpt>
      <trkpt lat="43.52168" lon="3.57781">
        <ele>115.1</ele>
      </trkpt>
      <trkpt lat="43.52167" lon="3.57758">
        <ele>115.8</ele>
      </trkpt>
      <trkpt lat="43.52158" lon="3.57716">
        <ele>116.7</ele>
      </trkpt>
      <trkpt lat="43.52169" lon="3.57698">
        <ele>118</ele>
      </trkpt>
      <trkpt lat="43.52174" lon="3.57473">
        <ele>118.1</ele>
      </trkpt>
      <trkpt lat="43.52168" lon="3.57396">
        <ele>117.9</ele>
      </trkpt>
      <trkpt lat="43.52157" lon="3.57329">
        <ele>119.1</ele>
      </trkpt>
      <trkpt lat="43.52144" lon="3.57279">
        <ele>118.9</ele>
      </trkpt>
      <trkpt lat="43.52081" lon="3.57083">
        <ele>124.4</ele>
      </trkpt>
      <trkpt lat="43.52067" lon="3.57029">
        <ele>124.3</ele>
      </trkpt>
      <trkpt lat="43.52056" lon="3.56978">
        <ele>125.7</ele>
      </trkpt>
      <trkpt lat="43.52021" lon="3.56798">
        <ele>124.2</ele>
      </trkpt>
      <trkpt lat="43.51995" lon="3.56659">
        <ele>127.3</ele>
      </trkpt>
      <trkpt lat="43.51979" lon="3.56565">
        <ele>132.8</ele>
      </trkpt>
      <trkpt lat="43.51974" lon="3.56532">
        <ele>135</ele>
      </trkpt>
      <trkpt lat="43.5197" lon="3.56474">
        <ele>138.3</ele>
      </trkpt>
      <trkpt lat="43.51969" lon="3.56405">
        <ele>147.4</ele>
      </trkpt>
      <trkpt lat="43.51969" lon="3.56207">
        <ele>153.3</ele>
      </trkpt>
      <trkpt lat="43.51969" lon="3.56009">
        <ele>146.4</ele>
      </trkpt>
      <trkpt lat="43.51968" lon="3.55876">
        <ele>141.2</ele>
      </trkpt>
      <trkpt lat="43.51968" lon="3.55793">
        <ele>140.1</ele>
      </trkpt>
      <trkpt lat="43.51967" lon="3.55741">
        <ele>138.7</ele>
      </trkpt>
      <trkpt lat="43.51966" lon="3.55722">
        <ele>138.2</ele>
      </trkpt>
      <trkpt lat="43.51969" lon="3.5566">
        <ele>137.1</ele>
      </trkpt>
      <trkpt lat="43.51977" lon="3.55595">
        <ele>136.9</ele>
      </trkpt>
      <trkpt lat="43.51982" lon="3.55554">
        <ele>135.6</ele>
      </trkpt>
      <trkpt lat="43.51989" lon="3.55521">
        <ele>134.5</ele>
      </trkpt>
      <trkpt lat="43.51979" lon="3.55517">
        <ele>134.1</ele>
      </trkpt>
      <trkpt lat="43.51973" lon="3.55505">
        <ele>134</ele>
      </trkpt>
      <trkpt lat="43.51977" lon="3.55491">
        <ele>134</ele>
      </trkpt>
      <trkpt lat="43.51993" lon="3.55455">
        <ele>133.5</ele>
      </trkpt>
      <trkpt lat="43.52014" lon="3.55403">
        <ele>132.8</ele>
      </trkpt>
      <trkpt lat="43.52037" lon="3.55337">
        <ele>132</ele>
      </trkpt>
      <trkpt lat="43.52039" lon="3.55327">
        <ele>132</ele>
      </trkpt>
      <trkpt lat="43.52039" lon="3.55266">
        <ele>132.4</ele>
      </trkpt>
      <trkpt lat="43.5205" lon="3.5522">
        <ele>131.4</ele>
      </trkpt>
      <trkpt lat="43.52051" lon="3.55171">
        <ele>131</ele>
      </trkpt>
      <trkpt lat="43.52062" lon="3.55071">
        <ele>132.6</ele>
      </trkpt>
      <trkpt lat="43.52061" lon="3.55003">
        <ele>131.9</ele>
      </trkpt>
      <trkpt lat="43.52062" lon="3.54869">
        <ele>130.7</ele>
      </trkpt>
      <trkpt lat="43.52059" lon="3.54855">
        <ele>131</ele>
      </trkpt>
      <trkpt lat="43.52046" lon="3.54836">
        <ele>132.6</ele>
      </trkpt>
      <trkpt lat="43.52042" lon="3.54823">
        <ele>133</ele>
      </trkpt>
      <trkpt lat="43.52033" lon="3.54664">
        <ele>136.5</ele>
      </trkpt>
      <trkpt lat="43.52028" lon="3.54535">
        <ele>140.7</ele>
      </trkpt>
      <trkpt lat="43.52029" lon="3.54521">
        <ele>141.3</ele>
      </trkpt>
      <trkpt lat="43.52055" lon="3.54421">
        <ele>141.9</ele>
      </trkpt>
      <trkpt lat="43.52055" lon="3.54387">
        <ele>142.9</ele>
      </trkpt>
      <trkpt lat="43.52052" lon="3.54363">
        <ele>141.8</ele>
      </trkpt>
      <trkpt lat="43.52055" lon="3.54306">
        <ele>139.9</ele>
      </trkpt>
      <trkpt lat="43.52061" lon="3.54271">
        <ele>138.3</ele>
      </trkpt>
      <trkpt lat="43.5206" lon="3.54231">
        <ele>134.6</ele>
      </trkpt>
      <trkpt lat="43.52065" lon="3.54198">
        <ele>132.7</ele>
      </trkpt>
      <trkpt lat="43.5208" lon="3.5415">
        <ele>127.9</ele>
      </trkpt>
      <trkpt lat="43.52087" lon="3.54116">
        <ele>123.3</ele>
      </trkpt>
      <trkpt lat="43.52094" lon="3.54104">
        <ele>121.5</ele>
      </trkpt>
      <trkpt lat="43.5211" lon="3.54085">
        <ele>120.1</ele>
      </trkpt>
      <trkpt lat="43.52113" lon="3.54071">
        <ele>119.4</ele>
      </trkpt>
      <trkpt lat="43.52113" lon="3.54048">
        <ele>117.4</ele>
      </trkpt>
      <trkpt lat="43.52109" lon="3.5403">
        <ele>114.8</ele>
      </trkpt>
      <trkpt lat="43.52111" lon="3.54019">
        <ele>113.9</ele>
      </trkpt>
      <trkpt lat="43.52128" lon="3.54006">
        <ele>115.7</ele>
      </trkpt>
      <trkpt lat="43.52133" lon="3.53996">
        <ele>115.6</ele>
      </trkpt>
      <trkpt lat="43.52131" lon="3.53975">
        <ele>113</ele>
      </trkpt>
      <trkpt lat="43.5212" lon="3.53941">
        <ele>108.8</ele>
      </trkpt>
      <trkpt lat="43.52119" lon="3.53919">
        <ele>106.3</ele>
      </trkpt>
      <trkpt lat="43.52123" lon="3.5389">
        <ele>103.8</ele>
      </trkpt>
      <trkpt lat="43.52138" lon="3.53819">
        <ele>97.9</ele>
      </trkpt>
      <trkpt lat="43.52151" lon="3.53773">
        <ele>94.4</ele>
      </trkpt>
      <trkpt lat="43.52165" lon="3.5373">
        <ele>90.8</ele>
      </trkpt>
      <trkpt lat="43.52172" lon="3.53697">
        <ele>87.3</ele>
      </trkpt>
      <trkpt lat="43.52179" lon="3.53688">
        <ele>86.8</ele>
      </trkpt>
      <trkpt lat="43.52204" lon="3.53685">
        <ele>86.9</ele>
      </trkpt>
      <trkpt lat="43.52218" lon="3.53658">
        <ele>87.7</ele>
      </trkpt>
      <trkpt lat="43.52232" lon="3.5364">
        <ele>89.4</ele>
      </trkpt>
      <trkpt lat="43.5227" lon="3.53605">
        <ele>94.6</ele>
      </trkpt>
      <trkpt lat="43.52266" lon="3.53598">
        <ele>94.4</ele>
      </trkpt>
      <trkpt lat="43.52258" lon="3.53583">
        <ele>93.8</ele>
      </trkpt>
      <trkpt lat="43.52214" lon="3.53493">
        <ele>91.6</ele>
      </trkpt>
      <trkpt lat="43.52169" lon="3.5342">
        <ele>89.2</ele>
      </trkpt>
      <trkpt lat="43.52098" lon="3.53314">
        <ele>88.1</ele>
      </trkpt>
      <trkpt lat="43.52086" lon="3.53289">
        <ele>87.3</ele>
      </trkpt>
      <trkpt lat="43.52069" lon="3.53238">
        <ele>85.8</ele>
      </trkpt>
      <trkpt lat="43.52055" lon="3.53171">
        <ele>84.9</ele>
      </trkpt>
      <trkpt lat="43.52052" lon="3.53146">
        <ele>85.2</ele>
      </trkpt>
      <trkpt lat="43.52036" lon="3.53078">
        <ele>84.3</ele>
      </trkpt>
      <trkpt lat="43.52023" lon="3.53045">
        <ele>83.7</ele>
      </trkpt>
      <trkpt lat="43.52014" lon="3.53022">
        <ele>83.5</ele>
      </trkpt>
      <trkpt lat="43.51995" lon="3.52959">
        <ele>81.6</ele>
      </trkpt>
      <trkpt lat="43.51985" lon="3.52898">
        <ele>80.4</ele>
      </trkpt>
      <trkpt lat="43.51988" lon="3.52884">
        <ele>80.6</ele>
      </trkpt>
      <trkpt lat="43.5201" lon="3.52874">
        <ele>82.4</ele>
      </trkpt>
      <trkpt lat="43.52016" lon="3.52866">
        <ele>82.8</ele>
      </trkpt>
      <trkpt lat="43.52014" lon="3.52803">
        <ele>82</ele>
      </trkpt>
      <trkpt lat="43.52017" lon="3.52788">
        <ele>82.2</ele>
      </trkpt>
      <trkpt lat="43.52025" lon="3.52779">
        <ele>82.8</ele>
      </trkpt>
      <trkpt lat="43.52055" lon="3.52764">
        <ele>84.5</ele>
      </trkpt>
      <trkpt lat="43.52054" lon="3.52745">
        <ele>83.9</ele>
      </trkpt>
      <trkpt lat="43.52058" lon="3.52726">
        <ele>84.2</ele>
      </trkpt>
      <trkpt lat="43.52067" lon="3.52689">
        <ele>84.8</ele>
      </trkpt>
      <trkpt lat="43.52068" lon="3.52678">
        <ele>84.9</ele>
      </trkpt>
      <trkpt lat="43.52067" lon="3.52655">
        <ele>84.4</ele>
      </trkpt>
      <trkpt lat="43.52068" lon="3.52627">
        <ele>83.9</ele>
      </trkpt>
      <trkpt lat="43.52074" lon="3.52574">
        <ele>83.3</ele>
      </trkpt>
      <trkpt lat="43.52077" lon="3.5255">
        <ele>83.4</ele>
      </trkpt>
      <trkpt lat="43.5209" lon="3.52488">
        <ele>82.4</ele>
      </trkpt>
      <trkpt lat="43.52096" lon="3.52464">
        <ele>80.6</ele>
      </trkpt>
      <trkpt lat="43.52101" lon="3.52418">
        <ele>77.4</ele>
      </trkpt>
      <trkpt lat="43.52106" lon="3.52408">
        <ele>76.9</ele>
      </trkpt>
      <trkpt lat="43.52116" lon="3.52398">
        <ele>77</ele>
      </trkpt>
      <trkpt lat="43.52124" lon="3.52376">
        <ele>77.2</ele>
      </trkpt>
      <trkpt lat="43.52128" lon="3.52358">
        <ele>77.7</ele>
      </trkpt>
      <trkpt lat="43.52134" lon="3.52327">
        <ele>79</ele>
      </trkpt>
      <trkpt lat="43.52164" lon="3.52289">
        <ele>80.4</ele>
      </trkpt>
      <trkpt lat="43.52191" lon="3.52231">
        <ele>80</ele>
      </trkpt>
      <trkpt lat="43.52242" lon="3.5213">
        <ele>75.7</ele>
      </trkpt>
      <trkpt lat="43.52281" lon="3.52042">
        <ele>73.1</ele>
      </trkpt>
      <trkpt lat="43.52326" lon="3.51931">
        <ele>73.7</ele>
      </trkpt>
      <trkpt lat="43.52346" lon="3.51865">
        <ele>74.1</ele>
      </trkpt>
      <trkpt lat="43.52358" lon="3.51865">
        <ele>74.9</ele>
      </trkpt>
      <trkpt lat="43.52384" lon="3.51772">
        <ele>76</ele>
      </trkpt>
      <trkpt lat="43.52403" lon="3.51692">
        <ele>71.7</ele>
      </trkpt>
      <trkpt lat="43.52468" lon="3.51346">
        <ele>66.2</ele>
      </trkpt>
      <trkpt lat="43.52461" lon="3.51331">
        <ele>65.5</ele>
      </trkpt>
      <trkpt lat="43.52492" lon="3.51176">
        <ele>63.8</ele>
      </trkpt>
      <trkpt lat="43.52533" lon="3.50966">
        <ele>59.6</ele>
      </trkpt>
      <trkpt lat="43.52574" lon="3.50747">
        <ele>56.3</ele>
      </trkpt>
      <trkpt lat="43.52597" lon="3.50658">
        <ele>55.3</ele>
      </trkpt>
      <trkpt lat="43.52624" lon="3.50588">
        <ele>55.2</ele>
      </trkpt>
      <trkpt lat="43.52655" lon="3.50525">
        <ele>55</ele>
      </trkpt>
      <trkpt lat="43.52683" lon="3.50478">
        <ele>54.2</ele>
      </trkpt>
      <trkpt lat="43.52741" lon="3.5041">
        <ele>51.9</ele>
      </trkpt>
      <trkpt lat="43.52751" lon="3.50385">
        <ele>51.9</ele>
      </trkpt>
      <trkpt lat="43.52765" lon="3.503">
        <ele>48.8</ele>
      </trkpt>
      <trkpt lat="43.52771" lon="3.50277">
        <ele>48</ele>
      </trkpt>
      <trkpt lat="43.52795" lon="3.50214">
        <ele>46.4</ele>
      </trkpt>
      <trkpt lat="43.52848" lon="3.50093">
        <ele>44.5</ele>
      </trkpt>
      <trkpt lat="43.52884" lon="3.50018">
        <ele>43.6</ele>
      </trkpt>
      <trkpt lat="43.52893" lon="3.4999">
        <ele>44</ele>
      </trkpt>
      <trkpt lat="43.52921" lon="3.49923">
        <ele>43.6</ele>
      </trkpt>
      <trkpt lat="43.52945" lon="3.49873">
        <ele>42.4</ele>
      </trkpt>
      <trkpt lat="43.52953" lon="3.49854">
        <ele>41.5</ele>
      </trkpt>
      <trkpt lat="43.52955" lon="3.4983">
        <ele>40.9</ele>
      </trkpt>
      <trkpt lat="43.52954" lon="3.49808">
        <ele>40.4</ele>
      </trkpt>
      <trkpt lat="43.52946" lon="3.49744">
        <ele>37</ele>
      </trkpt>
      <trkpt lat="43.52944" lon="3.49697">
        <ele>35</ele>
      </trkpt>
      <trkpt lat="43.5297" lon="3.49535">
        <ele>31.2</ele>
      </trkpt>
      <trkpt lat="43.52975" lon="3.49494">
        <ele>29.1</ele>
      </trkpt>
      <trkpt lat="43.52981" lon="3.49468">
        <ele>28.9</ele>
      </trkpt>
      <trkpt lat="43.52991" lon="3.49445">
        <ele>29.3</ele>
      </trkpt>
      <trkpt lat="43.53009" lon="3.49395">
        <ele>28.9</ele>
      </trkpt>
      <trkpt lat="43.5303" lon="3.49329">
        <ele>27.3</ele>
      </trkpt>
      <trkpt lat="43.53032" lon="3.49313">
        <ele>27.5</ele>
      </trkpt>
      <trkpt lat="43.53031" lon="3.49259">
        <ele>27.2</ele>
      </trkpt>
      <trkpt lat="43.53032" lon="3.49238">
        <ele>27.2</ele>
      </trkpt>
      <trkpt lat="43.53035" lon="3.49214">
        <ele>27.3</ele>
      </trkpt>
      <trkpt lat="43.53049" lon="3.49166">
        <ele>27</ele>
      </trkpt>
      <trkpt lat="43.53067" lon="3.49124">
        <ele>26.7</ele>
      </trkpt>
      <trkpt lat="43.53188" lon="3.49211">
        <ele>28.7</ele>
      </trkpt>
      <trkpt lat="43.53232" lon="3.49252">
        <ele>29.7</ele>
      </trkpt>
      <trkpt lat="43.53273" lon="3.49099">
        <ele>26.6</ele>
      </trkpt>
      <trkpt lat="43.53283" lon="3.49092">
        <ele>26.3</ele>
      </trkpt>
      <trkpt lat="43.53318" lon="3.49115">
        <ele>26.5</ele>
      </trkpt>
      <trkpt lat="43.53328" lon="3.49124">
        <ele>26.1</ele>
      </trkpt>
      <trkpt lat="43.53333" lon="3.49123">
        <ele>26</ele>
      </trkpt>
      <trkpt lat="43.53334" lon="3.49101">
        <ele>26</ele>
      </trkpt>
      <trkpt lat="43.53335" lon="3.49028">
        <ele>26</ele>
      </trkpt>
      <trkpt lat="43.53337" lon="3.48981">
        <ele>25.3</ele>
      </trkpt>
      <trkpt lat="43.53341" lon="3.4894">
        <ele>25</ele>
      </trkpt>
      <trkpt lat="43.53358" lon="3.48893">
        <ele>25</ele>
      </trkpt>
      <trkpt lat="43.53376" lon="3.48809">
        <ele>25</ele>
      </trkpt>
      <trkpt lat="43.53381" lon="3.48777">
        <ele>24.7</ele>
      </trkpt>
      <trkpt lat="43.53532" lon="3.48845">
        <ele>24.9</ele>
      </trkpt>
      <trkpt lat="43.53663" lon="3.48884">
        <ele>25.7</ele>
      </trkpt>
      <trkpt lat="43.5372" lon="3.48904">
        <ele>26</ele>
      </trkpt>
      <trkpt lat="43.53764" lon="3.48923">
        <ele>26.1</ele>
      </trkpt>
      <trkpt lat="43.53809" lon="3.48948">
        <ele>27</ele>
      </trkpt>
      <trkpt lat="43.5382" lon="3.48951">
        <ele>27</ele>
      </trkpt>
      <trkpt lat="43.53817" lon="3.486">
        <ele>24.5</ele>
      </trkpt>
      <trkpt lat="43.53826" lon="3.48561">
        <ele>24.9</ele>
      </trkpt>
      <trkpt lat="43.53828" lon="3.48531">
        <ele>25</ele>
      </trkpt>
      <trkpt lat="43.53814" lon="3.48501">
        <ele>24.1</ele>
      </trkpt>
      <trkpt lat="43.53809" lon="3.48473">
        <ele>24</ele>
      </trkpt>
      <trkpt lat="43.53778" lon="3.48135">
        <ele>23</ele>
      </trkpt>
      <trkpt lat="43.53783" lon="3.48034">
        <ele>23.8</ele>
      </trkpt>
      <trkpt lat="43.53867" lon="3.47683">
        <ele>23.5</ele>
      </trkpt>
      <trkpt lat="43.53877" lon="3.47623">
        <ele>23</ele>
      </trkpt>
      <trkpt lat="43.53898" lon="3.47627">
        <ele>23</ele>
        <time>2024-05-13T04:35:18+00:00</time>
      </trkpt>
      <trkpt lat="43.5389" lon="3.47671">
        <ele>23</ele>
      </trkpt>
      <trkpt lat="43.53885" lon="3.47743">
        <ele>23.2</ele>
        <time>2024-05-13T04:35:54+00:00</time>
      </trkpt>
      <trkpt lat="43.53885" lon="3.4775">
        <ele>23.1</ele>
      </trkpt>
      <trkpt lat="43.53898" lon="3.47799">
        <ele>23</ele>
        <time>2024-05-13T04:36:13+00:00</time>
      </trkpt>
      <trkpt lat="43.53894" lon="3.4783">
        <ele>22.3</ele>
        <time>2024-05-13T04:36:24+00:00</time>
      </trkpt>
      <trkpt lat="43.53898" lon="3.47834">
        <ele>22.2</ele>
      </trkpt>
      <trkpt lat="43.53948" lon="3.47847">
        <ele>23.5</ele>
      </trkpt>
      <trkpt lat="43.54" lon="3.47871">
        <ele>23.7</ele>
      </trkpt>
      <trkpt lat="43.54092" lon="3.47912">
        <ele>23</ele>
        <time>2024-05-13T04:37:52+00:00</time>
      </trkpt>
      <trkpt lat="43.54189" lon="3.47916">
        <ele>23</ele>
      </trkpt>
      <trkpt lat="43.54236" lon="3.47933">
        <ele>23</ele>
      </trkpt>
      <trkpt lat="43.54251" lon="3.47928">
        <ele>22.4</ele>
        <time>2024-05-13T04:38:58+00:00</time>
      </trkpt>
      <trkpt lat="43.54275" lon="3.47917">
        <ele>22</ele>
        <time>2024-05-13T04:39:09+00:00</time>
      </trkpt>
      <trkpt lat="43.54397" lon="3.47923">
        <ele>21.7</ele>
      </trkpt>
      <trkpt lat="43.54495" lon="3.4792">
        <ele>23.1</ele>
        <time>2024-05-13T04:40:40+00:00</time>
      </trkpt>
      <trkpt lat="43.54543" lon="3.47911">
        <ele>24.1</ele>
        <time>2024-05-13T04:41:01+00:00</time>
      </trkpt>
      <trkpt lat="43.54759" lon="3.47956">
        <ele>23.6</ele>
      </trkpt>
      <trkpt lat="43.54838" lon="3.47982">
        <ele>24.4</ele>
        <time>2024-05-13T04:43:06+00:00</time>
      </trkpt>
      <trkpt lat="43.54868" lon="3.47998">
        <ele>25</ele>
      </trkpt>
      <trkpt lat="43.54891" lon="3.48018">
        <ele>25</ele>
      </trkpt>
      <trkpt lat="43.54918" lon="3.48044">
        <ele>23.3</ele>
      </trkpt>
      <trkpt lat="43.54992" lon="3.48102">
        <ele>22.9</ele>
      </trkpt>
      <trkpt lat="43.55005" lon="3.48114">
        <ele>23.5</ele>
      </trkpt>
      <trkpt lat="43.5503" lon="3.48126">
        <ele>23.5</ele>
      </trkpt>
      <trkpt lat="43.55039" lon="3.48137">
        <ele>23.4</ele>
        <time>2024-05-13T04:44:44+00:00</time>
      </trkpt>
      <trkpt lat="43.5506" lon="3.4817">
        <ele>22.4</ele>
        <time>2024-05-13T04:44:58+00:00</time>
      </trkpt>
      <trkpt lat="43.55075" lon="3.48175">
        <ele>21.9</ele>
      </trkpt>
      <trkpt lat="43.55087" lon="3.48185">
        <ele>21.4</ele>
        <time>2024-05-13T04:45:11+00:00</time>
      </trkpt>
      <trkpt lat="43.55097" lon="3.48189">
        <ele>22.3</ele>
      </trkpt>
      <trkpt lat="43.55106" lon="3.48184">
        <ele>23.5</ele>
      </trkpt>
      <trkpt lat="43.55147" lon="3.4819">
        <ele>24.2</ele>
      </trkpt>
      <trkpt lat="43.55154" lon="3.48187">
        <ele>24.4</ele>
        <time>2024-05-13T04:45:41+00:00</time>
      </trkpt>
      <trkpt lat="43.55162" lon="3.48177">
        <ele>24.3</ele>
      </trkpt>
      <trkpt lat="43.55169" lon="3.48176">
        <ele>24.4</ele>
        <time>2024-05-13T04:45:49+00:00</time>
      </trkpt>
      <trkpt lat="43.55211" lon="3.48204">
        <ele>24.5</ele>
      </trkpt>
      <trkpt lat="43.55238" lon="3.48218">
        <ele>24.6</ele>
      </trkpt>
      <trkpt lat="43.55247" lon="3.48226">
        <ele>23.8</ele>
      </trkpt>
      <trkpt lat="43.55269" lon="3.48236">
        <ele>23.9</ele>
        <time>2024-05-13T04:46:35+00:00</time>
      </trkpt>
      <trkpt lat="43.55298" lon="3.48265">
        <ele>23.7</ele>
      </trkpt>
      <trkpt lat="43.55321" lon="3.48294">
        <ele>24.2</ele>
        <time>2024-05-13T04:47:04+00:00</time>
      </trkpt>
      <trkpt lat="43.55337" lon="3.48329">
        <ele>24</ele>
        <time>2024-05-13T04:47:16+00:00</time>
      </trkpt>
      <trkpt lat="43.55368" lon="3.4835">
        <ele>23.4</ele>
        <time>2024-05-13T04:47:30+00:00</time>
      </trkpt>
      <trkpt lat="43.55377" lon="3.48378">
        <ele>22.8</ele>
        <time>2024-05-13T04:47:40+00:00</time>
      </trkpt>
      <trkpt lat="43.55378" lon="3.48452">
        <ele>23.1</ele>
        <time>2024-05-13T04:48:02+00:00</time>
      </trkpt>
      <trkpt lat="43.55392" lon="3.48467">
        <ele>22.4</ele>
        <time>2024-05-13T04:48:10+00:00</time>
      </trkpt>
      <trkpt lat="43.55408" lon="3.48452">
        <ele>24</ele>
      </trkpt>
      <trkpt lat="43.55412" lon="3.48438">
        <ele>24.6</ele>
      </trkpt>
      <trkpt lat="43.55435" lon="3.48406">
        <ele>24.4</ele>
      </trkpt>
      <trkpt lat="43.55447" lon="3.4838">
        <ele>24.1</ele>
        <time>2024-05-13T04:48:44+00:00</time>
      </trkpt>
      <trkpt lat="43.55471" lon="3.48326">
        <ele>24.2</ele>
      </trkpt>
      <trkpt lat="43.55481" lon="3.48306">
        <ele>24.7</ele>
        <time>2024-05-13T04:49:13+00:00</time>
      </trkpt>
      <trkpt lat="43.55479" lon="3.48293">
        <ele>25.3</ele>
        <time>2024-05-13T04:49:17+00:00</time>
      </trkpt>
      <trkpt lat="43.55487" lon="3.48296">
        <ele>25</ele>
        <time>2024-05-13T04:49:21+00:00</time>
      </trkpt>
      <trkpt lat="43.55527" lon="3.48239">
        <ele>26</ele>
      </trkpt>
      <trkpt lat="43.55555" lon="3.48181">
        <ele>26</ele>
      </trkpt>
      <trkpt lat="43.55604" lon="3.48095">
        <ele>26</ele>
      </trkpt>
      <trkpt lat="43.55637" lon="3.48033">
        <ele>26</ele>
      </trkpt>
      <trkpt lat="43.5567" lon="3.47981">
        <ele>26.9</ele>
      </trkpt>
      <trkpt lat="43.55696" lon="3.47952">
        <ele>26</ele>
        <time>2024-05-13T04:51:27+00:00</time>
      </trkpt>
      <trkpt lat="43.55814" lon="3.47843">
        <ele>27.4</ele>
      </trkpt>
      <trkpt lat="43.55844" lon="3.47821">
        <ele>27.4</ele>
      </trkpt>
      <trkpt lat="43.5589" lon="3.47777">
        <ele>29</ele>
        <time>2024-05-13T04:53:10+00:00</time>
      </trkpt>
      <trkpt lat="43.55935" lon="3.4773">
        <ele>29.3</ele>
      </trkpt>
      <trkpt lat="43.55988" lon="3.47668">
        <ele>29.4</ele>
        <time>2024-05-13T04:54:00+00:00</time>
      </trkpt>
      <trkpt lat="43.56042" lon="3.47626">
        <ele>28.7</ele>
      </trkpt>
      <trkpt lat="43.5612" lon="3.47531">
        <ele>29</ele>
      </trkpt>
      <trkpt lat="43.56149" lon="3.47503">
        <ele>29</ele>
      </trkpt>
      <trkpt lat="43.56181" lon="3.4747">
        <ele>29.5</ele>
      </trkpt>
      <trkpt lat="43.56215" lon="3.47437">
        <ele>29.2</ele>
      </trkpt>
      <trkpt lat="43.56369" lon="3.47317">
        <ele>29.9</ele>
      </trkpt>
      <trkpt lat="43.56391" lon="3.47298">
        <ele>30.3</ele>
      </trkpt>
      <trkpt lat="43.56441" lon="3.47264">
        <ele>30.6</ele>
      </trkpt>
      <trkpt lat="43.5647" lon="3.47249">
        <ele>30.1</ele>
      </trkpt>
      <trkpt lat="43.56494" lon="3.47235">
        <ele>30.2</ele>
      </trkpt>
      <trkpt lat="43.56502" lon="3.47218">
        <ele>30.8</ele>
      </trkpt>
      <trkpt lat="43.56503" lon="3.47193">
        <ele>31</ele>
      </trkpt>
      <trkpt lat="43.56501" lon="3.47133">
        <ele>33.8</ele>
      </trkpt>
      <trkpt lat="43.56509" lon="3.47118">
        <ele>36.3</ele>
      </trkpt>
      <trkpt lat="43.56546" lon="3.47109">
        <ele>38</ele>
      </trkpt>
      <trkpt lat="43.56692" lon="3.47047">
        <ele>36.1</ele>
      </trkpt>
      <trkpt lat="43.56743" lon="3.47026">
        <ele>36.6</ele>
      </trkpt>
      <trkpt lat="43.56771" lon="3.47005">
        <ele>36.1</ele>
      </trkpt>
      <trkpt lat="43.5679" lon="3.46981">
        <ele>37.3</ele>
      </trkpt>
      <trkpt lat="43.56807" lon="3.46939">
        <ele>37.2</ele>
      </trkpt>
      <trkpt lat="43.56819" lon="3.46893">
        <ele>38.4</ele>
      </trkpt>
      <trkpt lat="43.56826" lon="3.46857">
        <ele>38.7</ele>
      </trkpt>
      <trkpt lat="43.56833" lon="3.46787">
        <ele>39</ele>
      </trkpt>
      <trkpt lat="43.5684" lon="3.46748">
        <ele>39</ele>
      </trkpt>
      <trkpt lat="43.56856" lon="3.46694">
        <ele>39</ele>
      </trkpt>
      <trkpt lat="43.56867" lon="3.46647">
        <ele>39.2</ele>
      </trkpt>
      <trkpt lat="43.5687" lon="3.46609">
        <ele>39.3</ele>
        <time>2024-05-13T05:07:18+00:00</time>
      </trkpt>
      <trkpt lat="43.56871" lon="3.46562">
        <ele>40.1</ele>
        <time>2024-05-13T05:07:33+00:00</time>
      </trkpt>
      <trkpt lat="43.56953" lon="3.4653">
        <ele>42.7</ele>
        <time>2024-05-13T05:08:08+00:00</time>
      </trkpt>
      <trkpt lat="43.56907" lon="3.46366">
        <ele>44</ele>
      </trkpt>
      <trkpt lat="43.569" lon="3.46336">
        <ele>43.4</ele>
        <time>2024-05-13T05:09:15+00:00</time>
      </trkpt>
      <trkpt lat="43.569" lon="3.46306">
        <ele>42.3</ele>
      </trkpt>
      <trkpt lat="43.56909" lon="3.46189">
        <ele>42.3</ele>
      </trkpt>
      <trkpt lat="43.56909" lon="3.46168">
        <ele>42.3</ele>
        <time>2024-05-13T05:10:01+00:00</time>
      </trkpt>
      <trkpt lat="43.56861" lon="3.46166">
        <ele>43</ele>
        <time>2024-05-13T05:10:21+00:00</time>
      </trkpt>
      <trkpt lat="43.5686" lon="3.46122">
        <ele>43</ele>
      </trkpt>
      <trkpt lat="43.56843" lon="3.46048">
        <ele>44</ele>
        <time>2024-05-13T05:10:58+00:00</time>
      </trkpt>
      <trkpt lat="43.56848" lon="3.45969">
        <ele>45</ele>
        <time>2024-05-13T05:11:22+00:00</time>
      </trkpt>
      <trkpt lat="43.56788" lon="3.4591">
        <ele>46.2</ele>
        <time>2024-05-13T05:11:54+00:00</time>
      </trkpt>
      <trkpt lat="43.56867" lon="3.45702">
        <ele>53.8</ele>
        <time>2024-05-13T05:13:04+00:00</time>
      </trkpt>
      <trkpt lat="43.56897" lon="3.45564">
        <ele>58.4</ele>
        <time>2024-05-13T05:13:47+00:00</time>
      </trkpt>
      <trkpt lat="43.56899" lon="3.45507">
        <ele>58.6</ele>
      </trkpt>
      <trkpt lat="43.56902" lon="3.45424">
        <ele>56.2</ele>
      </trkpt>
      <trkpt lat="43.56908" lon="3.45371">
        <ele>54.5</ele>
      </trkpt>
      <trkpt lat="43.56912" lon="3.45363">
        <ele>53.9</ele>
        <time>2024-05-13T05:14:48+00:00</time>
      </trkpt>
      <trkpt lat="43.56899" lon="3.45278">
        <ele>55</ele>
        <time>2024-05-13T05:15:14+00:00</time>
      </trkpt>
      <trkpt lat="43.569" lon="3.45262">
        <ele>55.2</ele>
        <time>2024-05-13T05:15:20+00:00</time>
      </trkpt>
      <trkpt lat="43.56767" lon="3.45117">
        <ele>64.6</ele>
      </trkpt>
      <trkpt lat="43.56749" lon="3.4512">
        <ele>64.8</ele>
      </trkpt>
      <trkpt lat="43.56672" lon="3.45097">
        <ele>69.7</ele>
      </trkpt>
      <trkpt lat="43.56626" lon="3.4509">
        <ele>71.5</ele>
      </trkpt>
      <trkpt lat="43.56621" lon="3.45073">
        <ele>72</ele>
      </trkpt>
      <trkpt lat="43.56611" lon="3.45055">
        <ele>73</ele>
      </trkpt>
      <trkpt lat="43.56615" lon="3.45043">
        <ele>72.9</ele>
      </trkpt>
      <trkpt lat="43.56606" lon="3.45023">
        <ele>73</ele>
      </trkpt>
      <trkpt lat="43.56632" lon="3.44991">
        <ele>73</ele>
      </trkpt>
      <trkpt lat="43.56659" lon="3.44954">
        <ele>73.5</ele>
      </trkpt>
      <trkpt lat="43.56681" lon="3.4494">
        <ele>74.1</ele>
      </trkpt>
      <trkpt lat="43.56688" lon="3.44947">
        <ele>74</ele>
      </trkpt>
      <trkpt lat="43.56706" lon="3.44933">
        <ele>74.8</ele>
      </trkpt>
      <trkpt lat="43.56723" lon="3.44917">
        <ele>76</ele>
      </trkpt>
      <trkpt lat="43.56748" lon="3.44909">
        <ele>76.9</ele>
      </trkpt>
      <trkpt lat="43.56775" lon="3.44884">
        <ele>77</ele>
      </trkpt>
      <trkpt lat="43.56818" lon="3.44847">
        <ele>77</ele>
      </trkpt>
      <trkpt lat="43.56872" lon="3.44792">
        <ele>77.8</ele>
      </trkpt>
      <trkpt lat="43.57086" lon="3.4468">
        <ele>77.9</ele>
      </trkpt>
      <trkpt lat="43.57116" lon="3.44658">
        <ele>77.8</ele>
      </trkpt>
      <trkpt lat="43.57501" lon="3.44248">
        <ele>88.1</ele>
      </trkpt>
      <trkpt lat="43.57523" lon="3.44207">
        <ele>88.6</ele>
      </trkpt>
      <trkpt lat="43.57568" lon="3.44141">
        <ele>90.5</ele>
      </trkpt>
      <trkpt lat="43.57602" lon="3.44074">
        <ele>93.4</ele>
      </trkpt>
      <trkpt lat="43.57667" lon="3.4382">
        <ele>103.5</ele>
      </trkpt>
      <trkpt lat="43.57655" lon="3.43796">
        <ele>105.9</ele>
      </trkpt>
      <trkpt lat="43.57652" lon="3.43781">
        <ele>107.4</ele>
      </trkpt>
      <trkpt lat="43.57654" lon="3.437">
        <ele>111.8</ele>
      </trkpt>
      <trkpt lat="43.57677" lon="3.4366">
        <ele>113</ele>
      </trkpt>
      <trkpt lat="43.57685" lon="3.43632">
        <ele>114.5</ele>
      </trkpt>
      <trkpt lat="43.57696" lon="3.43576">
        <ele>116.3</ele>
      </trkpt>
      <trkpt lat="43.57716" lon="3.43529">
        <ele>118</ele>
      </trkpt>
      <trkpt lat="43.57716" lon="3.43517">
        <ele>118.1</ele>
      </trkpt>
      <trkpt lat="43.57708" lon="3.43507">
        <ele>118.4</ele>
      </trkpt>
      <trkpt lat="43.57665" lon="3.4349">
        <ele>119.1</ele>
      </trkpt>
      <trkpt lat="43.57719" lon="3.43306">
        <ele>120</ele>
      </trkpt>
      <trkpt lat="43.57738" lon="3.43251">
        <ele>120</ele>
      </trkpt>
      <trkpt lat="43.57769" lon="3.43184">
        <ele>120.7</ele>
      </trkpt>
      <trkpt lat="43.57788" lon="3.43144">
        <ele>121.1</ele>
      </trkpt>
      <trkpt lat="43.57808" lon="3.43125">
        <ele>120.4</ele>
      </trkpt>
      <trkpt lat="43.57839" lon="3.43105">
        <ele>119</ele>
      </trkpt>
      <trkpt lat="43.57976" lon="3.42985">
        <ele>115.5</ele>
      </trkpt>
      <trkpt lat="43.58002" lon="3.42988">
        <ele>115.5</ele>
      </trkpt>
      <trkpt lat="43.5804" lon="3.42994">
        <ele>116.6</ele>
      </trkpt>
      <trkpt lat="43.58128" lon="3.42995">
        <ele>120</ele>
      </trkpt>
      <trkpt lat="43.58155" lon="3.42986">
        <ele>120.7</ele>
      </trkpt>
      <trkpt lat="43.58201" lon="3.42978">
        <ele>119.9</ele>
      </trkpt>
      <trkpt lat="43.58223" lon="3.42968">
        <ele>118.1</ele>
      </trkpt>
      <trkpt lat="43.58236" lon="3.42944">
        <ele>117.6</ele>
      </trkpt>
      <trkpt lat="43.58275" lon="3.42872">
        <ele>116.6</ele>
      </trkpt>
      <trkpt lat="43.58303" lon="3.42847">
        <ele>115.3</ele>
      </trkpt>
      <trkpt lat="43.58341" lon="3.42839">
        <ele>115.3</ele>
      </trkpt>
      <trkpt lat="43.58352" lon="3.42828">
        <ele>115.7</ele>
      </trkpt>
      <trkpt lat="43.58364" lon="3.42804">
        <ele>116.2</ele>
      </trkpt>
      <trkpt lat="43.58385" lon="3.42747">
        <ele>117.6</ele>
      </trkpt>
      <trkpt lat="43.58398" lon="3.42709">
        <ele>117.7</ele>
      </trkpt>
      <trkpt lat="43.58415" lon="3.42682">
        <ele>118.5</ele>
      </trkpt>
      <trkpt lat="43.58454" lon="3.42641">
        <ele>121.1</ele>
      </trkpt>
      <trkpt lat="43.58478" lon="3.42614">
        <ele>122.5</ele>
      </trkpt>
      <trkpt lat="43.58505" lon="3.42574">
        <ele>123.5</ele>
      </trkpt>
      <trkpt lat="43.58516" lon="3.42542">
        <ele>124.7</ele>
      </trkpt>
      <trkpt lat="43.5853" lon="3.42505">
        <ele>125.3</ele>
      </trkpt>
      <trkpt lat="43.58587" lon="3.42388">
        <ele>128.3</ele>
      </trkpt>
      <trkpt lat="43.58617" lon="3.42347">
        <ele>129.9</ele>
      </trkpt>
      <trkpt lat="43.58649" lon="3.42272">
        <ele>129.2</ele>
      </trkpt>
      <trkpt lat="43.58695" lon="3.42381">
        <ele>135.1</ele>
      </trkpt>
      <trkpt lat="43.58728" lon="3.42434">
        <ele>140.2</ele>
      </trkpt>
      <trkpt lat="43.58751" lon="3.4245">
        <ele>143.3</ele>
      </trkpt>
      <trkpt lat="43.58908" lon="3.42518">
        <ele>136.8</ele>
      </trkpt>
      <trkpt lat="43.58923" lon="3.42527">
        <ele>135.1</ele>
      </trkpt>
      <trkpt lat="43.58931" lon="3.42504">
        <ele>135.7</ele>
      </trkpt>
      <trkpt lat="43.58936" lon="3.42495">
        <ele>135.9</ele>
      </trkpt>
      <trkpt lat="43.58951" lon="3.42483">
        <ele>135.1</ele>
      </trkpt>
      <trkpt lat="43.58969" lon="3.42448">
        <ele>135.1</ele>
      </trkpt>
      <trkpt lat="43.58985" lon="3.42388">
        <ele>135.3</ele>
      </trkpt>
      <trkpt lat="43.5899" lon="3.42371">
        <ele>136.3</ele>
      </trkpt>
      <trkpt lat="43.58989" lon="3.42344">
        <ele>138.9</ele>
      </trkpt>
      <trkpt lat="43.58993" lon="3.42328">
        <ele>139.3</ele>
      </trkpt>
      <trkpt lat="43.59039" lon="3.42273">
        <ele>136.9</ele>
      </trkpt>
      <trkpt lat="43.59043" lon="3.42259">
        <ele>137.1</ele>
      </trkpt>
      <trkpt lat="43.59042" lon="3.42246">
        <ele>138.1</ele>
      </trkpt>
      <trkpt lat="43.59032" lon="3.42213">
        <ele>141.9</ele>
      </trkpt>
      <trkpt lat="43.59026" lon="3.42192">
        <ele>144.5</ele>
      </trkpt>
      <trkpt lat="43.59021" lon="3.42141">
        <ele>148.8</ele>
      </trkpt>
      <trkpt lat="43.5902" lon="3.42124">
        <ele>150.4</ele>
      </trkpt>
      <trkpt lat="43.59024" lon="3.42098">
        <ele>150.2</ele>
      </trkpt>
      <trkpt lat="43.59023" lon="3.42076">
        <ele>149.6</ele>
      </trkpt>
      <trkpt lat="43.59013" lon="3.42052">
        <ele>150.5</ele>
      </trkpt>
      <trkpt lat="43.58995" lon="3.42037">
        <ele>153</ele>
      </trkpt>
      <trkpt lat="43.58969" lon="3.42028">
        <ele>155.3</ele>
      </trkpt>
      <trkpt lat="43.58965" lon="3.4202">
        <ele>155.2</ele>
        <time>2024-05-13T05:57:34+00:00</time>
      </trkpt>
      <trkpt lat="43.58993" lon="3.42022">
        <ele>151.9</ele>
      </trkpt>
      <trkpt lat="43.5901" lon="3.42026">
        <ele>148.5</ele>
        <time>2024-05-13T05:57:52+00:00</time>
      </trkpt>
      <trkpt lat="43.5908" lon="3.42084">
        <ele>132.8</ele>
        <time>2024-05-13T05:58:27+00:00</time>
      </trkpt>
      <trkpt lat="43.59126" lon="3.42111">
        <ele>122.2</ele>
        <time>2024-05-13T05:58:48+00:00</time>
      </trkpt>
      <trkpt lat="43.59134" lon="3.42129">
        <ele>120.3</ele>
      </trkpt>
      <trkpt lat="43.59147" lon="3.42183">
        <ele>114.4</ele>
      </trkpt>
      <trkpt lat="43.59151" lon="3.42203">
        <ele>111.8</ele>
      </trkpt>
      <trkpt lat="43.59161" lon="3.42232">
        <ele>107</ele>
        <time>2024-05-13T05:59:29+00:00</time>
      </trkpt>
      <trkpt lat="43.59153" lon="3.42298">
        <ele>102</ele>
        <time>2024-05-13T05:59:49+00:00</time>
      </trkpt>
      <trkpt lat="43.59157" lon="3.42333">
        <ele>98.2</ele>
        <time>2024-05-13T05:59:59+00:00</time>
      </trkpt>
      <trkpt lat="43.59195" lon="3.42398">
        <ele>86.3</ele>
        <time>2024-05-13T06:00:25+00:00</time>
      </trkpt>
      <trkpt lat="43.59203" lon="3.42408">
        <ele>85.2</ele>
      </trkpt>
      <trkpt lat="43.59226" lon="3.42426">
        <ele>83.7</ele>
        <time>2024-05-13T06:00:40+00:00</time>
      </trkpt>
      <trkpt lat="43.59229" lon="3.42444">
        <ele>83</ele>
      </trkpt>
      <trkpt lat="43.59227" lon="3.42507">
        <ele>82.6</ele>
        <time>2024-05-13T06:01:05+00:00</time>
      </trkpt>
      <trkpt lat="43.5925" lon="3.42593">
        <ele>83</ele>
      </trkpt>
      <trkpt lat="43.59258" lon="3.42633">
        <ele>82.7</ele>
        <time>2024-05-13T06:01:45+00:00</time>
      </trkpt>
      <trkpt lat="43.59303" lon="3.4271">
        <ele>82.4</ele>
      </trkpt>
      <trkpt lat="43.59371" lon="3.42812">
        <ele>82.7</ele>
        <time>2024-05-13T06:02:56+00:00</time>
      </trkpt>
      <trkpt lat="43.59392" lon="3.42813">
        <ele>84.2</ele>
        <time>2024-05-13T06:03:05+00:00</time>
      </trkpt>
      <trkpt lat="43.59395" lon="3.42643">
        <ele>86.3</ele>
        <time>2024-05-13T06:03:56+00:00</time>
      </trkpt>
      <trkpt lat="43.59409" lon="3.42631">
        <ele>87.4</ele>
      </trkpt>
      <trkpt lat="43.5944" lon="3.42585">
        <ele>88.8</ele>
      </trkpt>
      <trkpt lat="43.59473" lon="3.42529">
        <ele>91.1</ele>
        <time>2024-05-13T06:04:44+00:00</time>
      </trkpt>
      <trkpt lat="43.59484" lon="3.42426">
        <ele>94.7</ele>
        <time>2024-05-13T06:05:15+00:00</time>
      </trkpt>
      <trkpt lat="43.59497" lon="3.42402">
        <ele>96.1</ele>
        <time>2024-05-13T06:05:25+00:00</time>
      </trkpt>
      <trkpt lat="43.59553" lon="3.42378">
        <ele>100.4</ele>
      </trkpt>
      <trkpt lat="43.59562" lon="3.42378">
        <ele>101.3</ele>
      </trkpt>
      <trkpt lat="43.59579" lon="3.42371">
        <ele>102.6</ele>
        <time>2024-05-13T06:06:00+00:00</time>
      </trkpt>
      <trkpt lat="43.59604" lon="3.42356">
        <ele>105.7</ele>
      </trkpt>
      <trkpt lat="43.59627" lon="3.42337">
        <ele>106.2</ele>
        <time>2024-05-13T06:06:22+00:00</time>
      </trkpt>
      <trkpt lat="43.5964" lon="3.42335">
        <ele>107.3</ele>
        <time>2024-05-13T06:06:28+00:00</time>
      </trkpt>
      <trkpt lat="43.59685" lon="3.42354">
        <ele>111.7</ele>
      </trkpt>
      <trkpt lat="43.59712" lon="3.42361">
        <ele>112.6</ele>
      </trkpt>
      <trkpt lat="43.59737" lon="3.42375">
        <ele>114.5</ele>
        <time>2024-05-13T06:07:10+00:00</time>
      </trkpt>
      <trkpt lat="43.59746" lon="3.42372">
        <ele>114.6</ele>
        <time>2024-05-13T06:07:14+00:00</time>
      </trkpt>
      <trkpt lat="43.59765" lon="3.42302">
        <ele>120.5</ele>
      </trkpt>
      <trkpt lat="43.59765" lon="3.42292">
        <ele>121.8</ele>
        <time>2024-05-13T06:07:41+00:00</time>
      </trkpt>
      <trkpt lat="43.59759" lon="3.42286">
        <ele>122.3</ele>
      </trkpt>
      <trkpt lat="43.59758" lon="3.42276">
        <ele>123.8</ele>
        <time>2024-05-13T06:07:45+00:00</time>
      </trkpt>
      <trkpt lat="43.59779" lon="3.4227">
        <ele>125.8</ele>
        <time>2024-05-13T06:07:56+00:00</time>
      </trkpt>
      <trkpt lat="43.59802" lon="3.42286">
        <ele>126.1</ele>
      </trkpt>
      <trkpt lat="43.59817" lon="3.42302">
        <ele>125.7</ele>
        <time>2024-05-13T06:08:15+00:00</time>
      </trkpt>
      <trkpt lat="43.59827" lon="3.42309">
        <ele>126.5</ele>
      </trkpt>
      <trkpt lat="43.59878" lon="3.4231">
        <ele>133.4</ele>
        <time>2024-05-13T06:08:41+00:00</time>
      </trkpt>
      <trkpt lat="43.59917" lon="3.42333">
        <ele>137.1</ele>
        <time>2024-05-13T06:09:00+00:00</time>
      </trkpt>
      <trkpt lat="43.59968" lon="3.42339">
        <ele>142.7</ele>
        <time>2024-05-13T06:09:21+00:00</time>
      </trkpt>
      <trkpt lat="43.59989" lon="3.42351">
        <ele>145</ele>
      </trkpt>
      <trkpt lat="43.60006" lon="3.42358">
        <ele>146.9</ele>
      </trkpt>
      <trkpt lat="43.60034" lon="3.42364">
        <ele>150.1</ele>
        <time>2024-05-13T06:09:51+00:00</time>
      </trkpt>
      <trkpt lat="43.60049" lon="3.42378">
        <ele>152</ele>
      </trkpt>
      <trkpt lat="43.60062" lon="3.42404">
        <ele>152.6</ele>
      </trkpt>
      <trkpt lat="43.60076" lon="3.42427">
        <ele>155</ele>
      </trkpt>
      <trkpt lat="43.60089" lon="3.42439">
        <ele>156.8</ele>
        <time>2024-05-13T06:10:22+00:00</time>
      </trkpt>
      <trkpt lat="43.60137" lon="3.42437">
        <ele>157.9</ele>
        <time>2024-05-13T06:10:44+00:00</time>
      </trkpt>
      <trkpt lat="43.60173" lon="3.42452">
        <ele>155.5</ele>
        <time>2024-05-13T06:11:00+00:00</time>
      </trkpt>
      <trkpt lat="43.60221" lon="3.42491">
        <ele>151.5</ele>
        <time>2024-05-13T06:11:23+00:00</time>
      </trkpt>
      <trkpt lat="43.60241" lon="3.42496">
        <ele>150</ele>
        <time>2024-05-13T06:11:32+00:00</time>
      </trkpt>
      <trkpt lat="43.60272" lon="3.42489">
        <ele>152.1</ele>
        <time>2024-05-13T06:11:46+00:00</time>
      </trkpt>
      <trkpt lat="43.60279" lon="3.42448">
        <ele>156.2</ele>
        <time>2024-05-13T06:12:00+00:00</time>
      </trkpt>
      <trkpt lat="43.60283" lon="3.42449">
        <ele>157.9</ele>
        <time>2024-05-13T06:12:03+00:00</time>
      </trkpt>
      <trkpt lat="43.6029" lon="3.42491">
        <ele>156.7</ele>
        <time>2024-05-13T06:12:16+00:00</time>
      </trkpt>
      <trkpt lat="43.60369" lon="3.42597">
        <ele>164.3</ele>
        <time>2024-05-13T06:13:03+00:00</time>
      </trkpt>
      <trkpt lat="43.60461" lon="3.42675">
        <ele>169.2</ele>
        <time>2024-05-13T06:13:48+00:00</time>
      </trkpt>
      <trkpt lat="43.60506" lon="3.42677">
        <ele>173.1</ele>
        <time>2024-05-13T06:14:08+00:00</time>
      </trkpt>
      <trkpt lat="43.60529" lon="3.42672">
        <ele>173.9</ele>
      </trkpt>
      <trkpt lat="43.60552" lon="3.4266">
        <ele>175.3</ele>
        <time>2024-05-13T06:14:29+00:00</time>
      </trkpt>
      <trkpt lat="43.6058" lon="3.4262">
        <ele>180.4</ele>
        <time>2024-05-13T06:14:46+00:00</time>
      </trkpt>
      <trkpt lat="43.60592" lon="3.4262">
        <ele>180.8</ele>
        <time>2024-05-13T06:14:52+00:00</time>
      </trkpt>
      <trkpt lat="43.60633" lon="3.42662">
        <ele>175.4</ele>
        <time>2024-05-13T06:15:13+00:00</time>
      </trkpt>
      <trkpt lat="43.60649" lon="3.42665">
        <ele>176.2</ele>
        <time>2024-05-13T06:15:20+00:00</time>
      </trkpt>
      <trkpt lat="43.607" lon="3.42653">
        <ele>182.2</ele>
        <time>2024-05-13T06:15:42+00:00</time>
      </trkpt>
      <trkpt lat="43.60722" lon="3.42633">
        <ele>187.8</ele>
      </trkpt>
      <trkpt lat="43.60739" lon="3.42606">
        <ele>189.5</ele>
        <time>2024-05-13T06:16:01+00:00</time>
      </trkpt>
      <trkpt lat="43.60757" lon="3.42529">
        <ele>193.8</ele>
        <time>2024-05-13T06:16:29+00:00</time>
      </trkpt>
      <trkpt lat="43.60789" lon="3.42455">
        <ele>192.8</ele>
        <time>2024-05-13T06:16:55+00:00</time>
      </trkpt>
      <trkpt lat="43.60802" lon="3.42404">
        <ele>194.7</ele>
      </trkpt>
      <trkpt lat="43.60808" lon="3.42338">
        <ele>199.1</ele>
        <time>2024-05-13T06:17:32+00:00</time>
      </trkpt>
      <trkpt lat="43.60843" lon="3.42244">
        <ele>200.8</ele>
        <time>2024-05-13T06:18:05+00:00</time>
      </trkpt>
      <trkpt lat="43.60859" lon="3.42226">
        <ele>199.7</ele>
      </trkpt>
      <trkpt lat="43.60905" lon="3.42184">
        <ele>198.7</ele>
        <time>2024-05-13T06:18:36+00:00</time>
      </trkpt>
      <trkpt lat="43.60923" lon="3.42157">
        <ele>199.8</ele>
      </trkpt>
      <trkpt lat="43.60927" lon="3.42136">
        <ele>203.1</ele>
        <time>2024-05-13T06:18:54+00:00</time>
      </trkpt>
      <trkpt lat="43.60928" lon="3.42106">
        <ele>206.7</ele>
        <time>2024-05-13T06:19:04+00:00</time>
      </trkpt>
      <trkpt lat="43.60934" lon="3.42097">
        <ele>206.4</ele>
      </trkpt>
      <trkpt lat="43.60945" lon="3.42095">
        <ele>204.9</ele>
        <time>2024-05-13T06:19:12+00:00</time>
      </trkpt>
      <trkpt lat="43.60978" lon="3.42092">
        <ele>204</ele>
        <time>2024-05-13T06:19:28+00:00</time>
      </trkpt>
      <trkpt lat="43.60997" lon="3.42079">
        <ele>204.4</ele>
        <time>2024-05-13T06:19:37+00:00</time>
      </trkpt>
      <trkpt lat="43.61045" lon="3.42004">
        <ele>209.5</ele>
      </trkpt>
      <trkpt lat="43.61079" lon="3.41941">
        <ele>210.2</ele>
        <time>2024-05-13T06:20:31+00:00</time>
      </trkpt>
      <trkpt lat="43.61087" lon="3.41905">
        <ele>210</ele>
      </trkpt>
      <trkpt lat="43.6109" lon="3.41865">
        <ele>210</ele>
      </trkpt>
      <trkpt lat="43.6109" lon="3.41829">
        <ele>210.3</ele>
        <time>2024-05-13T06:21:05+00:00</time>
      </trkpt>
      <trkpt lat="43.61098" lon="3.41817">
        <ele>209</ele>
        <time>2024-05-13T06:21:11+00:00</time>
      </trkpt>
      <trkpt lat="43.61118" lon="3.41855">
        <ele>203.8</ele>
        <time>2024-05-13T06:21:26+00:00</time>
      </trkpt>
      <trkpt lat="43.61132" lon="3.41866">
        <ele>202.1</ele>
        <time>2024-05-13T06:21:33+00:00</time>
      </trkpt>
      <trkpt lat="43.6114" lon="3.4186">
        <ele>202.1</ele>
        <time>2024-05-13T06:21:37+00:00</time>
      </trkpt>
      <trkpt lat="43.61149" lon="3.41821">
        <ele>205.2</ele>
        <time>2024-05-13T06:21:50+00:00</time>
      </trkpt>
      <trkpt lat="43.61149" lon="3.41775">
        <ele>209.2</ele>
        <time>2024-05-13T06:22:04+00:00</time>
      </trkpt>
      <trkpt lat="43.6116" lon="3.417">
        <ele>216.9</ele>
      </trkpt>
      <trkpt lat="43.61186" lon="3.41591">
        <ele>223.3</ele>
      </trkpt>
      <trkpt lat="43.61189" lon="3.41538">
        <ele>225.6</ele>
      </trkpt>
      <trkpt lat="43.61196" lon="3.41516">
        <ele>226</ele>
        <time>2024-05-13T06:23:25+00:00</time>
      </trkpt>
      <trkpt lat="43.6121" lon="3.41468">
        <ele>226.6</ele>
      </trkpt>
      <trkpt lat="43.61231" lon="3.4143">
        <ele>225.4</ele>
        <time>2024-05-13T06:23:56+00:00</time>
      </trkpt>
      <trkpt lat="43.61246" lon="3.41429">
        <ele>223.4</ele>
      </trkpt>
      <trkpt lat="43.6126" lon="3.41434">
        <ele>223.1</ele>
        <time>2024-05-13T06:24:09+00:00</time>
      </trkpt>
      <trkpt lat="43.61277" lon="3.41448">
        <ele>225.2</ele>
        <time>2024-05-13T06:24:17+00:00</time>
      </trkpt>
      <trkpt lat="43.61289" lon="3.41478">
        <ele>229.3</ele>
      </trkpt>
      <trkpt lat="43.61302" lon="3.41535">
        <ele>235.1</ele>
        <time>2024-05-13T06:24:48+00:00</time>
      </trkpt>
      <trkpt lat="43.61309" lon="3.41531">
        <ele>237.1</ele>
      </trkpt>
      <trkpt lat="43.61321" lon="3.41499">
        <ele>238.4</ele>
        <time>2024-05-13T06:25:04+00:00</time>
      </trkpt>
      <trkpt lat="43.61331" lon="3.41496">
        <ele>240.9</ele>
      </trkpt>
      <trkpt lat="43.61349" lon="3.4149">
        <ele>245.3</ele>
      </trkpt>
      <trkpt lat="43.61361" lon="3.41482">
        <ele>247.4</ele>
      </trkpt>
      <trkpt lat="43.61373" lon="3.41482">
        <ele>249</ele>
        <time>2024-05-13T06:25:28+00:00</time>
      </trkpt>
      <trkpt lat="43.61384" lon="3.415">
        <ele>252.4</ele>
      </trkpt>
      <trkpt lat="43.61395" lon="3.41541">
        <ele>256.6</ele>
      </trkpt>
      <trkpt lat="43.61395" lon="3.41557">
        <ele>258.2</ele>
      </trkpt>
      <trkpt lat="43.61379" lon="3.41565">
        <ele>257.2</ele>
      </trkpt>
      <trkpt lat="43.6138" lon="3.41574">
        <ele>257.7</ele>
      </trkpt>
      <trkpt lat="43.61405" lon="3.41582">
        <ele>261</ele>
      </trkpt>
      <trkpt lat="43.61434" lon="3.416">
        <ele>263.8</ele>
      </trkpt>
      <trkpt lat="43.61453" lon="3.41622">
        <ele>265.3</ele>
      </trkpt>
      <trkpt lat="43.61468" lon="3.41666">
        <ele>268.2</ele>
      </trkpt>
      <trkpt lat="43.61479" lon="3.41674">
        <ele>268.5</ele>
      </trkpt>
      <trkpt lat="43.615" lon="3.41678">
        <ele>267.8</ele>
      </trkpt>
      <trkpt lat="43.61513" lon="3.41691">
        <ele>266.4</ele>
      </trkpt>
      <trkpt lat="43.61517" lon="3.4171">
        <ele>267.4</ele>
      </trkpt>
      <trkpt lat="43.61516" lon="3.41763">
        <ele>270.5</ele>
      </trkpt>
      <trkpt lat="43.61518" lon="3.41786">
        <ele>271.1</ele>
      </trkpt>
      <trkpt lat="43.61528" lon="3.41815">
        <ele>272</ele>
      </trkpt>
      <trkpt lat="43.61544" lon="3.41837">
        <ele>273.3</ele>
      </trkpt>
      <trkpt lat="43.61559" lon="3.41846">
        <ele>275.3</ele>
      </trkpt>
      <trkpt lat="43.61585" lon="3.41843">
        <ele>277.6</ele>
      </trkpt>
      <trkpt lat="43.61669" lon="3.4178">
        <ele>281.4</ele>
      </trkpt>
      <trkpt lat="43.61705" lon="3.41739">
        <ele>280.9</ele>
      </trkpt>
      <trkpt lat="43.61725" lon="3.41743">
        <ele>280.3</ele>
      </trkpt>
      <trkpt lat="43.6179" lon="3.41818">
        <ele>274</ele>
      </trkpt>
      <trkpt lat="43.61814" lon="3.41856">
        <ele>271.2</ele>
      </trkpt>
      <trkpt lat="43.6182" lon="3.4188">
        <ele>269.8</ele>
      </trkpt>
      <trkpt lat="43.6182" lon="3.41901">
        <ele>269.2</ele>
      </trkpt>
      <trkpt lat="43.61816" lon="3.41954">
        <ele>269</ele>
      </trkpt>
      <trkpt lat="43.61821" lon="3.41968">
        <ele>268</ele>
      </trkpt>
      <trkpt lat="43.61827" lon="3.41984">
        <ele>267.6</ele>
      </trkpt>
      <trkpt lat="43.61863" lon="3.42014">
        <ele>263.6</ele>
      </trkpt>
      <trkpt lat="43.61889" lon="3.42041">
        <ele>261.4</ele>
      </trkpt>
      <trkpt lat="43.61918" lon="3.42059">
        <ele>258.3</ele>
      </trkpt>
      <trkpt lat="43.61951" lon="3.42089">
        <ele>256.9</ele>
      </trkpt>
      <trkpt lat="43.61977" lon="3.42107">
        <ele>254.7</ele>
      </trkpt>
      <trkpt lat="43.61999" lon="3.42114">
        <ele>252.5</ele>
      </trkpt>
      <trkpt lat="43.6209" lon="3.42129">
        <ele>248.3</ele>
      </trkpt>
      <trkpt lat="43.62134" lon="3.42148">
        <ele>242</ele>
      </trkpt>
      <trkpt lat="43.62116" lon="3.42101">
        <ele>240.2</ele>
      </trkpt>
      <trkpt lat="43.62089" lon="3.42078">
        <ele>237.4</ele>
      </trkpt>
      <trkpt lat="43.62067" lon="3.42064">
        <ele>235.4</ele>
      </trkpt>
      <trkpt lat="43.62031" lon="3.42046">
        <ele>234.3</ele>
      </trkpt>
      <trkpt lat="43.61999" lon="3.42022">
        <ele>232.7</ele>
      </trkpt>
      <trkpt lat="43.61971" lon="3.41985">
        <ele>229.4</ele>
      </trkpt>
      <trkpt lat="43.61948" lon="3.41963">
        <ele>230.5</ele>
      </trkpt>
      <trkpt lat="43.61951" lon="3.41941">
        <ele>227</ele>
      </trkpt>
      <trkpt lat="43.61992" lon="3.41917">
        <ele>218.4</ele>
      </trkpt>
      <trkpt lat="43.6201" lon="3.4189">
        <ele>215.3</ele>
      </trkpt>
      <trkpt lat="43.62011" lon="3.41867">
        <ele>217.1</ele>
      </trkpt>
      <trkpt lat="43.62004" lon="3.41841">
        <ele>217.1</ele>
      </trkpt>
      <trkpt lat="43.61946" lon="3.41734">
        <ele>212.2</ele>
      </trkpt>
      <trkpt lat="43.61914" lon="3.41689">
        <ele>208.2</ele>
      </trkpt>
      <trkpt lat="43.61877" lon="3.41644">
        <ele>207.1</ele>
      </trkpt>
      <trkpt lat="43.61868" lon="3.41617">
        <ele>203.1</ele>
      </trkpt>
      <trkpt lat="43.6185" lon="3.41585">
        <ele>202.3</ele>
      </trkpt>
      <trkpt lat="43.6185" lon="3.41578">
        <ele>201</ele>
      </trkpt>
      <trkpt lat="43.61856" lon="3.41579">
        <ele>198.8</ele>
      </trkpt>
      <trkpt lat="43.61893" lon="3.41618">
        <ele>195.1</ele>
      </trkpt>
      <trkpt lat="43.61901" lon="3.41611">
        <ele>192.2</ele>
      </trkpt>
      <trkpt lat="43.61898" lon="3.41596">
        <ele>191</ele>
      </trkpt>
      <trkpt lat="43.61886" lon="3.41572">
        <ele>190.4</ele>
      </trkpt>
      <trkpt lat="43.61882" lon="3.41537">
        <ele>187.7</ele>
      </trkpt>
      <trkpt lat="43.61886" lon="3.41519">
        <ele>185.6</ele>
      </trkpt>
      <trkpt lat="43.61896" lon="3.41504">
        <ele>183.7</ele>
      </trkpt>
      <trkpt lat="43.61911" lon="3.41494">
        <ele>182.7</ele>
      </trkpt>
      <trkpt lat="43.61939" lon="3.41513">
        <ele>180.8</ele>
      </trkpt>
      <trkpt lat="43.61978" lon="3.41562">
        <ele>177.6</ele>
      </trkpt>
      <trkpt lat="43.62007" lon="3.41603">
        <ele>175.7</ele>
      </trkpt>
      <trkpt lat="43.62022" lon="3.41629">
        <ele>174.9</ele>
      </trkpt>
      <trkpt lat="43.62071" lon="3.41676">
        <ele>172</ele>
      </trkpt>
      <trkpt lat="43.62127" lon="3.41734">
        <ele>169.6</ele>
      </trkpt>
      <trkpt lat="43.6217" lon="3.41783">
        <ele>165.8</ele>
      </trkpt>
      <trkpt lat="43.62218" lon="3.41822">
        <ele>161</ele>
      </trkpt>
      <trkpt lat="43.62289" lon="3.41867">
        <ele>151.7</ele>
      </trkpt>
      <trkpt lat="43.62349" lon="3.41893">
        <ele>144.6</ele>
      </trkpt>
      <trkpt lat="43.62392" lon="3.41906">
        <ele>140.9</ele>
      </trkpt>
      <trkpt lat="43.62404" lon="3.4191">
        <ele>139</ele>
      </trkpt>
      <trkpt lat="43.62406" lon="3.41852">
        <ele>139.5</ele>
      </trkpt>
      <trkpt lat="43.62393" lon="3.4177">
        <ele>140.9</ele>
      </trkpt>
      <trkpt lat="43.62376" lon="3.4173">
        <ele>140.1</ele>
      </trkpt>
      <trkpt lat="43.62357" lon="3.41712">
        <ele>140.9</ele>
      </trkpt>
      <trkpt lat="43.62348" lon="3.41678">
        <ele>140.7</ele>
      </trkpt>
      <trkpt lat="43.62328" lon="3.4163">
        <ele>142.4</ele>
      </trkpt>
      <trkpt lat="43.62309" lon="3.41567">
        <ele>143.6</ele>
      </trkpt>
      <trkpt lat="43.62297" lon="3.41547">
        <ele>144.2</ele>
      </trkpt>
      <trkpt lat="43.62311" lon="3.41465">
        <ele>143.7</ele>
      </trkpt>
      <trkpt lat="43.62312" lon="3.41437">
        <ele>144</ele>
      </trkpt>
      <trkpt lat="43.62309" lon="3.41406">
        <ele>144.8</ele>
      </trkpt>
      <trkpt lat="43.62298" lon="3.4134">
        <ele>145.2</ele>
      </trkpt>
      <trkpt lat="43.62297" lon="3.41228">
        <ele>146.9</ele>
      </trkpt>
      <trkpt lat="43.62304" lon="3.41223">
        <ele>146.1</ele>
      </trkpt>
      <trkpt lat="43.62345" lon="3.41222">
        <ele>145</ele>
      </trkpt>
      <trkpt lat="43.6236" lon="3.4122">
        <ele>145</ele>
      </trkpt>
      <trkpt lat="43.62388" lon="3.41202">
        <ele>145</ele>
      </trkpt>
      <trkpt lat="43.62418" lon="3.41224">
        <ele>144</ele>
      </trkpt>
      <trkpt lat="43.62461" lon="3.41258">
        <ele>144.4</ele>
      </trkpt>
      <trkpt lat="43.62485" lon="3.41321">
        <ele>143.5</ele>
      </trkpt>
      <trkpt lat="43.62536" lon="3.41366">
        <ele>142.7</ele>
      </trkpt>
      <trkpt lat="43.62593" lon="3.41387">
        <ele>139.4</ele>
      </trkpt>
      <trkpt lat="43.62603" lon="3.41403">
        <ele>139.7</ele>
      </trkpt>
      <trkpt lat="43.62623" lon="3.41442">
        <ele>141.3</ele>
      </trkpt>
      <trkpt lat="43.62646" lon="3.41479">
        <ele>141.8</ele>
      </trkpt>
      <trkpt lat="43.62693" lon="3.41537">
        <ele>139.7</ele>
      </trkpt>
      <trkpt lat="43.62713" lon="3.41561">
        <ele>138.9</ele>
      </trkpt>
      <trkpt lat="43.62736" lon="3.4156">
        <ele>139.5</ele>
      </trkpt>
      <trkpt lat="43.62775" lon="3.41558">
        <ele>140</ele>
      </trkpt>
      <trkpt lat="43.62799" lon="3.41567">
        <ele>140.8</ele>
      </trkpt>
      <trkpt lat="43.62875" lon="3.4163">
        <ele>142.5</ele>
      </trkpt>
      <trkpt lat="43.62886" lon="3.41624">
        <ele>142.9</ele>
      </trkpt>
      <trkpt lat="43.6294" lon="3.41584">
        <ele>146.5</ele>
      </trkpt>
      <trkpt lat="43.62972" lon="3.41549">
        <ele>147.7</ele>
      </trkpt>
      <trkpt lat="43.62995" lon="3.41509">
        <ele>148.8</ele>
      </trkpt>
      <trkpt lat="43.63011" lon="3.41478">
        <ele>150.2</ele>
      </trkpt>
      <trkpt lat="43.63021" lon="3.41471">
        <ele>150.8</ele>
      </trkpt>
      <trkpt lat="43.6303" lon="3.41471">
        <ele>151.2</ele>
      </trkpt>
      <trkpt lat="43.63061" lon="3.4152">
        <ele>151.5</ele>
      </trkpt>
      <trkpt lat="43.63076" lon="3.41545">
        <ele>151.1</ele>
      </trkpt>
      <trkpt lat="43.63107" lon="3.41566">
        <ele>152.3</ele>
      </trkpt>
      <trkpt lat="43.63131" lon="3.41608">
        <ele>150.6</ele>
      </trkpt>
      <trkpt lat="43.63151" lon="3.4164">
        <ele>149.4</ele>
      </trkpt>
      <trkpt lat="43.63174" lon="3.4166">
        <ele>148.7</ele>
      </trkpt>
      <trkpt lat="43.63216" lon="3.41684">
        <ele>148.7</ele>
      </trkpt>
      <trkpt lat="43.63234" lon="3.41722">
        <ele>148.3</ele>
      </trkpt>
      <trkpt lat="43.6325" lon="3.41769">
        <ele>149</ele>
      </trkpt>
      <trkpt lat="43.63257" lon="3.4178">
        <ele>149.1</ele>
      </trkpt>
      <trkpt lat="43.63267" lon="3.41772">
        <ele>149.1</ele>
      </trkpt>
      <trkpt lat="43.63279" lon="3.41758">
        <ele>149.8</ele>
      </trkpt>
      <trkpt lat="43.63292" lon="3.41757">
        <ele>151</ele>
      </trkpt>
      <trkpt lat="43.6331" lon="3.41773">
        <ele>150.9</ele>
      </trkpt>
      <trkpt lat="43.63332" lon="3.41793">
        <ele>152.4</ele>
      </trkpt>
      <trkpt lat="43.63346" lon="3.41798">
        <ele>152.6</ele>
      </trkpt>
      <trkpt lat="43.63423" lon="3.41805">
        <ele>155.4</ele>
      </trkpt>
      <trkpt lat="43.63452" lon="3.41831">
        <ele>156.4</ele>
      </trkpt>
      <trkpt lat="43.63459" lon="3.41835">
        <ele>156.5</ele>
      </trkpt>
      <trkpt lat="43.63516" lon="3.41841">
        <ele>158.3</ele>
      </trkpt>
      <trkpt lat="43.63529" lon="3.41842">
        <ele>158.7</ele>
      </trkpt>
      <trkpt lat="43.63563" lon="3.41844">
        <ele>159</ele>
      </trkpt>
      <trkpt lat="43.63569" lon="3.41852">
        <ele>159</ele>
      </trkpt>
      <trkpt lat="43.63577" lon="3.41863">
        <ele>158.7</ele>
      </trkpt>
      <trkpt lat="43.63588" lon="3.41866">
        <ele>158.8</ele>
      </trkpt>
      <trkpt lat="43.63595" lon="3.41859">
        <ele>159.2</ele>
      </trkpt>
      <trkpt lat="43.63599" lon="3.41851">
        <ele>159.9</ele>
      </trkpt>
      <trkpt lat="43.63609" lon="3.41845">
        <ele>160.7</ele>
      </trkpt>
      <trkpt lat="43.63618" lon="3.41841">
        <ele>161.3</ele>
      </trkpt>
      <trkpt lat="43.63741" lon="3.41852">
        <ele>165.1</ele>
      </trkpt>
      <trkpt lat="43.63834" lon="3.41858">
        <ele>172.1</ele>
      </trkpt>
      <trkpt lat="43.63916" lon="3.41865">
        <ele>178.4</ele>
      </trkpt>
      <trkpt lat="43.6396" lon="3.41867">
        <ele>179.4</ele>
      </trkpt>
      <trkpt lat="43.63973" lon="3.41865">
        <ele>179.5</ele>
      </trkpt>
      <trkpt lat="43.6399" lon="3.4185">
        <ele>181.6</ele>
      </trkpt>
      <trkpt lat="43.64041" lon="3.41795">
        <ele>188.1</ele>
      </trkpt>
      <trkpt lat="43.64047" lon="3.41788">
        <ele>188.5</ele>
      </trkpt>
      <trkpt lat="43.64057" lon="3.41777">
        <ele>189</ele>
      </trkpt>
      <trkpt lat="43.64063" lon="3.41763">
        <ele>189.4</ele>
      </trkpt>
      <trkpt lat="43.64066" lon="3.4174">
        <ele>189.6</ele>
      </trkpt>
      <trkpt lat="43.64062" lon="3.41712">
        <ele>190.2</ele>
      </trkpt>
      <trkpt lat="43.64053" lon="3.41667">
        <ele>189.7</ele>
      </trkpt>
      <trkpt lat="43.6403" lon="3.41609">
        <ele>189.3</ele>
      </trkpt>
      <trkpt lat="43.64019" lon="3.41567">
        <ele>192.2</ele>
      </trkpt>
      <trkpt lat="43.64015" lon="3.41536">
        <ele>191.8</ele>
      </trkpt>
      <trkpt lat="43.64014" lon="3.41479">
        <ele>188.8</ele>
      </trkpt>
      <trkpt lat="43.64012" lon="3.41462">
        <ele>188.9</ele>
      </trkpt>
      <trkpt lat="43.63998" lon="3.41368">
        <ele>189.2</ele>
      </trkpt>
      <trkpt lat="43.64" lon="3.41351">
        <ele>188.3</ele>
      </trkpt>
      <trkpt lat="43.64008" lon="3.41343">
        <ele>187.4</ele>
      </trkpt>
      <trkpt lat="43.64027" lon="3.41331">
        <ele>185.3</ele>
      </trkpt>
      <trkpt lat="43.64041" lon="3.41316">
        <ele>185.8</ele>
      </trkpt>
      <trkpt lat="43.64059" lon="3.41259">
        <ele>188.7</ele>
      </trkpt>
      <trkpt lat="43.64054" lon="3.4124">
        <ele>189.4</ele>
      </trkpt>
      <trkpt lat="43.64028" lon="3.41074">
        <ele>193.3</ele>
      </trkpt>
      <trkpt lat="43.64006" lon="3.40948">
        <ele>197.1</ele>
      </trkpt>
      <trkpt lat="43.63996" lon="3.40926">
        <ele>198.3</ele>
      </trkpt>
      <trkpt lat="43.63902" lon="3.40784">
        <ele>201.8</ele>
      </trkpt>
      <trkpt lat="43.63824" lon="3.40666">
        <ele>206</ele>
      </trkpt>
      <trkpt lat="43.63782" lon="3.40603">
        <ele>208.3</ele>
      </trkpt>
      <trkpt lat="43.63746" lon="3.40542">
        <ele>209.6</ele>
      </trkpt>
      <trkpt lat="43.63726" lon="3.40497">
        <ele>212.1</ele>
      </trkpt>
      <trkpt lat="43.63682" lon="3.40395">
        <ele>214.2</ele>
      </trkpt>
      <trkpt lat="43.63677" lon="3.40365">
        <ele>213.5</ele>
      </trkpt>
      <trkpt lat="43.6365" lon="3.403">
        <ele>210.8</ele>
      </trkpt>
      <trkpt lat="43.6364" lon="3.40263">
        <ele>209.6</ele>
      </trkpt>
      <trkpt lat="43.63627" lon="3.40212">
        <ele>209.3</ele>
      </trkpt>
      <trkpt lat="43.63633" lon="3.40203">
        <ele>209.1</ele>
      </trkpt>
      <trkpt lat="43.63647" lon="3.40206">
        <ele>208.6</ele>
      </trkpt>
      <trkpt lat="43.63666" lon="3.40188">
        <ele>207</ele>
      </trkpt>
      <trkpt lat="43.63677" lon="3.4017">
        <ele>206.7</ele>
      </trkpt>
      <trkpt lat="43.6368" lon="3.40158">
        <ele>205.9</ele>
      </trkpt>
      <trkpt lat="43.63697" lon="3.40139">
        <ele>204</ele>
      </trkpt>
      <trkpt lat="43.63712" lon="3.40122">
        <ele>203</ele>
      </trkpt>
      <trkpt lat="43.6372" lon="3.4011">
        <ele>202</ele>
      </trkpt>
      <trkpt lat="43.6374" lon="3.40093">
        <ele>202.4</ele>
      </trkpt>
      <trkpt lat="43.63751" lon="3.40077">
        <ele>202.4</ele>
      </trkpt>
      <trkpt lat="43.63757" lon="3.4006">
        <ele>201</ele>
      </trkpt>
      <trkpt lat="43.63756" lon="3.40042">
        <ele>200</ele>
      </trkpt>
      <trkpt lat="43.63743" lon="3.40021">
        <ele>200.7</ele>
      </trkpt>
      <trkpt lat="43.63742" lon="3.40012">
        <ele>200.7</ele>
      </trkpt>
      <trkpt lat="43.63747" lon="3.39987">
        <ele>199.7</ele>
      </trkpt>
      <trkpt lat="43.63742" lon="3.39955">
        <ele>199.6</ele>
      </trkpt>
      <trkpt lat="43.63746" lon="3.39945">
        <ele>199.3</ele>
      </trkpt>
      <trkpt lat="43.6376" lon="3.39942">
        <ele>197.6</ele>
      </trkpt>
      <trkpt lat="43.63773" lon="3.39947">
        <ele>196.6</ele>
      </trkpt>
      <trkpt lat="43.63793" lon="3.39966">
        <ele>195.8</ele>
      </trkpt>
      <trkpt lat="43.63801" lon="3.39966">
        <ele>195.3</ele>
      </trkpt>
      <trkpt lat="43.63836" lon="3.39952">
        <ele>192.3</ele>
      </trkpt>
      <trkpt lat="43.63877" lon="3.39922">
        <ele>189</ele>
      </trkpt>
      <trkpt lat="43.63937" lon="3.39919">
        <ele>190.8</ele>
      </trkpt>
      <trkpt lat="43.63982" lon="3.39896">
        <ele>186.5</ele>
      </trkpt>
      <trkpt lat="43.64001" lon="3.3989">
        <ele>185</ele>
      </trkpt>
      <trkpt lat="43.64029" lon="3.39879">
        <ele>183.5</ele>
      </trkpt>
      <trkpt lat="43.64096" lon="3.39862">
        <ele>176.7</ele>
      </trkpt>
      <trkpt lat="43.64119" lon="3.39858">
        <ele>174.5</ele>
      </trkpt>
      <trkpt lat="43.64155" lon="3.39763">
        <ele>170.9</ele>
      </trkpt>
      <trkpt lat="43.64177" lon="3.39713">
        <ele>168.9</ele>
      </trkpt>
      <trkpt lat="43.64438" lon="3.39074">
        <ele>150</ele>
      </trkpt>
      <trkpt lat="43.64461" lon="3.39046">
        <ele>149.3</ele>
      </trkpt>
      <trkpt lat="43.64598" lon="3.3892">
        <ele>145</ele>
      </trkpt>
      <trkpt lat="43.64614" lon="3.38883">
        <ele>144</ele>
      </trkpt>
      <trkpt lat="43.64624" lon="3.38871">
        <ele>144</ele>
      </trkpt>
      <trkpt lat="43.64633" lon="3.38872">
        <ele>144</ele>
      </trkpt>
      <trkpt lat="43.64666" lon="3.38891">
        <ele>144</ele>
      </trkpt>
      <trkpt lat="43.64685" lon="3.38894">
        <ele>143.3</ele>
      </trkpt>
      <trkpt lat="43.64712" lon="3.38895">
        <ele>142.5</ele>
      </trkpt>
      <trkpt lat="43.64743" lon="3.38925">
        <ele>143.2</ele>
      </trkpt>
      <trkpt lat="43.64749" lon="3.38926">
        <ele>143.3</ele>
      </trkpt>
      <trkpt lat="43.64758" lon="3.38916">
        <ele>144.2</ele>
      </trkpt>
      <trkpt lat="43.64804" lon="3.38856">
        <ele>145.8</ele>
      </trkpt>
      <trkpt lat="43.64824" lon="3.38883">
        <ele>149.2</ele>
      </trkpt>
      <trkpt lat="43.64847" lon="3.38909">
        <ele>151.5</ele>
      </trkpt>
      <trkpt lat="43.64869" lon="3.38914">
        <ele>153.8</ele>
      </trkpt>
      <trkpt lat="43.64884" lon="3.38928">
        <ele>155.9</ele>
      </trkpt>
      <trkpt lat="43.64911" lon="3.38967">
        <ele>160.2</ele>
      </trkpt>
      <trkpt lat="43.64911" lon="3.39041">
        <ele>166</ele>
      </trkpt>
      <trkpt lat="43.64931" lon="3.39072">
        <ele>170.3</ele>
        <time>2024-05-14T05:07:40+00:00</time>
      </trkpt>
      <trkpt lat="43.64992" lon="3.39062">
        <ele>174.3</ele>
      </trkpt>
      <trkpt lat="43.65037" lon="3.39077">
        <ele>177.4</ele>
      </trkpt>
      <trkpt lat="43.65066" lon="3.39099">
        <ele>179.2</ele>
      </trkpt>
      <trkpt lat="43.65097" lon="3.39139">
        <ele>180</ele>
      </trkpt>
      <trkpt lat="43.65122" lon="3.39197">
        <ele>179.4</ele>
      </trkpt>
      <trkpt lat="43.65144" lon="3.3928">
        <ele>178.8</ele>
      </trkpt>
      <trkpt lat="43.65159" lon="3.39425">
        <ele>178.2</ele>
      </trkpt>
      <trkpt lat="43.65157" lon="3.39484">
        <ele>177.5</ele>
      </trkpt>
      <trkpt lat="43.65141" lon="3.39573">
        <ele>175.7</ele>
      </trkpt>
      <trkpt lat="43.65155" lon="3.39795">
        <ele>174.8</ele>
      </trkpt>
      <trkpt lat="43.65142" lon="3.39867">
        <ele>171.2</ele>
      </trkpt>
      <trkpt lat="43.65124" lon="3.39915">
        <ele>171.3</ele>
      </trkpt>
      <trkpt lat="43.65129" lon="3.39957">
        <ele>171.1</ele>
      </trkpt>
      <trkpt lat="43.65156" lon="3.39984">
        <ele>173.9</ele>
      </trkpt>
      <trkpt lat="43.65203" lon="3.39995">
        <ele>169.7</ele>
      </trkpt>
      <trkpt lat="43.65241" lon="3.40029">
        <ele>169</ele>
      </trkpt>
      <trkpt lat="43.65264" lon="3.40065">
        <ele>167.2</ele>
      </trkpt>
      <trkpt lat="43.65286" lon="3.40185">
        <ele>160.3</ele>
      </trkpt>
      <trkpt lat="43.65301" lon="3.40199">
        <ele>160.9</ele>
      </trkpt>
      <trkpt lat="43.6538" lon="3.40228">
        <ele>155.3</ele>
      </trkpt>
      <trkpt lat="43.65449" lon="3.40285">
        <ele>149.3</ele>
      </trkpt>
      <trkpt lat="43.65499" lon="3.40345">
        <ele>146</ele>
      </trkpt>
      <trkpt lat="43.65717" lon="3.40034">
        <ele>146.1</ele>
      </trkpt>
      <trkpt lat="43.65715" lon="3.39983">
        <ele>150.8</ele>
      </trkpt>
      <trkpt lat="43.65686" lon="3.39896">
        <ele>149.2</ele>
      </trkpt>
      <trkpt lat="43.657" lon="3.39893">
        <ele>152.2</ele>
      </trkpt>
      <trkpt lat="43.65761" lon="3.40074">
        <ele>154.7</ele>
      </trkpt>
      <trkpt lat="43.65822" lon="3.40261">
        <ele>148.9</ele>
      </trkpt>
      <trkpt lat="43.65854" lon="3.40387">
        <ele>142</ele>
      </trkpt>
      <trkpt lat="43.65866" lon="3.40612">
        <ele>128.4</ele>
      </trkpt>
      <trkpt lat="43.65916" lon="3.40688">
        <ele>122.2</ele>
      </trkpt>
      <trkpt lat="43.65926" lon="3.40744">
        <ele>118</ele>
      </trkpt>
      <trkpt lat="43.65964" lon="3.40825">
        <ele>113.7</ele>
      </trkpt>
      <trkpt lat="43.65989" lon="3.40838">
        <ele>114.3</ele>
      </trkpt>
      <trkpt lat="43.65993" lon="3.40923">
        <ele>106.8</ele>
      </trkpt>
      <trkpt lat="43.6601" lon="3.40959">
        <ele>102.6</ele>
      </trkpt>
      <trkpt lat="43.66048" lon="3.40985">
        <ele>101.1</ele>
      </trkpt>
      <trkpt lat="43.66068" lon="3.40984">
        <ele>101.7</ele>
      </trkpt>
      <trkpt lat="43.66207" lon="3.41069">
        <ele>98.8</ele>
      </trkpt>
      <trkpt lat="43.6623" lon="3.41065">
        <ele>99.5</ele>
      </trkpt>
      <trkpt lat="43.66257" lon="3.41042">
        <ele>100.1</ele>
      </trkpt>
      <trkpt lat="43.66285" lon="3.41003">
        <ele>99</ele>
      </trkpt>
      <trkpt lat="43.66444" lon="3.40938">
        <ele>103.4</ele>
      </trkpt>
      <trkpt lat="43.66537" lon="3.40946">
        <ele>105</ele>
      </trkpt>
      <trkpt lat="43.666" lon="3.40966">
        <ele>103</ele>
      </trkpt>
      <trkpt lat="43.66645" lon="3.4096">
        <ele>108.6</ele>
      </trkpt>
      <trkpt lat="43.66719" lon="3.40966">
        <ele>111.1</ele>
      </trkpt>
      <trkpt lat="43.66733" lon="3.40973">
        <ele>111.1</ele>
      </trkpt>
      <trkpt lat="43.66816" lon="3.41019">
        <ele>113.8</ele>
      </trkpt>
      <trkpt lat="43.6678" lon="3.40986">
        <ele>116.9</ele>
      </trkpt>
      <trkpt lat="43.66672" lon="3.40926">
        <ele>123.4</ele>
      </trkpt>
      <trkpt lat="43.66755" lon="3.40939">
        <ele>128.4</ele>
      </trkpt>
      <trkpt lat="43.66797" lon="3.40953">
        <ele>130.9</ele>
      </trkpt>
      <trkpt lat="43.66849" lon="3.40959">
        <ele>136.8</ele>
      </trkpt>
      <trkpt lat="43.66885" lon="3.40977">
        <ele>137.7</ele>
      </trkpt>
      <trkpt lat="43.66912" lon="3.41034">
        <ele>138.6</ele>
      </trkpt>
      <trkpt lat="43.66925" lon="3.41034">
        <ele>139.9</ele>
      </trkpt>
      <trkpt lat="43.66938" lon="3.40997">
        <ele>142.7</ele>
      </trkpt>
      <trkpt lat="43.66936" lon="3.40971">
        <ele>142.6</ele>
      </trkpt>
      <trkpt lat="43.66925" lon="3.4095">
        <ele>144</ele>
      </trkpt>
      <trkpt lat="43.66907" lon="3.40932">
        <ele>147.2</ele>
      </trkpt>
      <trkpt lat="43.6679" lon="3.40874">
        <ele>162</ele>
      </trkpt>
      <trkpt lat="43.66745" lon="3.4084">
        <ele>167.2</ele>
      </trkpt>
      <trkpt lat="43.66696" lon="3.40742">
        <ele>184.1</ele>
      </trkpt>
      <trkpt lat="43.66642" lon="3.40734">
        <ele>188.4</ele>
      </trkpt>
      <trkpt lat="43.66498" lon="3.40669">
        <ele>205.2</ele>
      </trkpt>
      <trkpt lat="43.66473" lon="3.40639">
        <ele>216</ele>
      </trkpt>
      <trkpt lat="43.66329" lon="3.40563">
        <ele>223.1</ele>
      </trkpt>
      <trkpt lat="43.66309" lon="3.40535">
        <ele>222.9</ele>
      </trkpt>
      <trkpt lat="43.66217" lon="3.40459">
        <ele>216.6</ele>
      </trkpt>
      <trkpt lat="43.66179" lon="3.40402">
        <ele>215.5</ele>
      </trkpt>
      <trkpt lat="43.66102" lon="3.40464">
        <ele>217.5</ele>
      </trkpt>
      <trkpt lat="43.6608" lon="3.40471">
        <ele>218</ele>
      </trkpt>
      <trkpt lat="43.66063" lon="3.40468">
        <ele>217.5</ele>
      </trkpt>
      <trkpt lat="43.66037" lon="3.40434">
        <ele>215</ele>
      </trkpt>
      <trkpt lat="43.66022" lon="3.40369">
        <ele>214</ele>
      </trkpt>
      <trkpt lat="43.66023" lon="3.40311">
        <ele>216.7</ele>
      </trkpt>
      <trkpt lat="43.65984" lon="3.40156">
        <ele>218.7</ele>
      </trkpt>
      <trkpt lat="43.65943" lon="3.40106">
        <ele>219.2</ele>
      </trkpt>
      <trkpt lat="43.65903" lon="3.40035">
        <ele>220.5</ele>
      </trkpt>
      <trkpt lat="43.65891" lon="3.39977">
        <ele>221.2</ele>
      </trkpt>
      <trkpt lat="43.65897" lon="3.39938">
        <ele>222.6</ele>
      </trkpt>
      <trkpt lat="43.65919" lon="3.39908">
        <ele>223.5</ele>
      </trkpt>
      <trkpt lat="43.65995" lon="3.39849">
        <ele>223</ele>
      </trkpt>
      <trkpt lat="43.66015" lon="3.39842">
        <ele>223.1</ele>
      </trkpt>
      <trkpt lat="43.66065" lon="3.3979">
        <ele>219.2</ele>
      </trkpt>
      <trkpt lat="43.6608" lon="3.39785">
        <ele>220.3</ele>
      </trkpt>
      <trkpt lat="43.66127" lon="3.3972">
        <ele>217.2</ele>
      </trkpt>
      <trkpt lat="43.66148" lon="3.39712">
        <ele>217.7</ele>
      </trkpt>
      <trkpt lat="43.66182" lon="3.39712">
        <ele>220.1</ele>
      </trkpt>
      <trkpt lat="43.66208" lon="3.39691">
        <ele>219.7</ele>
      </trkpt>
      <trkpt lat="43.66229" lon="3.39648">
        <ele>217</ele>
      </trkpt>
      <trkpt lat="43.66283" lon="3.39613">
        <ele>215.2</ele>
      </trkpt>
      <trkpt lat="43.66331" lon="3.39595">
        <ele>217.5</ele>
      </trkpt>
      <trkpt lat="43.6635" lon="3.39552">
        <ele>217.4</ele>
      </trkpt>
      <trkpt lat="43.66377" lon="3.3953">
        <ele>218</ele>
      </trkpt>
      <trkpt lat="43.66381" lon="3.39518">
        <ele>217.5</ele>
      </trkpt>
      <trkpt lat="43.66373" lon="3.39511">
        <ele>216.9</ele>
      </trkpt>
      <trkpt lat="43.66316" lon="3.39527">
        <ele>217.7</ele>
      </trkpt>
      <trkpt lat="43.66255" lon="3.39503">
        <ele>215.9</ele>
      </trkpt>
      <trkpt lat="43.6614" lon="3.39477">
        <ele>226.5</ele>
      </trkpt>
      <trkpt lat="43.66096" lon="3.39429">
        <ele>226.8</ele>
      </trkpt>
      <trkpt lat="43.66098" lon="3.39411">
        <ele>225.9</ele>
      </trkpt>
      <trkpt lat="43.66167" lon="3.39269">
        <ele>222.9</ele>
      </trkpt>
      <trkpt lat="43.66172" lon="3.3923">
        <ele>218.7</ele>
      </trkpt>
      <trkpt lat="43.66156" lon="3.39151">
        <ele>213.2</ele>
      </trkpt>
      <trkpt lat="43.66171" lon="3.39051">
        <ele>211.5</ele>
      </trkpt>
      <trkpt lat="43.66194" lon="3.38959">
        <ele>207.9</ele>
      </trkpt>
      <trkpt lat="43.6626" lon="3.3882">
        <ele>205.1</ele>
      </trkpt>
      <trkpt lat="43.66266" lon="3.38794">
        <ele>201.7</ele>
      </trkpt>
      <trkpt lat="43.66286" lon="3.38761">
        <ele>205.4</ele>
      </trkpt>
      <trkpt lat="43.66284" lon="3.38742">
        <ele>204.5</ele>
      </trkpt>
      <trkpt lat="43.66263" lon="3.38716">
        <ele>198.8</ele>
      </trkpt>
      <trkpt lat="43.6625" lon="3.38545">
        <ele>192.6</ele>
      </trkpt>
      <trkpt lat="43.66262" lon="3.38476">
        <ele>191.4</ele>
      </trkpt>
      <trkpt lat="43.66251" lon="3.38391">
        <ele>185.4</ele>
      </trkpt>
      <trkpt lat="43.66257" lon="3.38341">
        <ele>186</ele>
      </trkpt>
      <trkpt lat="43.66242" lon="3.3829">
        <ele>183.1</ele>
      </trkpt>
      <trkpt lat="43.66237" lon="3.38203">
        <ele>182.7</ele>
      </trkpt>
      <trkpt lat="43.66269" lon="3.38093">
        <ele>186.1</ele>
      </trkpt>
      <trkpt lat="43.66336" lon="3.37986">
        <ele>186.6</ele>
      </trkpt>
      <trkpt lat="43.6639" lon="3.37954">
        <ele>187.2</ele>
      </trkpt>
      <trkpt lat="43.66495" lon="3.37929">
        <ele>188.9</ele>
      </trkpt>
      <trkpt lat="43.66422" lon="3.37767">
        <ele>183.5</ele>
      </trkpt>
      <trkpt lat="43.66409" lon="3.37675">
        <ele>184.5</ele>
      </trkpt>
      <trkpt lat="43.66419" lon="3.3758">
        <ele>184.8</ele>
      </trkpt>
      <trkpt lat="43.66466" lon="3.37444">
        <ele>185.6</ele>
      </trkpt>
      <trkpt lat="43.66515" lon="3.3741">
        <ele>188.4</ele>
      </trkpt>
      <trkpt lat="43.66544" lon="3.37351">
        <ele>186.6</ele>
      </trkpt>
      <trkpt lat="43.66649" lon="3.37221">
        <ele>188</ele>
      </trkpt>
      <trkpt lat="43.66672" lon="3.37163">
        <ele>187.5</ele>
      </trkpt>
      <trkpt lat="43.66663" lon="3.37152">
        <ele>186.6</ele>
      </trkpt>
      <trkpt lat="43.66615" lon="3.37143">
        <ele>180.8</ele>
      </trkpt>
      <trkpt lat="43.6658" lon="3.37113">
        <ele>179.4</ele>
      </trkpt>
      <trkpt lat="43.66565" lon="3.37064">
        <ele>181.9</ele>
      </trkpt>
      <trkpt lat="43.66483" lon="3.36961">
        <ele>174.1</ele>
      </trkpt>
      <trkpt lat="43.66509" lon="3.36913">
        <ele>176.9</ele>
      </trkpt>
      <trkpt lat="43.66556" lon="3.36727">
        <ele>175.5</ele>
      </trkpt>
      <trkpt lat="43.66715" lon="3.36502">
        <ele>178.2</ele>
      </trkpt>
      <trkpt lat="43.66716" lon="3.36508">
        <ele>179.3</ele>
      </trkpt>
      <trkpt lat="43.66747" lon="3.36489">
        <ele>180.8</ele>
      </trkpt>
      <trkpt lat="43.66747" lon="3.36449">
        <ele>177.1</ele>
      </trkpt>
      <trkpt lat="43.66798" lon="3.36365">
        <ele>179.5</ele>
      </trkpt>
      <trkpt lat="43.66828" lon="3.36287">
        <ele>180.8</ele>
      </trkpt>
      <trkpt lat="43.66857" lon="3.3626">
        <ele>183.1</ele>
      </trkpt>
      <trkpt lat="43.66893" lon="3.36205">
        <ele>184.6</ele>
      </trkpt>
      <trkpt lat="43.66936" lon="3.36195">
        <ele>186.1</ele>
      </trkpt>
      <trkpt lat="43.66928" lon="3.36133">
        <ele>183.4</ele>
      </trkpt>
      <trkpt lat="43.66937" lon="3.36093">
        <ele>183.8</ele>
      </trkpt>
      <trkpt lat="43.67056" lon="3.35936">
        <ele>183.7</ele>
      </trkpt>
      <trkpt lat="43.67079" lon="3.35894">
        <ele>183.3</ele>
      </trkpt>
      <trkpt lat="43.6713" lon="3.35883">
        <ele>185.2</ele>
      </trkpt>
      <trkpt lat="43.67177" lon="3.35891">
        <ele>187.8</ele>
      </trkpt>
      <trkpt lat="43.67195" lon="3.35869">
        <ele>186.1</ele>
      </trkpt>
      <trkpt lat="43.6722" lon="3.35886">
        <ele>185.8</ele>
      </trkpt>
      <trkpt lat="43.67264" lon="3.35845">
        <ele>188.6</ele>
      </trkpt>
      <trkpt lat="43.67246" lon="3.3574">
        <ele>177.5</ele>
      </trkpt>
      <trkpt lat="43.67283" lon="3.3563">
        <ele>173</ele>
      </trkpt>
      <trkpt lat="43.67308" lon="3.35612">
        <ele>171.3</ele>
      </trkpt>
      <trkpt lat="43.67311" lon="3.35597">
        <ele>168.6</ele>
      </trkpt>
      <trkpt lat="43.67293" lon="3.35577">
        <ele>164.1</ele>
      </trkpt>
      <trkpt lat="43.67228" lon="3.35564">
        <ele>159.2</ele>
      </trkpt>
      <trkpt lat="43.67201" lon="3.35576">
        <ele>157.4</ele>
      </trkpt>
      <trkpt lat="43.67188" lon="3.35569">
        <ele>155.3</ele>
      </trkpt>
      <trkpt lat="43.6713" lon="3.35473">
        <ele>147.7</ele>
      </trkpt>
      <trkpt lat="43.67087" lon="3.35485">
        <ele>145.2</ele>
      </trkpt>
      <trkpt lat="43.67069" lon="3.35462">
        <ele>143.8</ele>
      </trkpt>
      <trkpt lat="43.6706" lon="3.35421">
        <ele>142.3</ele>
      </trkpt>
      <trkpt lat="43.67086" lon="3.35395">
        <ele>142.2</ele>
      </trkpt>
      <trkpt lat="43.67165" lon="3.35358">
        <ele>142.1</ele>
      </trkpt>
      <trkpt lat="43.67245" lon="3.35239">
        <ele>142</ele>
      </trkpt>
      <trkpt lat="43.67329" lon="3.35181">
        <ele>139.1</ele>
      </trkpt>
      <trkpt lat="43.67358" lon="3.351">
        <ele>139.2</ele>
      </trkpt>
      <trkpt lat="43.67381" lon="3.35073">
        <ele>140.1</ele>
      </trkpt>
      <trkpt lat="43.67381" lon="3.35031">
        <ele>141.6</ele>
      </trkpt>
      <trkpt lat="43.67391" lon="3.34999">
        <ele>143</ele>
      </trkpt>
      <trkpt lat="43.67502" lon="3.34869">
        <ele>139.5</ele>
      </trkpt>
      <trkpt lat="43.67513" lon="3.34836">
        <ele>139.1</ele>
      </trkpt>
      <trkpt lat="43.67515" lon="3.34732">
        <ele>140.7</ele>
      </trkpt>
      <trkpt lat="43.67543" lon="3.3469">
        <ele>138.6</ele>
      </trkpt>
      <trkpt lat="43.6757" lon="3.34629">
        <ele>138.5</ele>
      </trkpt>
      <trkpt lat="43.67611" lon="3.34592">
        <ele>136.3</ele>
      </trkpt>
      <trkpt lat="43.67636" lon="3.34583">
        <ele>135.1</ele>
      </trkpt>
      <trkpt lat="43.67651" lon="3.34557">
        <ele>134.1</ele>
      </trkpt>
      <trkpt lat="43.67669" lon="3.34546">
        <ele>133.6</ele>
      </trkpt>
      <trkpt lat="43.67686" lon="3.34517">
        <ele>134.4</ele>
      </trkpt>
      <trkpt lat="43.67755" lon="3.34482">
        <ele>130.6</ele>
      </trkpt>
      <trkpt lat="43.67802" lon="3.34475">
        <ele>128.1</ele>
      </trkpt>
      <trkpt lat="43.67842" lon="3.34485">
        <ele>126.6</ele>
      </trkpt>
      <trkpt lat="43.67862" lon="3.34294">
        <ele>127.4</ele>
      </trkpt>
      <trkpt lat="43.67856" lon="3.34203">
        <ele>129.1</ele>
      </trkpt>
      <trkpt lat="43.67812" lon="3.33984">
        <ele>131.7</ele>
      </trkpt>
      <trkpt lat="43.67754" lon="3.33863">
        <ele>139.7</ele>
      </trkpt>
      <trkpt lat="43.67661" lon="3.33703">
        <ele>144.1</ele>
      </trkpt>
      <trkpt lat="43.67486" lon="3.33505">
        <ele>143.3</ele>
      </trkpt>
      <trkpt lat="43.67407" lon="3.33457">
        <ele>148.1</ele>
      </trkpt>
      <trkpt lat="43.67071" lon="3.33388">
        <ele>168</ele>
      </trkpt>
      <trkpt lat="43.67008" lon="3.33394">
        <ele>170.1</ele>
      </trkpt>
      <trkpt lat="43.66851" lon="3.33485">
        <ele>181.7</ele>
      </trkpt>
      <trkpt lat="43.66798" lon="3.33531">
        <ele>183.6</ele>
      </trkpt>
      <trkpt lat="43.66773" lon="3.33645">
        <ele>184</ele>
      </trkpt>
      <trkpt lat="43.66753" lon="3.33679">
        <ele>187</ele>
      </trkpt>
      <trkpt lat="43.66694" lon="3.33734">
        <ele>186.3</ele>
      </trkpt>
      <trkpt lat="43.66681" lon="3.33771">
        <ele>185.8</ele>
      </trkpt>
      <trkpt lat="43.66643" lon="3.3382">
        <ele>184.3</ele>
      </trkpt>
      <trkpt lat="43.66533" lon="3.33825">
        <ele>167.4</ele>
      </trkpt>
      <trkpt lat="43.66492" lon="3.33853">
        <ele>160.8</ele>
      </trkpt>
      <trkpt lat="43.66464" lon="3.33883">
        <ele>159.1</ele>
      </trkpt>
      <trkpt lat="43.66422" lon="3.33887">
        <ele>154.6</ele>
      </trkpt>
      <trkpt lat="43.6639" lon="3.33948">
        <ele>152.5</ele>
      </trkpt>
      <trkpt lat="43.66314" lon="3.33941">
        <ele>147.8</ele>
      </trkpt>
      <trkpt lat="43.66274" lon="3.33921">
        <ele>143.4</ele>
      </trkpt>
      <trkpt lat="43.66285" lon="3.33882">
        <ele>141.5</ele>
      </trkpt>
      <trkpt lat="43.66307" lon="3.33868">
        <ele>142.8</ele>
      </trkpt>
      <trkpt lat="43.66331" lon="3.33836">
        <ele>143.6</ele>
      </trkpt>
      <trkpt lat="43.66356" lon="3.33829">
        <ele>144.6</ele>
      </trkpt>
      <trkpt lat="43.66362" lon="3.33782">
        <ele>145.6</ele>
      </trkpt>
      <trkpt lat="43.66384" lon="3.33726">
        <ele>150.4</ele>
      </trkpt>
      <trkpt lat="43.66382" lon="3.33682">
        <ele>154.1</ele>
      </trkpt>
      <trkpt lat="43.66328" lon="3.33686">
        <ele>154.9</ele>
      </trkpt>
      <trkpt lat="43.66242" lon="3.33641">
        <ele>156.3</ele>
      </trkpt>
      <trkpt lat="43.6623" lon="3.33622">
        <ele>156.8</ele>
      </trkpt>
      <trkpt lat="43.66202" lon="3.33612">
        <ele>156.9</ele>
      </trkpt>
      <trkpt lat="43.66136" lon="3.33609">
        <ele>152.9</ele>
      </trkpt>
      <trkpt lat="43.66117" lon="3.33566">
        <ele>153.8</ele>
      </trkpt>
      <trkpt lat="43.66057" lon="3.33552">
        <ele>150.8</ele>
      </trkpt>
      <trkpt lat="43.66023" lon="3.33534">
        <ele>150.8</ele>
      </trkpt>
      <trkpt lat="43.66013" lon="3.33539">
        <ele>149.5</ele>
      </trkpt>
      <trkpt lat="43.65965" lon="3.3352">
        <ele>146.8</ele>
      </trkpt>
      <trkpt lat="43.65948" lon="3.33531">
        <ele>143.3</ele>
      </trkpt>
      <trkpt lat="43.6593" lon="3.33521">
        <ele>141.6</ele>
      </trkpt>
      <trkpt lat="43.65904" lon="3.33475">
        <ele>140.5</ele>
      </trkpt>
      <trkpt lat="43.65885" lon="3.33462">
        <ele>140</ele>
      </trkpt>
      <trkpt lat="43.65858" lon="3.33462">
        <ele>139.5</ele>
      </trkpt>
      <trkpt lat="43.65842" lon="3.33451">
        <ele>141</ele>
      </trkpt>
      <trkpt lat="43.65787" lon="3.33438">
        <ele>141.4</ele>
      </trkpt>
      <trkpt lat="43.65736" lon="3.33398">
        <ele>141.3</ele>
      </trkpt>
      <trkpt lat="43.6571" lon="3.33357">
        <ele>141.9</ele>
      </trkpt>
      <trkpt lat="43.65677" lon="3.33337">
        <ele>140.7</ele>
      </trkpt>
      <trkpt lat="43.65646" lon="3.33276">
        <ele>141.2</ele>
      </trkpt>
      <trkpt lat="43.65651" lon="3.33257">
        <ele>141.8</ele>
      </trkpt>
      <trkpt lat="43.65612" lon="3.33173">
        <ele>143.3</ele>
      </trkpt>
      <trkpt lat="43.65579" lon="3.3318">
        <ele>139.2</ele>
      </trkpt>
      <trkpt lat="43.65555" lon="3.33157">
        <ele>138.7</ele>
      </trkpt>
      <trkpt lat="43.65506" lon="3.33063">
        <ele>139.7</ele>
      </trkpt>
      <trkpt lat="43.65466" lon="3.33004">
        <ele>139.4</ele>
      </trkpt>
      <trkpt lat="43.65411" lon="3.32951">
        <ele>138.6</ele>
      </trkpt>
      <trkpt lat="43.65365" lon="3.32891">
        <ele>139</ele>
      </trkpt>
      <trkpt lat="43.65337" lon="3.32769">
        <ele>139.7</ele>
      </trkpt>
      <trkpt lat="43.65317" lon="3.32766">
        <ele>139.2</ele>
      </trkpt>
      <trkpt lat="43.65213" lon="3.32563">
        <ele>139</ele>
      </trkpt>
      <trkpt lat="43.65196" lon="3.32555">
        <ele>139</ele>
      </trkpt>
      <trkpt lat="43.65156" lon="3.32562">
        <ele>139</ele>
      </trkpt>
      <trkpt lat="43.65139" lon="3.3254">
        <ele>139</ele>
      </trkpt>
      <trkpt lat="43.65101" lon="3.32552">
        <ele>140.8</ele>
      </trkpt>
      <trkpt lat="43.6508" lon="3.32576">
        <ele>140.5</ele>
      </trkpt>
      <trkpt lat="43.65063" lon="3.32582">
        <ele>140.1</ele>
      </trkpt>
      <trkpt lat="43.65042" lon="3.3257">
        <ele>140.7</ele>
      </trkpt>
      <trkpt lat="43.64985" lon="3.3257">
        <ele>139</ele>
      </trkpt>
      <trkpt lat="43.64879" lon="3.3247">
        <ele>140.8</ele>
      </trkpt>
      <trkpt lat="43.64792" lon="3.3251">
        <ele>139.3</ele>
      </trkpt>
      <trkpt lat="43.6477" lon="3.32512">
        <ele>139.7</ele>
      </trkpt>
      <trkpt lat="43.64753" lon="3.32504">
        <ele>140</ele>
      </trkpt>
      <trkpt lat="43.64721" lon="3.32519">
        <ele>139.6</ele>
      </trkpt>
      <trkpt lat="43.64625" lon="3.32515">
        <ele>140</ele>
      </trkpt>
      <trkpt lat="43.64601" lon="3.32548">
        <ele>140</ele>
      </trkpt>
      <trkpt lat="43.64474" lon="3.32524">
        <ele>140.1</ele>
      </trkpt>
      <trkpt lat="43.64466" lon="3.32515">
        <ele>140.6</ele>
      </trkpt>
      <trkpt lat="43.64365" lon="3.3254">
        <ele>140.1</ele>
      </trkpt>
      <trkpt lat="43.64309" lon="3.32531">
        <ele>140.9</ele>
      </trkpt>
      <trkpt lat="43.64229" lon="3.32494">
        <ele>141</ele>
      </trkpt>
      <trkpt lat="43.64244" lon="3.3245">
        <ele>141.2</ele>
      </trkpt>
      <trkpt lat="43.64262" lon="3.32392">
        <ele>142.5</ele>
      </trkpt>
      <trkpt lat="43.64297" lon="3.32339">
        <ele>144.5</ele>
      </trkpt>
      <trkpt lat="43.64315" lon="3.32302">
        <ele>146.5</ele>
      </trkpt>
      <trkpt lat="43.64325" lon="3.32166">
        <ele>147.1</ele>
      </trkpt>
      <trkpt lat="43.64314" lon="3.32075">
        <ele>147.8</ele>
      </trkpt>
      <trkpt lat="43.64335" lon="3.32014">
        <ele>146.5</ele>
      </trkpt>
      <trkpt lat="43.6434" lon="3.31983">
        <ele>146.9</ele>
      </trkpt>
      <trkpt lat="43.64336" lon="3.31956">
        <ele>147.6</ele>
      </trkpt>
      <trkpt lat="43.64337" lon="3.31926">
        <ele>148.6</ele>
      </trkpt>
      <trkpt lat="43.64346" lon="3.31893">
        <ele>149.4</ele>
      </trkpt>
      <trkpt lat="43.64378" lon="3.31805">
        <ele>151.4</ele>
      </trkpt>
      <trkpt lat="43.64385" lon="3.31792">
        <ele>151.7</ele>
      </trkpt>
      <trkpt lat="43.64385" lon="3.31781">
        <ele>152.1</ele>
      </trkpt>
      <trkpt lat="43.64381" lon="3.31774">
        <ele>152.7</ele>
      </trkpt>
      <trkpt lat="43.64364" lon="3.31766">
        <ele>154.2</ele>
      </trkpt>
      <trkpt lat="43.64359" lon="3.31745">
        <ele>155.4</ele>
      </trkpt>
      <trkpt lat="43.64379" lon="3.31676">
        <ele>155.9</ele>
      </trkpt>
      <trkpt lat="43.64385" lon="3.3162">
        <ele>156.4</ele>
      </trkpt>
      <trkpt lat="43.64407" lon="3.31534">
        <ele>156.4</ele>
      </trkpt>
      <trkpt lat="43.64411" lon="3.31493">
        <ele>157.1</ele>
      </trkpt>
      <trkpt lat="43.64406" lon="3.31425">
        <ele>158.5</ele>
      </trkpt>
      <trkpt lat="43.644" lon="3.31365">
        <ele>158.5</ele>
      </trkpt>
      <trkpt lat="43.64394" lon="3.31333">
        <ele>158.4</ele>
      </trkpt>
      <trkpt lat="43.64349" lon="3.31236">
        <ele>163.6</ele>
      </trkpt>
      <trkpt lat="43.64325" lon="3.31177">
        <ele>165.5</ele>
      </trkpt>
      <trkpt lat="43.64274" lon="3.30981">
        <ele>167.6</ele>
      </trkpt>
      <trkpt lat="43.64272" lon="3.30842">
        <ele>167.6</ele>
      </trkpt>
      <trkpt lat="43.64261" lon="3.30817">
        <ele>168.8</ele>
      </trkpt>
      <trkpt lat="43.64243" lon="3.3077">
        <ele>171.4</ele>
      </trkpt>
      <trkpt lat="43.64239" lon="3.30738">
        <ele>172.6</ele>
      </trkpt>
      <trkpt lat="43.64237" lon="3.30698">
        <ele>173.7</ele>
      </trkpt>
      <trkpt lat="43.6425" lon="3.3067">
        <ele>172</ele>
      </trkpt>
      <trkpt lat="43.64248" lon="3.30652">
        <ele>173</ele>
      </trkpt>
      <trkpt lat="43.64245" lon="3.30611">
        <ele>174.7</ele>
      </trkpt>
      <trkpt lat="43.64231" lon="3.30502">
        <ele>181.4</ele>
      </trkpt>
      <trkpt lat="43.64224" lon="3.30469">
        <ele>183.7</ele>
      </trkpt>
      <trkpt lat="43.6422" lon="3.30411">
        <ele>186.4</ele>
      </trkpt>
      <trkpt lat="43.64219" lon="3.30375">
        <ele>188.2</ele>
      </trkpt>
      <trkpt lat="43.64225" lon="3.30331">
        <ele>190.9</ele>
      </trkpt>
      <trkpt lat="43.64224" lon="3.30319">
        <ele>191.5</ele>
      </trkpt>
      <trkpt lat="43.64218" lon="3.30305">
        <ele>191.8</ele>
      </trkpt>
      <trkpt lat="43.64212" lon="3.30243">
        <ele>192.8</ele>
      </trkpt>
      <trkpt lat="43.64214" lon="3.30189">
        <ele>195.3</ele>
      </trkpt>
      <trkpt lat="43.64219" lon="3.3014">
        <ele>197.8</ele>
      </trkpt>
      <trkpt lat="43.64234" lon="3.30079">
        <ele>198.7</ele>
      </trkpt>
      <trkpt lat="43.64234" lon="3.3001">
        <ele>199.8</ele>
      </trkpt>
      <trkpt lat="43.64229" lon="3.29959">
        <ele>201.2</ele>
      </trkpt>
      <trkpt lat="43.64221" lon="3.29895">
        <ele>203</ele>
      </trkpt>
      <trkpt lat="43.64221" lon="3.29834">
        <ele>205</ele>
      </trkpt>
      <trkpt lat="43.64219" lon="3.29819">
        <ele>205.5</ele>
      </trkpt>
      <trkpt lat="43.64214" lon="3.29806">
        <ele>205.7</ele>
      </trkpt>
      <trkpt lat="43.64202" lon="3.29797">
        <ele>205.6</ele>
      </trkpt>
      <trkpt lat="43.64191" lon="3.29763">
        <ele>206.1</ele>
      </trkpt>
      <trkpt lat="43.64189" lon="3.29744">
        <ele>206.4</ele>
      </trkpt>
      <trkpt lat="43.64202" lon="3.29722">
        <ele>207.3</ele>
      </trkpt>
      <trkpt lat="43.64205" lon="3.29702">
        <ele>208.1</ele>
      </trkpt>
      <trkpt lat="43.64208" lon="3.29671">
        <ele>208.9</ele>
      </trkpt>
      <trkpt lat="43.642" lon="3.29631">
        <ele>210.4</ele>
      </trkpt>
      <trkpt lat="43.64193" lon="3.29562">
        <ele>214.5</ele>
      </trkpt>
      <trkpt lat="43.64193" lon="3.29509">
        <ele>217.3</ele>
      </trkpt>
      <trkpt lat="43.64197" lon="3.29499">
        <ele>218.2</ele>
      </trkpt>
      <trkpt lat="43.64235" lon="3.29543">
        <ele>218.6</ele>
      </trkpt>
      <trkpt lat="43.64252" lon="3.29557">
        <ele>218.9</ele>
      </trkpt>
      <trkpt lat="43.64302" lon="3.29579">
        <ele>218.5</ele>
      </trkpt>
      <trkpt lat="43.64325" lon="3.2958">
        <ele>219.2</ele>
      </trkpt>
      <trkpt lat="43.6435" lon="3.29588">
        <ele>220.5</ele>
      </trkpt>
      <trkpt lat="43.64409" lon="3.29611">
        <ele>226.9</ele>
      </trkpt>
      <trkpt lat="43.64443" lon="3.29621">
        <ele>228.9</ele>
      </trkpt>
      <trkpt lat="43.64457" lon="3.29631">
        <ele>229.8</ele>
      </trkpt>
      <trkpt lat="43.64469" lon="3.2965">
        <ele>229.6</ele>
      </trkpt>
      <trkpt lat="43.64482" lon="3.29679">
        <ele>229.4</ele>
      </trkpt>
      <trkpt lat="43.64484" lon="3.29674">
        <ele>230.1</ele>
      </trkpt>
      <trkpt lat="43.64477" lon="3.29653">
        <ele>230.8</ele>
      </trkpt>
      <trkpt lat="43.64464" lon="3.29623">
        <ele>231.9</ele>
      </trkpt>
      <trkpt lat="43.6442" lon="3.2957">
        <ele>233.5</ele>
      </trkpt>
      <trkpt lat="43.64407" lon="3.2954">
        <ele>234.8</ele>
      </trkpt>
      <trkpt lat="43.64405" lon="3.29525">
        <ele>235.8</ele>
      </trkpt>
      <trkpt lat="43.64408" lon="3.29496">
        <ele>239.4</ele>
      </trkpt>
      <trkpt lat="43.644" lon="3.29475">
        <ele>240.2</ele>
      </trkpt>
      <trkpt lat="43.64375" lon="3.29467">
        <ele>240.7</ele>
      </trkpt>
      <trkpt lat="43.64357" lon="3.29466">
        <ele>240.8</ele>
      </trkpt>
      <trkpt lat="43.64343" lon="3.2945">
        <ele>242.1</ele>
      </trkpt>
      <trkpt lat="43.64338" lon="3.29431">
        <ele>243.2</ele>
      </trkpt>
      <trkpt lat="43.64345" lon="3.29398">
        <ele>245.5</ele>
      </trkpt>
      <trkpt lat="43.64345" lon="3.29383">
        <ele>246.2</ele>
      </trkpt>
      <trkpt lat="43.6434" lon="3.29364">
        <ele>246.7</ele>
      </trkpt>
      <trkpt lat="43.64311" lon="3.29295">
        <ele>249.2</ele>
      </trkpt>
      <trkpt lat="43.64305" lon="3.29273">
        <ele>249.3</ele>
      </trkpt>
      <trkpt lat="43.64319" lon="3.29167">
        <ele>255.9</ele>
      </trkpt>
      <trkpt lat="43.64358" lon="3.29073">
        <ele>262.3</ele>
      </trkpt>
      <trkpt lat="43.64387" lon="3.29027">
        <ele>265.2</ele>
      </trkpt>
      <trkpt lat="43.64425" lon="3.28994">
        <ele>267.7</ele>
      </trkpt>
      <trkpt lat="43.64431" lon="3.28984">
        <ele>268.4</ele>
      </trkpt>
      <trkpt lat="43.64437" lon="3.28945">
        <ele>269.4</ele>
      </trkpt>
      <trkpt lat="43.64444" lon="3.28925">
        <ele>270.5</ele>
      </trkpt>
      <trkpt lat="43.64483" lon="3.28889">
        <ele>277.5</ele>
      </trkpt>
      <trkpt lat="43.64502" lon="3.28859">
        <ele>278.5</ele>
      </trkpt>
      <trkpt lat="43.64523" lon="3.28835">
        <ele>281.1</ele>
      </trkpt>
      <trkpt lat="43.64531" lon="3.28806">
        <ele>279.1</ele>
      </trkpt>
      <trkpt lat="43.64548" lon="3.2877">
        <ele>281.3</ele>
      </trkpt>
      <trkpt lat="43.64561" lon="3.28727">
        <ele>282.5</ele>
      </trkpt>
      <trkpt lat="43.64574" lon="3.2871">
        <ele>284.5</ele>
      </trkpt>
      <trkpt lat="43.6462" lon="3.28697">
        <ele>291.9</ele>
      </trkpt>
      <trkpt lat="43.64653" lon="3.28679">
        <ele>292.8</ele>
      </trkpt>
      <trkpt lat="43.6471" lon="3.28672">
        <ele>298.9</ele>
      </trkpt>
      <trkpt lat="43.64747" lon="3.28662">
        <ele>302.3</ele>
      </trkpt>
      <trkpt lat="43.64769" lon="3.28649">
        <ele>303</ele>
      </trkpt>
      <trkpt lat="43.64798" lon="3.28621">
        <ele>302.7</ele>
      </trkpt>
      <trkpt lat="43.64823" lon="3.28621">
        <ele>306.9</ele>
      </trkpt>
      <trkpt lat="43.64847" lon="3.28611">
        <ele>306.9</ele>
      </trkpt>
      <trkpt lat="43.64861" lon="3.28612">
        <ele>309.3</ele>
      </trkpt>
      <trkpt lat="43.64879" lon="3.28621">
        <ele>313.4</ele>
      </trkpt>
      <trkpt lat="43.64891" lon="3.28619">
        <ele>313.6</ele>
      </trkpt>
      <trkpt lat="43.64922" lon="3.28603">
        <ele>314.5</ele>
      </trkpt>
      <trkpt lat="43.64977" lon="3.28569">
        <ele>319.4</ele>
      </trkpt>
      <trkpt lat="43.65034" lon="3.28506">
        <ele>319.7</ele>
      </trkpt>
      <trkpt lat="43.6507" lon="3.28482">
        <ele>324.4</ele>
      </trkpt>
      <trkpt lat="43.65102" lon="3.28463">
        <ele>327.7</ele>
      </trkpt>
      <trkpt lat="43.65119" lon="3.28447">
        <ele>327.7</ele>
      </trkpt>
      <trkpt lat="43.65191" lon="3.28366">
        <ele>332.2</ele>
      </trkpt>
      <trkpt lat="43.65227" lon="3.28301">
        <ele>334.2</ele>
      </trkpt>
      <trkpt lat="43.65261" lon="3.28258">
        <ele>338.5</ele>
      </trkpt>
      <trkpt lat="43.6527" lon="3.28238">
        <ele>337.6</ele>
      </trkpt>
      <trkpt lat="43.65315" lon="3.28088">
        <ele>353.2</ele>
      </trkpt>
      <trkpt lat="43.65335" lon="3.27989">
        <ele>353.6</ele>
      </trkpt>
      <trkpt lat="43.65343" lon="3.27936">
        <ele>350.9</ele>
      </trkpt>
      <trkpt lat="43.65361" lon="3.27872">
        <ele>348.7</ele>
      </trkpt>
      <trkpt lat="43.6538" lon="3.27833">
        <ele>348.1</ele>
      </trkpt>
      <trkpt lat="43.65404" lon="3.27808">
        <ele>353.3</ele>
      </trkpt>
      <trkpt lat="43.65416" lon="3.27785">
        <ele>355.1</ele>
      </trkpt>
      <trkpt lat="43.65424" lon="3.27731">
        <ele>355.5</ele>
      </trkpt>
      <trkpt lat="43.65511" lon="3.2751">
        <ele>364.8</ele>
      </trkpt>
      <trkpt lat="43.65532" lon="3.27476">
        <ele>370.8</ele>
      </trkpt>
      <trkpt lat="43.65574" lon="3.27315">
        <ele>378</ele>
      </trkpt>
      <trkpt lat="43.6562" lon="3.27249">
        <ele>381</ele>
      </trkpt>
      <trkpt lat="43.65723" lon="3.27176">
        <ele>385.5</ele>
      </trkpt>
      <trkpt lat="43.65734" lon="3.27181">
        <ele>388.5</ele>
      </trkpt>
      <trkpt lat="43.65733" lon="3.27191">
        <ele>391</ele>
      </trkpt>
      <trkpt lat="43.65712" lon="3.27202">
        <ele>390.3</ele>
      </trkpt>
      <trkpt lat="43.65691" lon="3.27216">
        <ele>390.7</ele>
      </trkpt>
      <trkpt lat="43.65665" lon="3.27243">
        <ele>391</ele>
      </trkpt>
      <trkpt lat="43.65611" lon="3.27317">
        <ele>392.6</ele>
      </trkpt>
      <trkpt lat="43.65601" lon="3.27329">
        <ele>391</ele>
      </trkpt>
      <trkpt lat="43.65601" lon="3.27336">
        <ele>392</ele>
      </trkpt>
      <trkpt lat="43.6561" lon="3.27342">
        <ele>395.7</ele>
      </trkpt>
      <trkpt lat="43.65624" lon="3.27324">
        <ele>396.9</ele>
      </trkpt>
      <trkpt lat="43.6565" lon="3.27297">
        <ele>398.4</ele>
      </trkpt>
      <trkpt lat="43.6569" lon="3.2728">
        <ele>402.6</ele>
      </trkpt>
      <trkpt lat="43.65739" lon="3.27282">
        <ele>406.1</ele>
      </trkpt>
      <trkpt lat="43.65876" lon="3.27241">
        <ele>415.6</ele>
      </trkpt>
      <trkpt lat="43.659" lon="3.27241">
        <ele>417.7</ele>
      </trkpt>
      <trkpt lat="43.65936" lon="3.2725">
        <ele>421.8</ele>
      </trkpt>
      <trkpt lat="43.65976" lon="3.27277">
        <ele>424</ele>
      </trkpt>
      <trkpt lat="43.66009" lon="3.27292">
        <ele>423</ele>
      </trkpt>
      <trkpt lat="43.66035" lon="3.27314">
        <ele>427.1</ele>
      </trkpt>
      <trkpt lat="43.66045" lon="3.27311">
        <ele>427.2</ele>
      </trkpt>
      <trkpt lat="43.6606" lon="3.27263">
        <ele>424.8</ele>
      </trkpt>
      <trkpt lat="43.66058" lon="3.27219">
        <ele>422</ele>
      </trkpt>
      <trkpt lat="43.66076" lon="3.27194">
        <ele>421.5</ele>
      </trkpt>
      <trkpt lat="43.66103" lon="3.27185">
        <ele>422.7</ele>
      </trkpt>
      <trkpt lat="43.66106" lon="3.2717">
        <ele>421.5</ele>
      </trkpt>
      <trkpt lat="43.66097" lon="3.27152">
        <ele>422</ele>
      </trkpt>
      <trkpt lat="43.66051" lon="3.27114">
        <ele>416</ele>
      </trkpt>
      <trkpt lat="43.66024" lon="3.27083">
        <ele>414.3</ele>
      </trkpt>
      <trkpt lat="43.6602" lon="3.27068">
        <ele>412.1</ele>
      </trkpt>
      <trkpt lat="43.66027" lon="3.27059">
        <ele>411.5</ele>
      </trkpt>
      <trkpt lat="43.66052" lon="3.27049">
        <ele>412</ele>
      </trkpt>
      <trkpt lat="43.66068" lon="3.27022">
        <ele>410.1</ele>
      </trkpt>
      <trkpt lat="43.66071" lon="3.2699">
        <ele>408.3</ele>
      </trkpt>
      <trkpt lat="43.66069" lon="3.26972">
        <ele>406.9</ele>
      </trkpt>
      <trkpt lat="43.66062" lon="3.26953">
        <ele>406.3</ele>
      </trkpt>
      <trkpt lat="43.6603" lon="3.26899">
        <ele>404.2</ele>
      </trkpt>
      <trkpt lat="43.66017" lon="3.2687">
        <ele>403</ele>
      </trkpt>
      <trkpt lat="43.66016" lon="3.2685">
        <ele>402.2</ele>
      </trkpt>
      <trkpt lat="43.66042" lon="3.2676">
        <ele>399.7</ele>
      </trkpt>
      <trkpt lat="43.66039" lon="3.26732">
        <ele>399.6</ele>
      </trkpt>
      <trkpt lat="43.66024" lon="3.26685">
        <ele>397.4</ele>
      </trkpt>
      <trkpt lat="43.66031" lon="3.26656">
        <ele>397.5</ele>
      </trkpt>
      <trkpt lat="43.66054" lon="3.26643">
        <ele>397.4</ele>
      </trkpt>
      <trkpt lat="43.66061" lon="3.26632">
        <ele>397.1</ele>
      </trkpt>
      <trkpt lat="43.66056" lon="3.26615">
        <ele>396.2</ele>
      </trkpt>
      <trkpt lat="43.66039" lon="3.26575">
        <ele>391.6</ele>
      </trkpt>
      <trkpt lat="43.66028" lon="3.26516">
        <ele>389.4</ele>
      </trkpt>
      <trkpt lat="43.65989" lon="3.26423">
        <ele>386.8</ele>
      </trkpt>
      <trkpt lat="43.65971" lon="3.26348">
        <ele>383.9</ele>
      </trkpt>
      <trkpt lat="43.65963" lon="3.26298">
        <ele>382.3</ele>
      </trkpt>
      <trkpt lat="43.65958" lon="3.26231">
        <ele>383</ele>
      </trkpt>
      <trkpt lat="43.65929" lon="3.26163">
        <ele>381.6</ele>
      </trkpt>
      <trkpt lat="43.65917" lon="3.26154">
        <ele>381.8</ele>
      </trkpt>
      <trkpt lat="43.65899" lon="3.26179">
        <ele>381.7</ele>
      </trkpt>
      <trkpt lat="43.65883" lon="3.26187">
        <ele>382.2</ele>
      </trkpt>
      <trkpt lat="43.65847" lon="3.2617">
        <ele>382.1</ele>
      </trkpt>
      <trkpt lat="43.65822" lon="3.2617">
        <ele>382.5</ele>
      </trkpt>
      <trkpt lat="43.6577" lon="3.26192">
        <ele>384.3</ele>
      </trkpt>
      <trkpt lat="43.65697" lon="3.26174">
        <ele>387.7</ele>
      </trkpt>
      <trkpt lat="43.6568" lon="3.26179">
        <ele>388</ele>
      </trkpt>
      <trkpt lat="43.65668" lon="3.26193">
        <ele>387.9</ele>
      </trkpt>
      <trkpt lat="43.65651" lon="3.26235">
        <ele>390.4</ele>
      </trkpt>
      <trkpt lat="43.65641" lon="3.26242">
        <ele>391.7</ele>
      </trkpt>
      <trkpt lat="43.65543" lon="3.26176">
        <ele>399.6</ele>
      </trkpt>
      <trkpt lat="43.65445" lon="3.26059">
        <ele>409.6</ele>
      </trkpt>
      <trkpt lat="43.65355" lon="3.25887">
        <ele>420.9</ele>
      </trkpt>
      <trkpt lat="43.6534" lon="3.25864">
        <ele>422.3</ele>
      </trkpt>
      <trkpt lat="43.65308" lon="3.2582">
        <ele>424.8</ele>
        <time>2024-05-14T03:36:28+00:00</time>
      </trkpt>
      <trkpt lat="43.65236" lon="3.25657">
        <ele>430.2</ele>
        <time>2024-05-14T03:35:30+00:00</time>
      </trkpt>
      <trkpt lat="43.65238" lon="3.25624">
        <ele>431.8</ele>
        <time>2024-05-14T03:35:20+00:00</time>
      </trkpt>
      <trkpt lat="43.65274" lon="3.25555">
        <ele>435.1</ele>
      </trkpt>
      <trkpt lat="43.65294" lon="3.25507">
        <ele>435.7</ele>
        <time>2024-05-14T03:34:38+00:00</time>
      </trkpt>
      <trkpt lat="43.65301" lon="3.25471">
        <ele>438.6</ele>
      </trkpt>
      <trkpt lat="43.65321" lon="3.25429">
        <ele>443.2</ele>
        <time>2024-05-14T03:34:11+00:00</time>
      </trkpt>
      <trkpt lat="43.65318" lon="3.25405">
        <ele>442.9</ele>
      </trkpt>
      <trkpt lat="43.65307" lon="3.25373">
        <ele>441.7</ele>
      </trkpt>
      <trkpt lat="43.65306" lon="3.2535">
        <ele>440.3</ele>
        <time>2024-05-14T03:33:47+00:00</time>
      </trkpt>
      <trkpt lat="43.65308" lon="3.25303">
        <ele>438.2</ele>
        <time>2024-05-14T03:33:31+00:00</time>
      </trkpt>
      <trkpt lat="43.65299" lon="3.25224">
        <ele>436.8</ele>
        <time>2024-05-14T03:33:07+00:00</time>
      </trkpt>
      <trkpt lat="43.65304" lon="3.25193">
        <ele>437.1</ele>
        <time>2024-05-14T03:32:56+00:00</time>
      </trkpt>
      <trkpt lat="43.65324" lon="3.2516">
        <ele>437.5</ele>
        <time>2024-05-14T03:32:42+00:00</time>
      </trkpt>
      <trkpt lat="43.65331" lon="3.25138">
        <ele>436.1</ele>
      </trkpt>
      <trkpt lat="43.6533" lon="3.25063">
        <ele>435.3</ele>
        <time>2024-05-14T03:32:12+00:00</time>
      </trkpt>
      <trkpt lat="43.65338" lon="3.25032">
        <ele>436.1</ele>
      </trkpt>
      <trkpt lat="43.65349" lon="3.25001">
        <ele>433.3</ele>
        <time>2024-05-14T03:31:54+00:00</time>
      </trkpt>
      <trkpt lat="43.65344" lon="3.2498">
        <ele>435.4</ele>
        <time>2024-05-14T03:31:44+00:00</time>
      </trkpt>
      <trkpt lat="43.65332" lon="3.2497">
        <ele>434.5</ele>
      </trkpt>
      <trkpt lat="43.65293" lon="3.24951">
        <ele>431.1</ele>
      </trkpt>
      <trkpt lat="43.65274" lon="3.24938">
        <ele>431.8</ele>
        <time>2024-05-14T03:31:12+00:00</time>
      </trkpt>
      <trkpt lat="43.65253" lon="3.24915">
        <ele>429.5</ele>
        <time>2024-05-14T03:31:01+00:00</time>
      </trkpt>
      <trkpt lat="43.6524" lon="3.24889">
        <ele>428.4</ele>
      </trkpt>
      <trkpt lat="43.65227" lon="3.24847">
        <ele>426.9</ele>
        <time>2024-05-14T03:30:36+00:00</time>
      </trkpt>
      <trkpt lat="43.65208" lon="3.24733">
        <ele>424.1</ele>
        <time>2024-05-14T03:30:01+00:00</time>
      </trkpt>
      <trkpt lat="43.6519" lon="3.24701">
        <ele>420.8</ele>
      </trkpt>
      <trkpt lat="43.65186" lon="3.24682">
        <ele>419.9</ele>
        <time>2024-05-14T03:29:42+00:00</time>
      </trkpt>
      <trkpt lat="43.65187" lon="3.24639">
        <ele>418.6</ele>
      </trkpt>
      <trkpt lat="43.65199" lon="3.2451">
        <ele>413.6</ele>
        <time>2024-05-14T03:28:50+00:00</time>
      </trkpt>
      <trkpt lat="43.65209" lon="3.24484">
        <ele>413.4</ele>
      </trkpt>
      <trkpt lat="43.65223" lon="3.24462">
        <ele>413.3</ele>
        <time>2024-05-14T03:28:32+00:00</time>
      </trkpt>
      <trkpt lat="43.6524" lon="3.24443">
        <ele>411.7</ele>
        <time>2024-05-14T03:28:18+00:00</time>
      </trkpt>
      <trkpt lat="43.65268" lon="3.24433">
        <ele>410.2</ele>
      </trkpt>
      <trkpt lat="43.65319" lon="3.24422">
        <ele>412.6</ele>
        <time>2024-05-14T03:27:48+00:00</time>
      </trkpt>
      <trkpt lat="43.65338" lon="3.24407">
        <ele>412.3</ele>
      </trkpt>
      <trkpt lat="43.65359" lon="3.24377">
        <ele>410.1</ele>
      </trkpt>
      <trkpt lat="43.65383" lon="3.24353">
        <ele>409.2</ele>
        <time>2024-05-14T03:27:13+00:00</time>
      </trkpt>
      <trkpt lat="43.65434" lon="3.24333">
        <ele>408.7</ele>
      </trkpt>
      <trkpt lat="43.65474" lon="3.24313">
        <ele>410.8</ele>
        <time>2024-05-14T03:26:31+00:00</time>
      </trkpt>
      <trkpt lat="43.65509" lon="3.24309">
        <ele>410</ele>
        <time>2024-05-14T03:26:19+00:00</time>
      </trkpt>
      <trkpt lat="43.65519" lon="3.24299">
        <ele>408.9</ele>
      </trkpt>
      <trkpt lat="43.65527" lon="3.24277">
        <ele>409.8</ele>
        <time>2024-05-14T03:26:09+00:00</time>
      </trkpt>
      <trkpt lat="43.65518" lon="3.24179">
        <ele>406.6</ele>
        <time>2024-05-14T03:25:36+00:00</time>
      </trkpt>
      <trkpt lat="43.65513" lon="3.24157">
        <ele>406.1</ele>
      </trkpt>
      <trkpt lat="43.65504" lon="3.24144">
        <ele>407.5</ele>
        <time>2024-05-14T03:25:22+00:00</time>
      </trkpt>
      <trkpt lat="43.65453" lon="3.24106">
        <ele>406.5</ele>
        <time>2024-05-14T03:24:52+00:00</time>
      </trkpt>
      <trkpt lat="43.65441" lon="3.2409">
        <ele>405.5</ele>
      </trkpt>
      <trkpt lat="43.65428" lon="3.2406">
        <ele>404.9</ele>
        <time>2024-05-14T03:24:38+00:00</time>
      </trkpt>
      <trkpt lat="43.65337" lon="3.23954">
        <ele>401.6</ele>
      </trkpt>
      <trkpt lat="43.65269" lon="3.23883">
        <ele>398</ele>
      </trkpt>
      <trkpt lat="43.65214" lon="3.23829">
        <ele>394.8</ele>
        <time>2024-05-14T03:22:44+00:00</time>
      </trkpt>
      <trkpt lat="43.65191" lon="3.23788">
        <ele>393.3</ele>
      </trkpt>
      <trkpt lat="43.65179" lon="3.2375">
        <ele>391.7</ele>
        <time>2024-05-14T03:22:15+00:00</time>
      </trkpt>
      <trkpt lat="43.65165" lon="3.23695">
        <ele>390.1</ele>
      </trkpt>
      <trkpt lat="43.65152" lon="3.23662">
        <ele>388.5</ele>
        <time>2024-05-14T03:21:45+00:00</time>
      </trkpt>
      <trkpt lat="43.65126" lon="3.23623">
        <ele>386</ele>
        <time>2024-05-14T03:21:29+00:00</time>
      </trkpt>
      <trkpt lat="43.65118" lon="3.23598">
        <ele>386.2</ele>
      </trkpt>
      <trkpt lat="43.65085" lon="3.23426">
        <ele>377.2</ele>
        <time>2024-05-14T03:20:27+00:00</time>
      </trkpt>
      <trkpt lat="43.65085" lon="3.23399">
        <ele>377</ele>
        <time>2024-05-14T03:20:19+00:00</time>
      </trkpt>
      <trkpt lat="43.65122" lon="3.23254">
        <ele>370.8</ele>
      </trkpt>
      <trkpt lat="43.65168" lon="3.23212">
        <ele>367</ele>
      </trkpt>
      <trkpt lat="43.65229" lon="3.23184">
        <ele>363.9</ele>
      </trkpt>
      <trkpt lat="43.65251" lon="3.23179">
        <ele>363</ele>
      </trkpt>
      <trkpt lat="43.65344" lon="3.23197">
        <ele>358</ele>
      </trkpt>
      <trkpt lat="43.65361" lon="3.23206">
        <ele>358.9</ele>
      </trkpt>
      <trkpt lat="43.65383" lon="3.23223">
        <ele>356.1</ele>
      </trkpt>
      <trkpt lat="43.65402" lon="3.2323">
        <ele>356.3</ele>
      </trkpt>
      <trkpt lat="43.65435" lon="3.23233">
        <ele>355.6</ele>
      </trkpt>
      <trkpt lat="43.65472" lon="3.23241">
        <ele>351.8</ele>
      </trkpt>
      <trkpt lat="43.65521" lon="3.23278">
        <ele>348.5</ele>
      </trkpt>
      <trkpt lat="43.65595" lon="3.23263">
        <ele>346.6</ele>
      </trkpt>
      <trkpt lat="43.65627" lon="3.23259">
        <ele>345.3</ele>
      </trkpt>
      <trkpt lat="43.65645" lon="3.23261">
        <ele>344.9</ele>
      </trkpt>
      <trkpt lat="43.65685" lon="3.23271">
        <ele>342.8</ele>
      </trkpt>
      <trkpt lat="43.65704" lon="3.23287">
        <ele>346.8</ele>
      </trkpt>
      <trkpt lat="43.65716" lon="3.23281">
        <ele>344.2</ele>
      </trkpt>
      <trkpt lat="43.6573" lon="3.23229">
        <ele>341.9</ele>
      </trkpt>
      <trkpt lat="43.65722" lon="3.23212">
        <ele>344.2</ele>
      </trkpt>
      <trkpt lat="43.65704" lon="3.23205">
        <ele>343.3</ele>
      </trkpt>
      <trkpt lat="43.65602" lon="3.23153">
        <ele>342.8</ele>
      </trkpt>
      <trkpt lat="43.65561" lon="3.23139">
        <ele>341.7</ele>
      </trkpt>
      <trkpt lat="43.65528" lon="3.23118">
        <ele>339.3</ele>
      </trkpt>
      <trkpt lat="43.6552" lon="3.23108">
        <ele>340.5</ele>
      </trkpt>
      <trkpt lat="43.65464" lon="3.23068">
        <ele>338.9</ele>
      </trkpt>
      <trkpt lat="43.65437" lon="3.23038">
        <ele>337.8</ele>
      </trkpt>
      <trkpt lat="43.65406" lon="3.22996">
        <ele>335.9</ele>
      </trkpt>
      <trkpt lat="43.65391" lon="3.2296">
        <ele>335</ele>
      </trkpt>
      <trkpt lat="43.65361" lon="3.22923">
        <ele>333.6</ele>
      </trkpt>
      <trkpt lat="43.65346" lon="3.22889">
        <ele>331.1</ele>
      </trkpt>
      <trkpt lat="43.65332" lon="3.22808">
        <ele>328</ele>
      </trkpt>
      <trkpt lat="43.65349" lon="3.22731">
        <ele>327.9</ele>
      </trkpt>
      <trkpt lat="43.65346" lon="3.22693">
        <ele>326.3</ele>
      </trkpt>
      <trkpt lat="43.65347" lon="3.22652">
        <ele>325.9</ele>
      </trkpt>
      <trkpt lat="43.65371" lon="3.22547">
        <ele>323.5</ele>
      </trkpt>
      <trkpt lat="43.65377" lon="3.22471">
        <ele>320.1</ele>
      </trkpt>
      <trkpt lat="43.65372" lon="3.22438">
        <ele>319.8</ele>
      </trkpt>
      <trkpt lat="43.65344" lon="3.22372">
        <ele>316.6</ele>
      </trkpt>
      <trkpt lat="43.6534" lon="3.22332">
        <ele>314.8</ele>
      </trkpt>
      <trkpt lat="43.65356" lon="3.22271">
        <ele>312.2</ele>
      </trkpt>
      <trkpt lat="43.65413" lon="3.22172">
        <ele>307.9</ele>
      </trkpt>
      <trkpt lat="43.65428" lon="3.22114">
        <ele>305.8</ele>
      </trkpt>
      <trkpt lat="43.65449" lon="3.22074">
        <ele>303.5</ele>
      </trkpt>
      <trkpt lat="43.65561" lon="3.2203">
        <ele>299</ele>
      </trkpt>
      <trkpt lat="43.6564" lon="3.22008">
        <ele>294.3</ele>
      </trkpt>
      <trkpt lat="43.65663" lon="3.21993">
        <ele>292.8</ele>
      </trkpt>
      <trkpt lat="43.65675" lon="3.21968">
        <ele>291.4</ele>
      </trkpt>
      <trkpt lat="43.65683" lon="3.21874">
        <ele>287.5</ele>
      </trkpt>
      <trkpt lat="43.65705" lon="3.21763">
        <ele>284.5</ele>
      </trkpt>
      <trkpt lat="43.65737" lon="3.21721">
        <ele>282.9</ele>
      </trkpt>
      <trkpt lat="43.65742" lon="3.21695">
        <ele>281.3</ele>
      </trkpt>
      <trkpt lat="43.65737" lon="3.21677">
        <ele>278.5</ele>
      </trkpt>
      <trkpt lat="43.65714" lon="3.21637">
        <ele>277</ele>
      </trkpt>
      <trkpt lat="43.65712" lon="3.21623">
        <ele>275.8</ele>
      </trkpt>
      <trkpt lat="43.65729" lon="3.21597">
        <ele>276.1</ele>
      </trkpt>
      <trkpt lat="43.657" lon="3.21552">
        <ele>276.2</ele>
      </trkpt>
      <trkpt lat="43.65676" lon="3.21499">
        <ele>275.4</ele>
      </trkpt>
      <trkpt lat="43.65671" lon="3.21437">
        <ele>274.9</ele>
      </trkpt>
      <trkpt lat="43.65612" lon="3.21345">
        <ele>272.9</ele>
      </trkpt>
      <trkpt lat="43.65595" lon="3.21304">
        <ele>270.6</ele>
      </trkpt>
      <trkpt lat="43.65585" lon="3.21291">
        <ele>270.2</ele>
      </trkpt>
      <trkpt lat="43.65555" lon="3.21269">
        <ele>271.9</ele>
      </trkpt>
      <trkpt lat="43.65507" lon="3.21195">
        <ele>270.5</ele>
      </trkpt>
      <trkpt lat="43.65493" lon="3.21147">
        <ele>270.4</ele>
      </trkpt>
      <trkpt lat="43.65457" lon="3.20968">
        <ele>266.6</ele>
      </trkpt>
      <trkpt lat="43.65433" lon="3.20889">
        <ele>266.5</ele>
      </trkpt>
      <trkpt lat="43.6542" lon="3.20848">
        <ele>265.5</ele>
      </trkpt>
      <trkpt lat="43.65391" lon="3.20799">
        <ele>265.2</ele>
      </trkpt>
      <trkpt lat="43.65342" lon="3.20577">
        <ele>263.3</ele>
      </trkpt>
      <trkpt lat="43.65314" lon="3.20551">
        <ele>262.7</ele>
      </trkpt>
      <trkpt lat="43.65304" lon="3.20528">
        <ele>261.8</ele>
      </trkpt>
      <trkpt lat="43.65296" lon="3.20464">
        <ele>259.9</ele>
      </trkpt>
      <trkpt lat="43.65277" lon="3.20401">
        <ele>259.6</ele>
      </trkpt>
      <trkpt lat="43.65272" lon="3.20348">
        <ele>258.2</ele>
      </trkpt>
      <trkpt lat="43.65279" lon="3.20319">
        <ele>258.6</ele>
      </trkpt>
      <trkpt lat="43.653" lon="3.20289">
        <ele>258.1</ele>
      </trkpt>
      <trkpt lat="43.65315" lon="3.20232">
        <ele>258</ele>
      </trkpt>
      <trkpt lat="43.65314" lon="3.20197">
        <ele>256.3</ele>
      </trkpt>
      <trkpt lat="43.6531" lon="3.2016">
        <ele>256.8</ele>
      </trkpt>
      <trkpt lat="43.65315" lon="3.20127">
        <ele>256.7</ele>
      </trkpt>
      <trkpt lat="43.65315" lon="3.20103">
        <ele>255.4</ele>
      </trkpt>
      <trkpt lat="43.65294" lon="3.20019">
        <ele>254.7</ele>
      </trkpt>
      <trkpt lat="43.65265" lon="3.1997">
        <ele>254.2</ele>
      </trkpt>
      <trkpt lat="43.65242" lon="3.19919">
        <ele>254.1</ele>
      </trkpt>
      <trkpt lat="43.65224" lon="3.1987">
        <ele>252.9</ele>
      </trkpt>
      <trkpt lat="43.65186" lon="3.19695">
        <ele>251.8</ele>
      </trkpt>
      <trkpt lat="43.65172" lon="3.1964">
        <ele>251.5</ele>
      </trkpt>
      <trkpt lat="43.6517" lon="3.19604">
        <ele>251.5</ele>
      </trkpt>
      <trkpt lat="43.65173" lon="3.19565">
        <ele>252</ele>
      </trkpt>
      <trkpt lat="43.65225" lon="3.19412">
        <ele>250</ele>
      </trkpt>
      <trkpt lat="43.65241" lon="3.19298">
        <ele>247.5</ele>
      </trkpt>
      <trkpt lat="43.65248" lon="3.19155">
        <ele>245.4</ele>
      </trkpt>
      <trkpt lat="43.65257" lon="3.19096">
        <ele>244.7</ele>
      </trkpt>
      <trkpt lat="43.65277" lon="3.19011">
        <ele>242.3</ele>
      </trkpt>
      <trkpt lat="43.65265" lon="3.18687">
        <ele>239.7</ele>
      </trkpt>
      <trkpt lat="43.65262" lon="3.18652">
        <ele>239.2</ele>
      </trkpt>
      <trkpt lat="43.65247" lon="3.18592">
        <ele>238.1</ele>
      </trkpt>
      <trkpt lat="43.65246" lon="3.18558">
        <ele>237.8</ele>
      </trkpt>
      <trkpt lat="43.65247" lon="3.18517">
        <ele>237.7</ele>
      </trkpt>
      <trkpt lat="43.65275" lon="3.1839">
        <ele>236.7</ele>
      </trkpt>
      <trkpt lat="43.65275" lon="3.18367">
        <ele>236.8</ele>
      </trkpt>
      <trkpt lat="43.65242" lon="3.18196">
        <ele>235.2</ele>
      </trkpt>
      <trkpt lat="43.65211" lon="3.18152">
        <ele>233.9</ele>
      </trkpt>
      <trkpt lat="43.65204" lon="3.18137">
        <ele>233.5</ele>
      </trkpt>
      <trkpt lat="43.6521" lon="3.18115">
        <ele>233</ele>
      </trkpt>
      <trkpt lat="43.65244" lon="3.18081">
        <ele>233.2</ele>
      </trkpt>
      <trkpt lat="43.65255" lon="3.1806">
        <ele>233.5</ele>
      </trkpt>
      <trkpt lat="43.65265" lon="3.18019">
        <ele>232.4</ele>
      </trkpt>
      <trkpt lat="43.65284" lon="3.17993">
        <ele>231.7</ele>
      </trkpt>
      <trkpt lat="43.65288" lon="3.18001">
        <ele>232.5</ele>
      </trkpt>
      <trkpt lat="43.65291" lon="3.18026">
        <ele>234.4</ele>
      </trkpt>
      <trkpt lat="43.65298" lon="3.18046">
        <ele>235.7</ele>
      </trkpt>
      <trkpt lat="43.65302" lon="3.18062">
        <ele>237.3</ele>
      </trkpt>
      <trkpt lat="43.65307" lon="3.18064">
        <ele>237.8</ele>
      </trkpt>
      <trkpt lat="43.65337" lon="3.18041">
        <ele>241.4</ele>
      </trkpt>
      <trkpt lat="43.65493" lon="3.18054">
        <ele>256.8</ele>
      </trkpt>
      <trkpt lat="43.65537" lon="3.1805">
        <ele>260.2</ele>
      </trkpt>
      <trkpt lat="43.65566" lon="3.18054">
        <ele>261.9</ele>
      </trkpt>
      <trkpt lat="43.65623" lon="3.18045">
        <ele>266.5</ele>
      </trkpt>
      <trkpt lat="43.65699" lon="3.18031">
        <ele>271</ele>
      </trkpt>
      <trkpt lat="43.65741" lon="3.18051">
        <ele>274.9</ele>
      </trkpt>
      <trkpt lat="43.65776" lon="3.18055">
        <ele>277</ele>
      </trkpt>
      <trkpt lat="43.65808" lon="3.18055">
        <ele>280.1</ele>
      </trkpt>
      <trkpt lat="43.65821" lon="3.18043">
        <ele>280.9</ele>
      </trkpt>
      <trkpt lat="43.65832" lon="3.18022">
        <ele>281.7</ele>
      </trkpt>
      <trkpt lat="43.65836" lon="3.1798">
        <ele>285.8</ele>
      </trkpt>
      <trkpt lat="43.65879" lon="3.178">
        <ele>297.3</ele>
      </trkpt>
      <trkpt lat="43.65881" lon="3.1778">
        <ele>297.8</ele>
      </trkpt>
      <trkpt lat="43.65853" lon="3.17737">
        <ele>296.7</ele>
      </trkpt>
      <trkpt lat="43.65828" lon="3.17702">
        <ele>296</ele>
      </trkpt>
      <trkpt lat="43.65804" lon="3.17639">
        <ele>299.3</ele>
      </trkpt>
      <trkpt lat="43.65796" lon="3.17617">
        <ele>300.4</ele>
      </trkpt>
      <trkpt lat="43.6581" lon="3.17587">
        <ele>303.2</ele>
      </trkpt>
      <trkpt lat="43.65847" lon="3.1758">
        <ele>304.4</ele>
      </trkpt>
      <trkpt lat="43.65856" lon="3.17548">
        <ele>305.8</ele>
      </trkpt>
      <trkpt lat="43.65847" lon="3.17506">
        <ele>310</ele>
      </trkpt>
      <trkpt lat="43.65853" lon="3.17489">
        <ele>310.8</ele>
      </trkpt>
      <trkpt lat="43.65863" lon="3.1748">
        <ele>311.5</ele>
      </trkpt>
      <trkpt lat="43.65897" lon="3.17476">
        <ele>311.3</ele>
      </trkpt>
      <trkpt lat="43.65912" lon="3.17452">
        <ele>312.4</ele>
      </trkpt>
      <trkpt lat="43.65916" lon="3.17407">
        <ele>315.8</ele>
      </trkpt>
      <trkpt lat="43.65926" lon="3.17389">
        <ele>317.4</ele>
      </trkpt>
      <trkpt lat="43.65954" lon="3.17367">
        <ele>316.9</ele>
      </trkpt>
      <trkpt lat="43.65966" lon="3.17316">
        <ele>320.2</ele>
      </trkpt>
      <trkpt lat="43.65977" lon="3.17294">
        <ele>321.8</ele>
      </trkpt>
      <trkpt lat="43.66001" lon="3.17253">
        <ele>323.1</ele>
      </trkpt>
      <trkpt lat="43.66007" lon="3.17238">
        <ele>322.5</ele>
      </trkpt>
      <trkpt lat="43.65999" lon="3.17229">
        <ele>324.1</ele>
      </trkpt>
      <trkpt lat="43.65982" lon="3.17255">
        <ele>327.3</ele>
      </trkpt>
      <trkpt lat="43.65944" lon="3.17292">
        <ele>331.6</ele>
      </trkpt>
      <trkpt lat="43.65937" lon="3.17303">
        <ele>331.5</ele>
      </trkpt>
      <trkpt lat="43.6593" lon="3.17295">
        <ele>335</ele>
      </trkpt>
      <trkpt lat="43.65935" lon="3.17281">
        <ele>336</ele>
      </trkpt>
      <trkpt lat="43.65954" lon="3.17249">
        <ele>334.8</ele>
      </trkpt>
      <trkpt lat="43.65955" lon="3.17231">
        <ele>335.6</ele>
      </trkpt>
      <trkpt lat="43.65947" lon="3.17213">
        <ele>337.4</ele>
      </trkpt>
      <trkpt lat="43.65926" lon="3.17212">
        <ele>339.8</ele>
      </trkpt>
      <trkpt lat="43.65911" lon="3.17215">
        <ele>343.1</ele>
      </trkpt>
      <trkpt lat="43.65897" lon="3.17209">
        <ele>344.5</ele>
      </trkpt>
      <trkpt lat="43.6588" lon="3.17194">
        <ele>343.9</ele>
      </trkpt>
      <trkpt lat="43.65849" lon="3.17186">
        <ele>347.7</ele>
      </trkpt>
      <trkpt lat="43.65831" lon="3.17163">
        <ele>348.4</ele>
      </trkpt>
      <trkpt lat="43.65822" lon="3.17114">
        <ele>344.9</ele>
      </trkpt>
      <trkpt lat="43.65826" lon="3.17088">
        <ele>345.8</ele>
      </trkpt>
      <trkpt lat="43.65852" lon="3.17041">
        <ele>343.9</ele>
      </trkpt>
      <trkpt lat="43.65865" lon="3.17021">
        <ele>342.9</ele>
      </trkpt>
      <trkpt lat="43.65862" lon="3.17011">
        <ele>342.8</ele>
      </trkpt>
      <trkpt lat="43.65855" lon="3.17001">
        <ele>342.8</ele>
      </trkpt>
      <trkpt lat="43.6581" lon="3.1696">
        <ele>335.3</ele>
      </trkpt>
      <trkpt lat="43.658" lon="3.16921">
        <ele>332.8</ele>
      </trkpt>
      <trkpt lat="43.65803" lon="3.16882">
        <ele>330.9</ele>
      </trkpt>
      <trkpt lat="43.65818" lon="3.16839">
        <ele>325</ele>
      </trkpt>
      <trkpt lat="43.65822" lon="3.16786">
        <ele>322.8</ele>
      </trkpt>
      <trkpt lat="43.65816" lon="3.1676">
        <ele>322.4</ele>
      </trkpt>
      <trkpt lat="43.65785" lon="3.16699">
        <ele>322</ele>
      </trkpt>
      <trkpt lat="43.65736" lon="3.16673">
        <ele>319.6</ele>
      </trkpt>
      <trkpt lat="43.65704" lon="3.1664">
        <ele>319.4</ele>
      </trkpt>
      <trkpt lat="43.65684" lon="3.1663">
        <ele>317.9</ele>
      </trkpt>
      <trkpt lat="43.6562" lon="3.16607">
        <ele>314.4</ele>
      </trkpt>
      <trkpt lat="43.65608" lon="3.16595">
        <ele>313.3</ele>
      </trkpt>
      <trkpt lat="43.65604" lon="3.16579">
        <ele>313.2</ele>
      </trkpt>
      <trkpt lat="43.65611" lon="3.16491">
        <ele>309.3</ele>
      </trkpt>
      <trkpt lat="43.65602" lon="3.16451">
        <ele>306.4</ele>
      </trkpt>
      <trkpt lat="43.65591" lon="3.16427">
        <ele>305.8</ele>
      </trkpt>
      <trkpt lat="43.65528" lon="3.16334">
        <ele>303.9</ele>
      </trkpt>
      <trkpt lat="43.65523" lon="3.16313">
        <ele>304.4</ele>
      </trkpt>
      <trkpt lat="43.65522" lon="3.16248">
        <ele>303.6</ele>
      </trkpt>
      <trkpt lat="43.65524" lon="3.1623">
        <ele>303.4</ele>
      </trkpt>
      <trkpt lat="43.65536" lon="3.16219">
        <ele>302</ele>
      </trkpt>
      <trkpt lat="43.65576" lon="3.16208">
        <ele>297.4</ele>
      </trkpt>
      <trkpt lat="43.65596" lon="3.16189">
        <ele>294.1</ele>
      </trkpt>
      <trkpt lat="43.65599" lon="3.16168">
        <ele>294.8</ele>
      </trkpt>
      <trkpt lat="43.65592" lon="3.16134">
        <ele>292.7</ele>
      </trkpt>
      <trkpt lat="43.656" lon="3.16112">
        <ele>290.8</ele>
      </trkpt>
      <trkpt lat="43.65635" lon="3.16057">
        <ele>286.3</ele>
      </trkpt>
      <trkpt lat="43.65647" lon="3.15981">
        <ele>283.1</ele>
      </trkpt>
      <trkpt lat="43.65687" lon="3.15892">
        <ele>279.3</ele>
      </trkpt>
      <trkpt lat="43.65728" lon="3.15846">
        <ele>275.5</ele>
      </trkpt>
      <trkpt lat="43.65746" lon="3.15833">
        <ele>272.4</ele>
      </trkpt>
      <trkpt lat="43.65761" lon="3.15804">
        <ele>272.3</ele>
      </trkpt>
      <trkpt lat="43.65774" lon="3.15804">
        <ele>269</ele>
      </trkpt>
      <trkpt lat="43.65772" lon="3.1582">
        <ele>266.3</ele>
      </trkpt>
      <trkpt lat="43.65751" lon="3.15848">
        <ele>266</ele>
      </trkpt>
      <trkpt lat="43.65725" lon="3.15885">
        <ele>263.4</ele>
      </trkpt>
      <trkpt lat="43.65705" lon="3.1593">
        <ele>260.8</ele>
      </trkpt>
      <trkpt lat="43.65695" lon="3.15976">
        <ele>257.2</ele>
      </trkpt>
      <trkpt lat="43.65697" lon="3.16022">
        <ele>254.7</ele>
      </trkpt>
      <trkpt lat="43.65702" lon="3.16044">
        <ele>254.5</ele>
      </trkpt>
      <trkpt lat="43.65708" lon="3.16049">
        <ele>252.7</ele>
      </trkpt>
      <trkpt lat="43.65711" lon="3.16039">
        <ele>250.4</ele>
      </trkpt>
      <trkpt lat="43.65706" lon="3.16016">
        <ele>250.2</ele>
      </trkpt>
      <trkpt lat="43.65711" lon="3.1598">
        <ele>247.8</ele>
      </trkpt>
      <trkpt lat="43.65728" lon="3.15943">
        <ele>245.7</ele>
      </trkpt>
      <trkpt lat="43.65747" lon="3.15923">
        <ele>242.5</ele>
      </trkpt>
      <trkpt lat="43.65799" lon="3.15883">
        <ele>237</ele>
      </trkpt>
      <trkpt lat="43.65847" lon="3.15856">
        <ele>233.1</ele>
      </trkpt>
      <trkpt lat="43.65869" lon="3.1586">
        <ele>230.1</ele>
      </trkpt>
      <trkpt lat="43.65886" lon="3.15854">
        <ele>229.6</ele>
      </trkpt>
      <trkpt lat="43.65895" lon="3.15838">
        <ele>228.1</ele>
      </trkpt>
      <trkpt lat="43.65908" lon="3.1583">
        <ele>227.2</ele>
      </trkpt>
      <trkpt lat="43.65954" lon="3.1582">
        <ele>226.2</ele>
      </trkpt>
      <trkpt lat="43.65977" lon="3.15811">
        <ele>225.2</ele>
      </trkpt>
      <trkpt lat="43.6596" lon="3.15754">
        <ele>224.5</ele>
      </trkpt>
      <trkpt lat="43.6594" lon="3.15698">
        <ele>224.3</ele>
      </trkpt>
      <trkpt lat="43.65907" lon="3.15616">
        <ele>224.1</ele>
      </trkpt>
      <trkpt lat="43.65873" lon="3.1557">
        <ele>225.8</ele>
      </trkpt>
      <trkpt lat="43.65791" lon="3.15402">
        <ele>225.5</ele>
      </trkpt>
      <trkpt lat="43.65738" lon="3.15347">
        <ele>224.7</ele>
      </trkpt>
      <trkpt lat="43.65698" lon="3.1532">
        <ele>225.9</ele>
      </trkpt>
      <trkpt lat="43.65665" lon="3.15305">
        <ele>226.1</ele>
      </trkpt>
      <trkpt lat="43.65619" lon="3.15275">
        <ele>229</ele>
      </trkpt>
      <trkpt lat="43.65598" lon="3.15269">
        <ele>229</ele>
      </trkpt>
      <trkpt lat="43.6558" lon="3.15272">
        <ele>229.4</ele>
      </trkpt>
      <trkpt lat="43.65567" lon="3.15242">
        <ele>228.4</ele>
      </trkpt>
      <trkpt lat="43.65562" lon="3.1521">
        <ele>222.6</ele>
      </trkpt>
      <trkpt lat="43.65547" lon="3.1519">
        <ele>221</ele>
      </trkpt>
      <trkpt lat="43.65516" lon="3.15162">
        <ele>218.7</ele>
      </trkpt>
      <trkpt lat="43.65487" lon="3.15152">
        <ele>221.4</ele>
      </trkpt>
      <trkpt lat="43.65479" lon="3.15143">
        <ele>220</ele>
      </trkpt>
      <trkpt lat="43.65516" lon="3.15112">
        <ele>216.7</ele>
      </trkpt>
      <trkpt lat="43.65535" lon="3.15109">
        <ele>218.5</ele>
      </trkpt>
      <trkpt lat="43.65574" lon="3.1498">
        <ele>222</ele>
      </trkpt>
      <trkpt lat="43.65591" lon="3.14953">
        <ele>223.5</ele>
      </trkpt>
      <trkpt lat="43.6548" lon="3.14892">
        <ele>223.9</ele>
      </trkpt>
      <trkpt lat="43.65449" lon="3.1488">
        <ele>224.9</ele>
      </trkpt>
      <trkpt lat="43.65419" lon="3.1488">
        <ele>224.7</ele>
      </trkpt>
      <trkpt lat="43.65272" lon="3.14917">
        <ele>222.2</ele>
      </trkpt>
      <trkpt lat="43.65254" lon="3.14919">
        <ele>222.8</ele>
      </trkpt>
      <trkpt lat="43.65186" lon="3.1494">
        <ele>223.5</ele>
      </trkpt>
      <trkpt lat="43.65177" lon="3.14944">
        <ele>223.1</ele>
      </trkpt>
      <trkpt lat="43.65161" lon="3.14915">
        <ele>225.8</ele>
      </trkpt>
      <trkpt lat="43.65139" lon="3.14906">
        <ele>225.6</ele>
      </trkpt>
      <trkpt lat="43.6513" lon="3.14875">
        <ele>227.4</ele>
      </trkpt>
      <trkpt lat="43.65122" lon="3.14863">
        <ele>225.8</ele>
      </trkpt>
      <trkpt lat="43.65115" lon="3.14788">
        <ele>228.6</ele>
      </trkpt>
      <trkpt lat="43.65122" lon="3.14726">
        <ele>232.8</ele>
      </trkpt>
      <trkpt lat="43.65121" lon="3.14699">
        <ele>232.4</ele>
      </trkpt>
      <trkpt lat="43.65113" lon="3.14653">
        <ele>232.7</ele>
      </trkpt>
      <trkpt lat="43.65106" lon="3.14597">
        <ele>233.5</ele>
      </trkpt>
      <trkpt lat="43.65093" lon="3.14555">
        <ele>234.6</ele>
      </trkpt>
      <trkpt lat="43.65081" lon="3.14499">
        <ele>236.7</ele>
      </trkpt>
      <trkpt lat="43.65066" lon="3.14441">
        <ele>238.6</ele>
      </trkpt>
      <trkpt lat="43.65065" lon="3.14384">
        <ele>239.2</ele>
      </trkpt>
      <trkpt lat="43.65061" lon="3.14356">
        <ele>238.9</ele>
      </trkpt>
      <trkpt lat="43.65072" lon="3.14312">
        <ele>244.5</ele>
      </trkpt>
      <trkpt lat="43.65105" lon="3.14265">
        <ele>244.3</ele>
      </trkpt>
      <trkpt lat="43.65113" lon="3.14234">
        <ele>245.3</ele>
      </trkpt>
      <trkpt lat="43.65115" lon="3.14191">
        <ele>249.1</ele>
      </trkpt>
      <trkpt lat="43.65112" lon="3.14173">
        <ele>249.2</ele>
      </trkpt>
      <trkpt lat="43.65104" lon="3.14144">
        <ele>251.6</ele>
      </trkpt>
      <trkpt lat="43.65092" lon="3.14103">
        <ele>254.7</ele>
      </trkpt>
      <trkpt lat="43.65045" lon="3.13987">
        <ele>261.6</ele>
      </trkpt>
      <trkpt lat="43.65038" lon="3.1397">
        <ele>263</ele>
      </trkpt>
      <trkpt lat="43.65024" lon="3.13905">
        <ele>265.3</ele>
      </trkpt>
      <trkpt lat="43.6501" lon="3.13861">
        <ele>268.7</ele>
      </trkpt>
      <trkpt lat="43.64999" lon="3.13798">
        <ele>268.4</ele>
      </trkpt>
      <trkpt lat="43.6499" lon="3.13705">
        <ele>267.5</ele>
      </trkpt>
      <trkpt lat="43.64991" lon="3.13677">
        <ele>266</ele>
      </trkpt>
      <trkpt lat="43.65046" lon="3.13632">
        <ele>268.8</ele>
      </trkpt>
      <trkpt lat="43.65108" lon="3.13432">
        <ele>283.6</ele>
      </trkpt>
      <trkpt lat="43.65111" lon="3.13351">
        <ele>292.4</ele>
      </trkpt>
      <trkpt lat="43.65187" lon="3.13136">
        <ele>308.9</ele>
      </trkpt>
      <trkpt lat="43.65195" lon="3.13124">
        <ele>307</ele>
      </trkpt>
      <trkpt lat="43.65194" lon="3.13098">
        <ele>311.1</ele>
      </trkpt>
      <trkpt lat="43.65207" lon="3.13077">
        <ele>314.5</ele>
      </trkpt>
      <trkpt lat="43.6521" lon="3.13066">
        <ele>315</ele>
      </trkpt>
      <trkpt lat="43.65217" lon="3.13064">
        <ele>315.8</ele>
      </trkpt>
      <trkpt lat="43.65228" lon="3.13068">
        <ele>317.2</ele>
      </trkpt>
      <trkpt lat="43.65242" lon="3.1306">
        <ele>319.8</ele>
      </trkpt>
      <trkpt lat="43.65242" lon="3.13048">
        <ele>321</ele>
      </trkpt>
      <trkpt lat="43.65257" lon="3.13052">
        <ele>320.9</ele>
      </trkpt>
      <trkpt lat="43.65269" lon="3.13059">
        <ele>319.3</ele>
      </trkpt>
      <trkpt lat="43.65281" lon="3.13024">
        <ele>322.7</ele>
      </trkpt>
      <trkpt lat="43.65287" lon="3.12991">
        <ele>327.2</ele>
      </trkpt>
      <trkpt lat="43.65304" lon="3.12991">
        <ele>327.1</ele>
      </trkpt>
      <trkpt lat="43.65309" lon="3.12975">
        <ele>329.2</ele>
      </trkpt>
      <trkpt lat="43.6532" lon="3.12961">
        <ele>332.3</ele>
      </trkpt>
      <trkpt lat="43.65338" lon="3.12972">
        <ele>333</ele>
      </trkpt>
      <trkpt lat="43.65352" lon="3.1297">
        <ele>333.4</ele>
      </trkpt>
      <trkpt lat="43.6539" lon="3.12938">
        <ele>336.2</ele>
      </trkpt>
      <trkpt lat="43.65401" lon="3.12919">
        <ele>339.3</ele>
      </trkpt>
      <trkpt lat="43.65415" lon="3.12907">
        <ele>339.5</ele>
      </trkpt>
      <trkpt lat="43.65424" lon="3.12913">
        <ele>341.4</ele>
      </trkpt>
      <trkpt lat="43.65427" lon="3.12939">
        <ele>342.3</ele>
      </trkpt>
      <trkpt lat="43.65429" lon="3.12966">
        <ele>343.6</ele>
      </trkpt>
      <trkpt lat="43.65449" lon="3.13013">
        <ele>348.3</ele>
      </trkpt>
      <trkpt lat="43.65467" lon="3.13034">
        <ele>350.9</ele>
      </trkpt>
      <trkpt lat="43.65525" lon="3.13076">
        <ele>358.1</ele>
      </trkpt>
      <trkpt lat="43.6554" lon="3.13077">
        <ele>359.5</ele>
      </trkpt>
      <trkpt lat="43.65581" lon="3.13069">
        <ele>363.6</ele>
      </trkpt>
      <trkpt lat="43.65593" lon="3.13073">
        <ele>365.4</ele>
      </trkpt>
      <trkpt lat="43.65604" lon="3.13094">
        <ele>365.5</ele>
      </trkpt>
      <trkpt lat="43.65616" lon="3.13121">
        <ele>366.3</ele>
      </trkpt>
      <trkpt lat="43.65627" lon="3.13131">
        <ele>367</ele>
      </trkpt>
      <trkpt lat="43.65686" lon="3.13135">
        <ele>373.7</ele>
      </trkpt>
      <trkpt lat="43.65695" lon="3.13147">
        <ele>373.2</ele>
      </trkpt>
      <trkpt lat="43.65697" lon="3.13157">
        <ele>373.7</ele>
      </trkpt>
      <trkpt lat="43.65685" lon="3.13175">
        <ele>373.4</ele>
      </trkpt>
      <trkpt lat="43.65648" lon="3.13208">
        <ele>376.4</ele>
      </trkpt>
      <trkpt lat="43.65626" lon="3.13228">
        <ele>377.7</ele>
      </trkpt>
      <trkpt lat="43.65593" lon="3.13282">
        <ele>381.7</ele>
      </trkpt>
      <trkpt lat="43.65578" lon="3.13329">
        <ele>381.9</ele>
      </trkpt>
      <trkpt lat="43.65586" lon="3.13363">
        <ele>380.4</ele>
      </trkpt>
      <trkpt lat="43.65603" lon="3.13389">
        <ele>380.4</ele>
      </trkpt>
      <trkpt lat="43.65616" lon="3.134">
        <ele>379.6</ele>
      </trkpt>
      <trkpt lat="43.65657" lon="3.13412">
        <ele>380.9</ele>
      </trkpt>
      <trkpt lat="43.65672" lon="3.13437">
        <ele>377.6</ele>
      </trkpt>
      <trkpt lat="43.65687" lon="3.13499">
        <ele>374.4</ele>
      </trkpt>
      <trkpt lat="43.65703" lon="3.1352">
        <ele>373.9</ele>
      </trkpt>
      <trkpt lat="43.65725" lon="3.13524">
        <ele>371.8</ele>
      </trkpt>
      <trkpt lat="43.65741" lon="3.13514">
        <ele>371.3</ele>
      </trkpt>
      <trkpt lat="43.65793" lon="3.13465">
        <ele>369.6</ele>
      </trkpt>
      <trkpt lat="43.65809" lon="3.13465">
        <ele>367.8</ele>
      </trkpt>
      <trkpt lat="43.65847" lon="3.13478">
        <ele>365.5</ele>
      </trkpt>
      <trkpt lat="43.6588" lon="3.13475">
        <ele>364.3</ele>
      </trkpt>
      <trkpt lat="43.65912" lon="3.13446">
        <ele>363.6</ele>
      </trkpt>
      <trkpt lat="43.6594" lon="3.13408">
        <ele>362.8</ele>
      </trkpt>
      <trkpt lat="43.65953" lon="3.13401">
        <ele>362.8</ele>
      </trkpt>
      <trkpt lat="43.65965" lon="3.13403">
        <ele>362.4</ele>
      </trkpt>
      <trkpt lat="43.65972" lon="3.13419">
        <ele>359.4</ele>
      </trkpt>
      <trkpt lat="43.65997" lon="3.13427">
        <ele>362.4</ele>
      </trkpt>
      <trkpt lat="43.66046" lon="3.13465">
        <ele>365.7</ele>
      </trkpt>
      <trkpt lat="43.66094" lon="3.13482">
        <ele>364.7</ele>
      </trkpt>
      <trkpt lat="43.66117" lon="3.13496">
        <ele>365.7</ele>
      </trkpt>
      <trkpt lat="43.66155" lon="3.1344">
        <ele>358.7</ele>
      </trkpt>
      <trkpt lat="43.66176" lon="3.13402">
        <ele>355.3</ele>
      </trkpt>
      <trkpt lat="43.66248" lon="3.13351">
        <ele>351.1</ele>
      </trkpt>
      <trkpt lat="43.6627" lon="3.13354">
        <ele>348.9</ele>
      </trkpt>
      <trkpt lat="43.66391" lon="3.13386">
        <ele>343.8</ele>
      </trkpt>
      <trkpt lat="43.66479" lon="3.13397">
        <ele>336.7</ele>
      </trkpt>
      <trkpt lat="43.66556" lon="3.13433">
        <ele>335</ele>
      </trkpt>
      <trkpt lat="43.66593" lon="3.13419">
        <ele>331.1</ele>
      </trkpt>
      <trkpt lat="43.66592" lon="3.13395">
        <ele>332.5</ele>
      </trkpt>
      <trkpt lat="43.6656" lon="3.13389">
        <ele>328.3</ele>
      </trkpt>
      <trkpt lat="43.66538" lon="3.13371">
        <ele>329</ele>
      </trkpt>
      <trkpt lat="43.66497" lon="3.13321">
        <ele>329.2</ele>
      </trkpt>
      <trkpt lat="43.66416" lon="3.13256">
        <ele>326.9</ele>
      </trkpt>
      <trkpt lat="43.66347" lon="3.13229">
        <ele>325.4</ele>
      </trkpt>
      <trkpt lat="43.66315" lon="3.13197">
        <ele>326.6</ele>
      </trkpt>
      <trkpt lat="43.66298" lon="3.13159">
        <ele>321.5</ele>
      </trkpt>
      <trkpt lat="43.66298" lon="3.13102">
        <ele>317.7</ele>
      </trkpt>
      <trkpt lat="43.66358" lon="3.12884">
        <ele>304.7</ele>
      </trkpt>
      <trkpt lat="43.6639" lon="3.12808">
        <ele>299.7</ele>
      </trkpt>
      <trkpt lat="43.664" lon="3.12767">
        <ele>296.4</ele>
      </trkpt>
      <trkpt lat="43.66426" lon="3.12674">
        <ele>288.4</ele>
      </trkpt>
      <trkpt lat="43.66447" lon="3.12656">
        <ele>287.4</ele>
      </trkpt>
      <trkpt lat="43.6651" lon="3.12662">
        <ele>287.3</ele>
      </trkpt>
      <trkpt lat="43.66537" lon="3.12657">
        <ele>287</ele>
      </trkpt>
      <trkpt lat="43.66542" lon="3.12628">
        <ele>281.4</ele>
      </trkpt>
      <trkpt lat="43.66509" lon="3.12527">
        <ele>283.8</ele>
      </trkpt>
      <trkpt lat="43.66479" lon="3.12498">
        <ele>284.4</ele>
      </trkpt>
      <trkpt lat="43.66466" lon="3.12472">
        <ele>284.7</ele>
      </trkpt>
      <trkpt lat="43.66453" lon="3.12438">
        <ele>290.5</ele>
      </trkpt>
      <trkpt lat="43.66428" lon="3.12422">
        <ele>286.9</ele>
      </trkpt>
      <trkpt lat="43.66403" lon="3.12344">
        <ele>286.9</ele>
      </trkpt>
      <trkpt lat="43.66394" lon="3.12274">
        <ele>284.6</ele>
      </trkpt>
      <trkpt lat="43.66395" lon="3.12202">
        <ele>280.3</ele>
      </trkpt>
      <trkpt lat="43.66386" lon="3.12069">
        <ele>274.4</ele>
      </trkpt>
      <trkpt lat="43.66356" lon="3.11908">
        <ele>274.4</ele>
      </trkpt>
      <trkpt lat="43.66337" lon="3.11858">
        <ele>272.2</ele>
      </trkpt>
      <trkpt lat="43.66154" lon="3.11598">
        <ele>267.3</ele>
      </trkpt>
      <trkpt lat="43.66113" lon="3.11569">
        <ele>269.8</ele>
      </trkpt>
      <trkpt lat="43.65982" lon="3.11542">
        <ele>266</ele>
      </trkpt>
      <trkpt lat="43.6595" lon="3.11533">
        <ele>263.4</ele>
      </trkpt>
      <trkpt lat="43.65838" lon="3.11438">
        <ele>262.1</ele>
      </trkpt>
      <trkpt lat="43.65793" lon="3.11365">
        <ele>264.1</ele>
      </trkpt>
      <trkpt lat="43.65627" lon="3.11175">
        <ele>259.8</ele>
      </trkpt>
      <trkpt lat="43.65614" lon="3.11145">
        <ele>259</ele>
      </trkpt>
      <trkpt lat="43.656" lon="3.11065">
        <ele>257.7</ele>
      </trkpt>
      <trkpt lat="43.65566" lon="3.10981">
        <ele>251.7</ele>
      </trkpt>
      <trkpt lat="43.65725" lon="3.10754">
        <ele>254.7</ele>
      </trkpt>
      <trkpt lat="43.65752" lon="3.10733">
        <ele>254.3</ele>
      </trkpt>
      <trkpt lat="43.65777" lon="3.1073">
        <ele>257</ele>
      </trkpt>
      <trkpt lat="43.65791" lon="3.10756">
        <ele>257.2</ele>
      </trkpt>
      <trkpt lat="43.65798" lon="3.10809">
        <ele>260.8</ele>
      </trkpt>
      <trkpt lat="43.65843" lon="3.10882">
        <ele>262.3</ele>
      </trkpt>
      <trkpt lat="43.65908" lon="3.10942">
        <ele>260.6</ele>
      </trkpt>
      <trkpt lat="43.65919" lon="3.10982">
        <ele>261.8</ele>
      </trkpt>
      <trkpt lat="43.65918" lon="3.11031">
        <ele>262.8</ele>
      </trkpt>
      <trkpt lat="43.65939" lon="3.11081">
        <ele>261.7</ele>
      </trkpt>
      <trkpt lat="43.66017" lon="3.11144">
        <ele>262.8</ele>
      </trkpt>
      <trkpt lat="43.66071" lon="3.11151">
        <ele>258.9</ele>
      </trkpt>
      <trkpt lat="43.6612" lon="3.11171">
        <ele>261.3</ele>
      </trkpt>
      <trkpt lat="43.66223" lon="3.11135">
        <ele>260.7</ele>
      </trkpt>
      <trkpt lat="43.66288" lon="3.11089">
        <ele>261.9</ele>
      </trkpt>
      <trkpt lat="43.66421" lon="3.10984">
        <ele>264.2</ele>
      </trkpt>
      <trkpt lat="43.66434" lon="3.10954">
        <ele>264</ele>
      </trkpt>
      <trkpt lat="43.66373" lon="3.10629">
        <ele>269.7</ele>
      </trkpt>
      <trkpt lat="43.66339" lon="3.10461">
        <ele>276.3</ele>
      </trkpt>
      <trkpt lat="43.66303" lon="3.10333">
        <ele>280.5</ele>
      </trkpt>
      <trkpt lat="43.66292" lon="3.10294">
        <ele>281</ele>
      </trkpt>
      <trkpt lat="43.66237" lon="3.1021">
        <ele>283.4</ele>
      </trkpt>
      <trkpt lat="43.66225" lon="3.10177">
        <ele>283.7</ele>
      </trkpt>
      <trkpt lat="43.66209" lon="3.10112">
        <ele>285.1</ele>
      </trkpt>
      <trkpt lat="43.66212" lon="3.1003">
        <ele>281.7</ele>
      </trkpt>
      <trkpt lat="43.66208" lon="3.10005">
        <ele>283.4</ele>
      </trkpt>
      <trkpt lat="43.66133" lon="3.0992">
        <ele>281.9</ele>
      </trkpt>
      <trkpt lat="43.66075" lon="3.09808">
        <ele>282.8</ele>
      </trkpt>
      <trkpt lat="43.66053" lon="3.09723">
        <ele>283.4</ele>
      </trkpt>
      <trkpt lat="43.66045" lon="3.09633">
        <ele>285.6</ele>
      </trkpt>
      <trkpt lat="43.66027" lon="3.09559">
        <ele>284.4</ele>
      </trkpt>
      <trkpt lat="43.66037" lon="3.0948">
        <ele>286.1</ele>
      </trkpt>
      <trkpt lat="43.66034" lon="3.09427">
        <ele>287.6</ele>
      </trkpt>
      <trkpt lat="43.66018" lon="3.09381">
        <ele>287.8</ele>
      </trkpt>
      <trkpt lat="43.6598" lon="3.09298">
        <ele>289</ele>
      </trkpt>
      <trkpt lat="43.65972" lon="3.0926">
        <ele>287.6</ele>
      </trkpt>
      <trkpt lat="43.65959" lon="3.09221">
        <ele>288.8</ele>
      </trkpt>
      <trkpt lat="43.65937" lon="3.09183">
        <ele>285.9</ele>
      </trkpt>
      <trkpt lat="43.65833" lon="3.09096">
        <ele>286.8</ele>
      </trkpt>
      <trkpt lat="43.65801" lon="3.09076">
        <ele>286.5</ele>
      </trkpt>
      <trkpt lat="43.65691" lon="3.09019">
        <ele>287.6</ele>
      </trkpt>
      <trkpt lat="43.65684" lon="3.09023">
        <ele>285.5</ele>
      </trkpt>
      <trkpt lat="43.65677" lon="3.09021">
        <ele>285</ele>
      </trkpt>
      <trkpt lat="43.65562" lon="3.08969">
        <ele>284.6</ele>
      </trkpt>
      <trkpt lat="43.65557" lon="3.08959">
        <ele>284.6</ele>
      </trkpt>
      <trkpt lat="43.65552" lon="3.08938">
        <ele>283.9</ele>
      </trkpt>
      <trkpt lat="43.65552" lon="3.08918">
        <ele>283.9</ele>
      </trkpt>
      <trkpt lat="43.65562" lon="3.08876">
        <ele>281</ele>
      </trkpt>
      <trkpt lat="43.65569" lon="3.08863">
        <ele>280.2</ele>
      </trkpt>
      <trkpt lat="43.65605" lon="3.08847">
        <ele>283.1</ele>
      </trkpt>
      <trkpt lat="43.65601" lon="3.0881">
        <ele>276.8</ele>
      </trkpt>
      <trkpt lat="43.65601" lon="3.08783">
        <ele>272</ele>
      </trkpt>
      <trkpt lat="43.65605" lon="3.08744">
        <ele>273.8</ele>
      </trkpt>
      <trkpt lat="43.65618" lon="3.08692">
        <ele>280.3</ele>
      </trkpt>
      <trkpt lat="43.65629" lon="3.08662">
        <ele>284.5</ele>
      </trkpt>
      <trkpt lat="43.65647" lon="3.08632">
        <ele>282.6</ele>
      </trkpt>
      <trkpt lat="43.65664" lon="3.08611">
        <ele>283.9</ele>
      </trkpt>
      <trkpt lat="43.65753" lon="3.08537">
        <ele>285</ele>
      </trkpt>
      <trkpt lat="43.6577" lon="3.08526">
        <ele>285.3</ele>
      </trkpt>
      <trkpt lat="43.65792" lon="3.08516">
        <ele>285.1</ele>
      </trkpt>
      <trkpt lat="43.65827" lon="3.08507">
        <ele>285.9</ele>
      </trkpt>
      <trkpt lat="43.65909" lon="3.08498">
        <ele>291.9</ele>
      </trkpt>
      <trkpt lat="43.65933" lon="3.08489">
        <ele>294.3</ele>
      </trkpt>
      <trkpt lat="43.65961" lon="3.0847">
        <ele>289.7</ele>
      </trkpt>
      <trkpt lat="43.65981" lon="3.08451">
        <ele>286.7</ele>
      </trkpt>
      <trkpt lat="43.66056" lon="3.08364">
        <ele>288.2</ele>
      </trkpt>
      <trkpt lat="43.66079" lon="3.08329">
        <ele>291.6</ele>
      </trkpt>
      <trkpt lat="43.66092" lon="3.08306">
        <ele>293</ele>
      </trkpt>
      <trkpt lat="43.66108" lon="3.08248">
        <ele>294.4</ele>
      </trkpt>
      <trkpt lat="43.66117" lon="3.08198">
        <ele>289.2</ele>
      </trkpt>
      <trkpt lat="43.6612" lon="3.08135">
        <ele>294.1</ele>
      </trkpt>
      <trkpt lat="43.66124" lon="3.08114">
        <ele>293.1</ele>
      </trkpt>
      <trkpt lat="43.66141" lon="3.08052">
        <ele>291.4</ele>
      </trkpt>
      <trkpt lat="43.6615" lon="3.08008">
        <ele>304.3</ele>
      </trkpt>
      <trkpt lat="43.6616" lon="3.07922">
        <ele>303.7</ele>
      </trkpt>
      <trkpt lat="43.66149" lon="3.07855">
        <ele>294.1</ele>
      </trkpt>
      <trkpt lat="43.66142" lon="3.07805">
        <ele>292.8</ele>
      </trkpt>
      <trkpt lat="43.66137" lon="3.07751">
        <ele>294.4</ele>
      </trkpt>
      <trkpt lat="43.66139" lon="3.07719">
        <ele>293.1</ele>
      </trkpt>
      <trkpt lat="43.66153" lon="3.0761">
        <ele>294.5</ele>
      </trkpt>
      <trkpt lat="43.66162" lon="3.07554">
        <ele>294.9</ele>
      </trkpt>
      <trkpt lat="43.66164" lon="3.07511">
        <ele>294.9</ele>
      </trkpt>
      <trkpt lat="43.66161" lon="3.07455">
        <ele>291.6</ele>
      </trkpt>
      <trkpt lat="43.66157" lon="3.07387">
        <ele>287.4</ele>
      </trkpt>
      <trkpt lat="43.66151" lon="3.07342">
        <ele>289.2</ele>
      </trkpt>
      <trkpt lat="43.66142" lon="3.07306">
        <ele>292.6</ele>
      </trkpt>
      <trkpt lat="43.66134" lon="3.07283">
        <ele>291.8</ele>
      </trkpt>
      <trkpt lat="43.66115" lon="3.07244">
        <ele>293.8</ele>
      </trkpt>
      <trkpt lat="43.66124" lon="3.07212">
        <ele>295.2</ele>
      </trkpt>
      <trkpt lat="43.66111" lon="3.07203">
        <ele>294.7</ele>
      </trkpt>
      <trkpt lat="43.66092" lon="3.07204">
        <ele>294.6</ele>
      </trkpt>
      <trkpt lat="43.66067" lon="3.07176">
        <ele>295.3</ele>
      </trkpt>
      <trkpt lat="43.66045" lon="3.07146">
        <ele>298.1</ele>
      </trkpt>
      <trkpt lat="43.66021" lon="3.07087">
        <ele>298.4</ele>
      </trkpt>
      <trkpt lat="43.66014" lon="3.07058">
        <ele>298.8</ele>
      </trkpt>
      <trkpt lat="43.6601" lon="3.07022">
        <ele>294.8</ele>
      </trkpt>
      <trkpt lat="43.6601" lon="3.0698">
        <ele>296.7</ele>
      </trkpt>
      <trkpt lat="43.66012" lon="3.06945">
        <ele>300.6</ele>
      </trkpt>
      <trkpt lat="43.66016" lon="3.06915">
        <ele>301.6</ele>
      </trkpt>
      <trkpt lat="43.66034" lon="3.06857">
        <ele>295.4</ele>
      </trkpt>
      <trkpt lat="43.66051" lon="3.06846">
        <ele>297</ele>
      </trkpt>
      <trkpt lat="43.66057" lon="3.06836">
        <ele>294.8</ele>
      </trkpt>
      <trkpt lat="43.66068" lon="3.06802">
        <ele>294</ele>
      </trkpt>
      <trkpt lat="43.66102" lon="3.06722">
        <ele>294.7</ele>
      </trkpt>
      <trkpt lat="43.66247" lon="3.06409">
        <ele>299.4</ele>
      </trkpt>
      <trkpt lat="43.66252" lon="3.06382">
        <ele>300.5</ele>
      </trkpt>
      <trkpt lat="43.66283" lon="3.06313">
        <ele>301.4</ele>
      </trkpt>
      <trkpt lat="43.66286" lon="3.06307">
        <ele>301.3</ele>
      </trkpt>
      <trkpt lat="43.66297" lon="3.06297">
        <ele>301.6</ele>
      </trkpt>
      <trkpt lat="43.66311" lon="3.0627">
        <ele>301.6</ele>
      </trkpt>
      <trkpt lat="43.66328" lon="3.06233">
        <ele>300.8</ele>
      </trkpt>
      <trkpt lat="43.66337" lon="3.06203">
        <ele>301.7</ele>
      </trkpt>
      <trkpt lat="43.66348" lon="3.06143">
        <ele>301.1</ele>
      </trkpt>
      <trkpt lat="43.66357" lon="3.05958">
        <ele>304.1</ele>
      </trkpt>
      <trkpt lat="43.6636" lon="3.05857">
        <ele>304.9</ele>
      </trkpt>
      <trkpt lat="43.66359" lon="3.05817">
        <ele>304.8</ele>
      </trkpt>
      <trkpt lat="43.66356" lon="3.05788">
        <ele>304.7</ele>
      </trkpt>
      <trkpt lat="43.66346" lon="3.05725">
        <ele>305.4</ele>
      </trkpt>
      <trkpt lat="43.66341" lon="3.05715">
        <ele>305.3</ele>
      </trkpt>
      <trkpt lat="43.66331" lon="3.05708">
        <ele>305</ele>
      </trkpt>
      <trkpt lat="43.66317" lon="3.05687">
        <ele>305.2</ele>
      </trkpt>
      <trkpt lat="43.66269" lon="3.056">
        <ele>304.1</ele>
      </trkpt>
      <trkpt lat="43.66233" lon="3.05549">
        <ele>304.4</ele>
      </trkpt>
      <trkpt lat="43.66197" lon="3.05502">
        <ele>307.7</ele>
      </trkpt>
      <trkpt lat="43.6615" lon="3.05463">
        <ele>309.3</ele>
      </trkpt>
      <trkpt lat="43.66146" lon="3.05472">
        <ele>309.5</ele>
      </trkpt>
      <trkpt lat="43.66134" lon="3.0549">
        <ele>307</ele>
      </trkpt>
      <trkpt lat="43.66126" lon="3.05499">
        <ele>306.1</ele>
      </trkpt>
      <trkpt lat="43.66083" lon="3.05511">
        <ele>304.7</ele>
      </trkpt>
      <trkpt lat="43.66036" lon="3.05494">
        <ele>304.4</ele>
      </trkpt>
      <trkpt lat="43.66019" lon="3.05489">
        <ele>303.8</ele>
      </trkpt>
      <trkpt lat="43.65998" lon="3.05489">
        <ele>303.7</ele>
      </trkpt>
      <trkpt lat="43.65994" lon="3.05375">
        <ele>308.5</ele>
      </trkpt>
      <trkpt lat="43.65987" lon="3.05311">
        <ele>307.9</ele>
      </trkpt>
      <trkpt lat="43.6596" lon="3.05184">
        <ele>313</ele>
      </trkpt>
      <trkpt lat="43.65923" lon="3.05147">
        <ele>324.3</ele>
      </trkpt>
      <trkpt lat="43.65807" lon="3.05081">
        <ele>369.9</ele>
      </trkpt>
      <trkpt lat="43.65785" lon="3.05062">
        <ele>352.8</ele>
      </trkpt>
      <trkpt lat="43.65734" lon="3.04972">
        <ele>314.4</ele>
      </trkpt>
      <trkpt lat="43.65699" lon="3.04874">
        <ele>312.4</ele>
      </trkpt>
      <trkpt lat="43.6569" lon="3.04835">
        <ele>315.7</ele>
      </trkpt>
      <trkpt lat="43.6566" lon="3.04678">
        <ele>318</ele>
      </trkpt>
      <trkpt lat="43.65641" lon="3.04685">
        <ele>318</ele>
      </trkpt>
      <trkpt lat="43.65628" lon="3.0464">
        <ele>318</ele>
      </trkpt>
      <trkpt lat="43.65625" lon="3.04628">
        <ele>318</ele>
      </trkpt>
      <trkpt lat="43.65626" lon="3.04604">
        <ele>318.1</ele>
      </trkpt>
      <trkpt lat="43.65623" lon="3.04588">
        <ele>318.5</ele>
      </trkpt>
      <trkpt lat="43.65606" lon="3.04576">
        <ele>318.7</ele>
      </trkpt>
      <trkpt lat="43.65596" lon="3.04562">
        <ele>318.2</ele>
      </trkpt>
      <trkpt lat="43.65599" lon="3.0454">
        <ele>318</ele>
      </trkpt>
      <trkpt lat="43.65596" lon="3.04539">
        <ele>318</ele>
      </trkpt>
      <trkpt lat="43.65593" lon="3.04532">
        <ele>318</ele>
      </trkpt>
      <trkpt lat="43.65575" lon="3.04529">
        <ele>318</ele>
      </trkpt>
      <trkpt lat="43.65526" lon="3.04526">
        <ele>319.1</ele>
      </trkpt>
      <trkpt lat="43.6548" lon="3.0451">
        <ele>320.7</ele>
      </trkpt>
      <trkpt lat="43.65447" lon="3.04486">
        <ele>321.5</ele>
      </trkpt>
      <trkpt lat="43.65415" lon="3.04449">
        <ele>323.1</ele>
      </trkpt>
      <trkpt lat="43.65374" lon="3.04391">
        <ele>324.9</ele>
      </trkpt>
      <trkpt lat="43.65359" lon="3.04373">
        <ele>327.1</ele>
      </trkpt>
      <trkpt lat="43.65226" lon="3.04171">
        <ele>328.9</ele>
      </trkpt>
      <trkpt lat="43.65233" lon="3.04152">
        <ele>327</ele>
      </trkpt>
      <trkpt lat="43.65237" lon="3.0413">
        <ele>326.5</ele>
      </trkpt>
      <trkpt lat="43.65237" lon="3.0412">
        <ele>327</ele>
      </trkpt>
      <trkpt lat="43.65232" lon="3.04103">
        <ele>327.4</ele>
      </trkpt>
      <trkpt lat="43.65224" lon="3.0409">
        <ele>328.5</ele>
      </trkpt>
      <trkpt lat="43.65216" lon="3.04083">
        <ele>329.2</ele>
      </trkpt>
      <trkpt lat="43.65196" lon="3.04057">
        <ele>329.9</ele>
      </trkpt>
      <trkpt lat="43.65189" lon="3.04058">
        <ele>331</ele>
      </trkpt>
      <trkpt lat="43.65255" lon="3.04016">
        <ele>325.3</ele>
      </trkpt>
      <trkpt lat="43.65309" lon="3.0407">
        <ele>327.6</ele>
      </trkpt>
      <trkpt lat="43.65456" lon="3.0415">
        <ele>328.8</ele>
      </trkpt>
      <trkpt lat="43.655" lon="3.04157">
        <ele>329.3</ele>
      </trkpt>
      <trkpt lat="43.65526" lon="3.04147">
        <ele>328.8</ele>
      </trkpt>
      <trkpt lat="43.6554" lon="3.04133">
        <ele>327.5</ele>
      </trkpt>
      <trkpt lat="43.65546" lon="3.04106">
        <ele>327.6</ele>
      </trkpt>
      <trkpt lat="43.65549" lon="3.04051">
        <ele>328.4</ele>
      </trkpt>
      <trkpt lat="43.65592" lon="3.03944">
        <ele>325.7</ele>
      </trkpt>
      <trkpt lat="43.65611" lon="3.03937">
        <ele>325</ele>
      </trkpt>
      <trkpt lat="43.65618" lon="3.03919">
        <ele>324.3</ele>
      </trkpt>
      <trkpt lat="43.65648" lon="3.03854">
        <ele>325.3</ele>
      </trkpt>
      <trkpt lat="43.65687" lon="3.03796">
        <ele>324.7</ele>
      </trkpt>
      <trkpt lat="43.65731" lon="3.03757">
        <ele>326.7</ele>
      </trkpt>
      <trkpt lat="43.65987" lon="3.03541">
        <ele>327.5</ele>
      </trkpt>
      <trkpt lat="43.66083" lon="3.03432">
        <ele>328</ele>
      </trkpt>
      <trkpt lat="43.66097" lon="3.03406">
        <ele>329.2</ele>
      </trkpt>
      <trkpt lat="43.66109" lon="3.03317">
        <ele>328.8</ele>
      </trkpt>
      <trkpt lat="43.66105" lon="3.03207">
        <ele>331.4</ele>
      </trkpt>
      <trkpt lat="43.66119" lon="3.03134">
        <ele>331.6</ele>
      </trkpt>
      <trkpt lat="43.66148" lon="3.03059">
        <ele>333.5</ele>
      </trkpt>
      <trkpt lat="43.662" lon="3.02948">
        <ele>333.6</ele>
      </trkpt>
      <trkpt lat="43.66228" lon="3.02874">
        <ele>333.3</ele>
      </trkpt>
      <trkpt lat="43.66241" lon="3.02869">
        <ele>333</ele>
      </trkpt>
      <trkpt lat="43.66256" lon="3.02847">
        <ele>332.7</ele>
      </trkpt>
      <trkpt lat="43.66277" lon="3.0284">
        <ele>333.7</ele>
      </trkpt>
      <trkpt lat="43.66278" lon="3.0283">
        <ele>333.8</ele>
      </trkpt>
      <trkpt lat="43.66293" lon="3.02712">
        <ele>333.2</ele>
      </trkpt>
      <trkpt lat="43.66314" lon="3.02602">
        <ele>334.2</ele>
      </trkpt>
      <trkpt lat="43.66331" lon="3.02534">
        <ele>334.8</ele>
      </trkpt>
      <trkpt lat="43.66362" lon="3.02439">
        <ele>336</ele>
      </trkpt>
      <trkpt lat="43.66402" lon="3.02334">
        <ele>336.6</ele>
      </trkpt>
      <trkpt lat="43.6643" lon="3.02268">
        <ele>337.3</ele>
      </trkpt>
      <trkpt lat="43.66463" lon="3.02207">
        <ele>337.9</ele>
      </trkpt>
      <trkpt lat="43.66509" lon="3.0214">
        <ele>337.6</ele>
      </trkpt>
      <trkpt lat="43.66537" lon="3.02111">
        <ele>338.8</ele>
      </trkpt>
      <trkpt lat="43.66588" lon="3.02059">
        <ele>340</ele>
      </trkpt>
      <trkpt lat="43.66629" lon="3.02014">
        <ele>342.1</ele>
      </trkpt>
      <trkpt lat="43.66678" lon="3.01953">
        <ele>347.2</ele>
      </trkpt>
      <trkpt lat="43.66695" lon="3.01921">
        <ele>349</ele>
      </trkpt>
      <trkpt lat="43.66713" lon="3.01858">
        <ele>359.3</ele>
      </trkpt>
      <trkpt lat="43.66719" lon="3.01803">
        <ele>353.1</ele>
      </trkpt>
      <trkpt lat="43.66718" lon="3.0176">
        <ele>345.1</ele>
      </trkpt>
      <trkpt lat="43.66713" lon="3.01731">
        <ele>343.9</ele>
      </trkpt>
      <trkpt lat="43.66701" lon="3.01682">
        <ele>350</ele>
      </trkpt>
      <trkpt lat="43.66684" lon="3.01604">
        <ele>359.7</ele>
      </trkpt>
      <trkpt lat="43.66682" lon="3.01567">
        <ele>360.3</ele>
      </trkpt>
      <trkpt lat="43.66685" lon="3.01508">
        <ele>356.2</ele>
      </trkpt>
      <trkpt lat="43.66692" lon="3.01475">
        <ele>355.7</ele>
      </trkpt>
      <trkpt lat="43.66706" lon="3.01434">
        <ele>359.5</ele>
      </trkpt>
      <trkpt lat="43.66718" lon="3.01408">
        <ele>358.5</ele>
      </trkpt>
      <trkpt lat="43.66729" lon="3.01387">
        <ele>358.6</ele>
      </trkpt>
      <trkpt lat="43.66749" lon="3.01366">
        <ele>357.9</ele>
      </trkpt>
      <trkpt lat="43.66777" lon="3.01337">
        <ele>359.5</ele>
      </trkpt>
      <trkpt lat="43.66784" lon="3.01305">
        <ele>352.5</ele>
      </trkpt>
      <trkpt lat="43.66776" lon="3.0127">
        <ele>351.4</ele>
      </trkpt>
      <trkpt lat="43.66769" lon="3.01244">
        <ele>352.5</ele>
      </trkpt>
      <trkpt lat="43.6676" lon="3.0122">
        <ele>352.2</ele>
      </trkpt>
      <trkpt lat="43.66725" lon="3.01148">
        <ele>352.9</ele>
      </trkpt>
      <trkpt lat="43.66702" lon="3.0111">
        <ele>352.9</ele>
      </trkpt>
      <trkpt lat="43.66689" lon="3.01068">
        <ele>355.2</ele>
      </trkpt>
      <trkpt lat="43.66694" lon="3.01035">
        <ele>357.5</ele>
      </trkpt>
      <trkpt lat="43.66714" lon="3.00992">
        <ele>358.4</ele>
      </trkpt>
      <trkpt lat="43.66726" lon="3.00966">
        <ele>359.7</ele>
      </trkpt>
      <trkpt lat="43.66727" lon="3.00953">
        <ele>359.1</ele>
      </trkpt>
      <trkpt lat="43.66736" lon="3.00915">
        <ele>358.6</ele>
      </trkpt>
      <trkpt lat="43.66733" lon="3.00894">
        <ele>359.3</ele>
      </trkpt>
      <trkpt lat="43.66714" lon="3.00869">
        <ele>359.7</ele>
      </trkpt>
      <trkpt lat="43.66673" lon="3.0081">
        <ele>360</ele>
      </trkpt>
      <trkpt lat="43.66665" lon="3.00782">
        <ele>360.8</ele>
      </trkpt>
      <trkpt lat="43.66653" lon="3.00721">
        <ele>361.1</ele>
      </trkpt>
      <trkpt lat="43.66623" lon="3.00631">
        <ele>361.7</ele>
      </trkpt>
      <trkpt lat="43.66609" lon="3.00581">
        <ele>362</ele>
      </trkpt>
      <trkpt lat="43.66605" lon="3.00562">
        <ele>362.5</ele>
      </trkpt>
      <trkpt lat="43.666" lon="3.00484">
        <ele>363.8</ele>
      </trkpt>
      <trkpt lat="43.66597" lon="3.00344">
        <ele>370.4</ele>
      </trkpt>
      <trkpt lat="43.66604" lon="3.00254">
        <ele>369.4</ele>
      </trkpt>
      <trkpt lat="43.6659" lon="3.00161">
        <ele>372.1</ele>
      </trkpt>
      <trkpt lat="43.66581" lon="2.99986">
        <ele>376.2</ele>
      </trkpt>
      <trkpt lat="43.66565" lon="2.99903">
        <ele>377</ele>
      </trkpt>
      <trkpt lat="43.66545" lon="2.99897">
        <ele>373.4</ele>
      </trkpt>
      <trkpt lat="43.66518" lon="2.99896">
        <ele>376.7</ele>
      </trkpt>
      <trkpt lat="43.6651" lon="2.9985">
        <ele>380.5</ele>
      </trkpt>
      <trkpt lat="43.66514" lon="2.99781">
        <ele>384.4</ele>
      </trkpt>
      <trkpt lat="43.66525" lon="2.99766">
        <ele>383.4</ele>
      </trkpt>
      <trkpt lat="43.66532" lon="2.99729">
        <ele>385.3</ele>
      </trkpt>
      <trkpt lat="43.66536" lon="2.99692">
        <ele>387</ele>
      </trkpt>
      <trkpt lat="43.66544" lon="2.99663">
        <ele>387.5</ele>
      </trkpt>
      <trkpt lat="43.66579" lon="2.99448">
        <ele>391.4</ele>
      </trkpt>
      <trkpt lat="43.66588" lon="2.99403">
        <ele>394.5</ele>
      </trkpt>
      <trkpt lat="43.66598" lon="2.99368">
        <ele>395.1</ele>
      </trkpt>
      <trkpt lat="43.66597" lon="2.99327">
        <ele>396.6</ele>
      </trkpt>
      <trkpt lat="43.6659" lon="2.99304">
        <ele>396.5</ele>
      </trkpt>
      <trkpt lat="43.66581" lon="2.99291">
        <ele>394.1</ele>
      </trkpt>
      <trkpt lat="43.66528" lon="2.99275">
        <ele>399.9</ele>
      </trkpt>
      <trkpt lat="43.66521" lon="2.99266">
        <ele>400.9</ele>
      </trkpt>
      <trkpt lat="43.66521" lon="2.99255">
        <ele>399.8</ele>
      </trkpt>
      <trkpt lat="43.66526" lon="2.99251">
        <ele>399.1</ele>
      </trkpt>
      <trkpt lat="43.66544" lon="2.99254">
        <ele>400.7</ele>
      </trkpt>
      <trkpt lat="43.66553" lon="2.99246">
        <ele>402.8</ele>
      </trkpt>
      <trkpt lat="43.66554" lon="2.99231">
        <ele>403.2</ele>
      </trkpt>
      <trkpt lat="43.6653" lon="2.99189">
        <ele>407.3</ele>
      </trkpt>
      <trkpt lat="43.66517" lon="2.99157">
        <ele>408.1</ele>
      </trkpt>
      <trkpt lat="43.66513" lon="2.99125">
        <ele>407.3</ele>
      </trkpt>
      <trkpt lat="43.66514" lon="2.99077">
        <ele>407.5</ele>
      </trkpt>
      <trkpt lat="43.66522" lon="2.98985">
        <ele>411.9</ele>
      </trkpt>
      <trkpt lat="43.66518" lon="2.98948">
        <ele>416.9</ele>
      </trkpt>
      <trkpt lat="43.66503" lon="2.98881">
        <ele>419.4</ele>
      </trkpt>
      <trkpt lat="43.66501" lon="2.98858">
        <ele>417.4</ele>
      </trkpt>
      <trkpt lat="43.66517" lon="2.98832">
        <ele>421.2</ele>
      </trkpt>
      <trkpt lat="43.66521" lon="2.98813">
        <ele>420.2</ele>
      </trkpt>
      <trkpt lat="43.66525" lon="2.98774">
        <ele>418.3</ele>
      </trkpt>
      <trkpt lat="43.66527" lon="2.98697">
        <ele>419.4</ele>
      </trkpt>
      <trkpt lat="43.66533" lon="2.98611">
        <ele>413.5</ele>
      </trkpt>
      <trkpt lat="43.66535" lon="2.98539">
        <ele>412.8</ele>
      </trkpt>
      <trkpt lat="43.66544" lon="2.98499">
        <ele>411.1</ele>
      </trkpt>
      <trkpt lat="43.66562" lon="2.98453">
        <ele>408.6</ele>
      </trkpt>
      <trkpt lat="43.66584" lon="2.98437">
        <ele>405.5</ele>
      </trkpt>
      <trkpt lat="43.66601" lon="2.9843">
        <ele>403.6</ele>
      </trkpt>
      <trkpt lat="43.66602" lon="2.98416">
        <ele>406.7</ele>
      </trkpt>
      <trkpt lat="43.66627" lon="2.98382">
        <ele>406.3</ele>
      </trkpt>
      <trkpt lat="43.66671" lon="2.9831">
        <ele>412.7</ele>
      </trkpt>
      <trkpt lat="43.66678" lon="2.98288">
        <ele>414.3</ele>
      </trkpt>
      <trkpt lat="43.66694" lon="2.98154">
        <ele>413.6</ele>
      </trkpt>
      <trkpt lat="43.66693" lon="2.98113">
        <ele>414.5</ele>
      </trkpt>
      <trkpt lat="43.66683" lon="2.98014">
        <ele>419.5</ele>
      </trkpt>
      <trkpt lat="43.66685" lon="2.97953">
        <ele>420.6</ele>
      </trkpt>
      <trkpt lat="43.66686" lon="2.97906">
        <ele>418.9</ele>
      </trkpt>
      <trkpt lat="43.66687" lon="2.97779">
        <ele>420.8</ele>
      </trkpt>
      <trkpt lat="43.66711" lon="2.9767">
        <ele>424.2</ele>
      </trkpt>
      <trkpt lat="43.66731" lon="2.97557">
        <ele>426.1</ele>
      </trkpt>
      <trkpt lat="43.6673" lon="2.97521">
        <ele>426.2</ele>
      </trkpt>
      <trkpt lat="43.66715" lon="2.97438">
        <ele>430.5</ele>
      </trkpt>
      <trkpt lat="43.66729" lon="2.97348">
        <ele>429.6</ele>
      </trkpt>
      <trkpt lat="43.66733" lon="2.97341">
        <ele>429.2</ele>
      </trkpt>
      <trkpt lat="43.6673" lon="2.97334">
        <ele>430.3</ele>
      </trkpt>
      <trkpt lat="43.66724" lon="2.973">
        <ele>433.6</ele>
      </trkpt>
      <trkpt lat="43.66724" lon="2.97268">
        <ele>432.7</ele>
      </trkpt>
      <trkpt lat="43.66719" lon="2.97193">
        <ele>435</ele>
      </trkpt>
      <trkpt lat="43.66713" lon="2.97172">
        <ele>434.1</ele>
      </trkpt>
      <trkpt lat="43.66704" lon="2.97157">
        <ele>435.2</ele>
      </trkpt>
      <trkpt lat="43.66696" lon="2.97149">
        <ele>435.3</ele>
      </trkpt>
      <trkpt lat="43.66671" lon="2.97132">
        <ele>443.7</ele>
      </trkpt>
      <trkpt lat="43.66666" lon="2.9712">
        <ele>442.3</ele>
      </trkpt>
      <trkpt lat="43.66663" lon="2.97098">
        <ele>442.1</ele>
      </trkpt>
      <trkpt lat="43.66665" lon="2.97054">
        <ele>444.5</ele>
      </trkpt>
      <trkpt lat="43.66672" lon="2.97023">
        <ele>449.6</ele>
      </trkpt>
      <trkpt lat="43.66678" lon="2.97011">
        <ele>450.8</ele>
      </trkpt>
      <trkpt lat="43.66689" lon="2.96995">
        <ele>450.1</ele>
      </trkpt>
      <trkpt lat="43.66692" lon="2.96985">
        <ele>449.1</ele>
      </trkpt>
      <trkpt lat="43.66693" lon="2.96963">
        <ele>448.7</ele>
      </trkpt>
      <trkpt lat="43.66691" lon="2.96951">
        <ele>449.8</ele>
      </trkpt>
      <trkpt lat="43.66679" lon="2.96914">
        <ele>451.7</ele>
      </trkpt>
      <trkpt lat="43.66696" lon="2.96897">
        <ele>451.8</ele>
      </trkpt>
      <trkpt lat="43.667" lon="2.96889">
        <ele>452.4</ele>
      </trkpt>
      <trkpt lat="43.66702" lon="2.96869">
        <ele>453.7</ele>
      </trkpt>
      <trkpt lat="43.66702" lon="2.96813">
        <ele>458.8</ele>
      </trkpt>
      <trkpt lat="43.66704" lon="2.96785">
        <ele>459.1</ele>
      </trkpt>
      <trkpt lat="43.66709" lon="2.96768">
        <ele>459</ele>
      </trkpt>
      <trkpt lat="43.66717" lon="2.96752">
        <ele>460.1</ele>
      </trkpt>
      <trkpt lat="43.66739" lon="2.96732">
        <ele>459.3</ele>
      </trkpt>
      <trkpt lat="43.66747" lon="2.96719">
        <ele>459.9</ele>
      </trkpt>
      <trkpt lat="43.66754" lon="2.96691">
        <ele>463.1</ele>
      </trkpt>
      <trkpt lat="43.66764" lon="2.96629">
        <ele>467.6</ele>
      </trkpt>
      <trkpt lat="43.66764" lon="2.96614">
        <ele>467.1</ele>
      </trkpt>
      <trkpt lat="43.66755" lon="2.96595">
        <ele>467.5</ele>
      </trkpt>
      <trkpt lat="43.66737" lon="2.96574">
        <ele>469.4</ele>
      </trkpt>
      <trkpt lat="43.6671" lon="2.96553">
        <ele>471</ele>
      </trkpt>
      <trkpt lat="43.667" lon="2.96542">
        <ele>471</ele>
      </trkpt>
      <trkpt lat="43.66696" lon="2.96531">
        <ele>468.8</ele>
      </trkpt>
      <trkpt lat="43.66701" lon="2.96517">
        <ele>470.6</ele>
      </trkpt>
      <trkpt lat="43.66719" lon="2.9651">
        <ele>469.5</ele>
      </trkpt>
      <trkpt lat="43.66739" lon="2.96512">
        <ele>468.1</ele>
      </trkpt>
      <trkpt lat="43.66751" lon="2.96505">
        <ele>469.4</ele>
      </trkpt>
      <trkpt lat="43.66758" lon="2.96495">
        <ele>469.2</ele>
      </trkpt>
      <trkpt lat="43.66801" lon="2.964">
        <ele>472.5</ele>
      </trkpt>
      <trkpt lat="43.66816" lon="2.96364">
        <ele>475.2</ele>
      </trkpt>
      <trkpt lat="43.6685" lon="2.96273">
        <ele>478.5</ele>
      </trkpt>
      <trkpt lat="43.66906" lon="2.96188">
        <ele>482.4</ele>
      </trkpt>
      <trkpt lat="43.6694" lon="2.96116">
        <ele>484.9</ele>
      </trkpt>
      <trkpt lat="43.66954" lon="2.96082">
        <ele>485.4</ele>
      </trkpt>
      <trkpt lat="43.66955" lon="2.96068">
        <ele>486.4</ele>
      </trkpt>
      <trkpt lat="43.66945" lon="2.96036">
        <ele>488.1</ele>
      </trkpt>
      <trkpt lat="43.66945" lon="2.96019">
        <ele>488.5</ele>
      </trkpt>
      <trkpt lat="43.66948" lon="2.96003">
        <ele>490.5</ele>
      </trkpt>
      <trkpt lat="43.66968" lon="2.95951">
        <ele>491.7</ele>
      </trkpt>
      <trkpt lat="43.66991" lon="2.95899">
        <ele>494.1</ele>
      </trkpt>
      <trkpt lat="43.67001" lon="2.95867">
        <ele>496.4</ele>
      </trkpt>
      <trkpt lat="43.67002" lon="2.95846">
        <ele>497.2</ele>
      </trkpt>
      <trkpt lat="43.66997" lon="2.95824">
        <ele>498.2</ele>
      </trkpt>
      <trkpt lat="43.66986" lon="2.95802">
        <ele>499.3</ele>
      </trkpt>
      <trkpt lat="43.6697" lon="2.95786">
        <ele>501.3</ele>
      </trkpt>
      <trkpt lat="43.66942" lon="2.95777">
        <ele>505.4</ele>
      </trkpt>
      <trkpt lat="43.66927" lon="2.95797">
        <ele>508.3</ele>
      </trkpt>
      <trkpt lat="43.66924" lon="2.95809">
        <ele>508.6</ele>
      </trkpt>
      <trkpt lat="43.66924" lon="2.95833">
        <ele>508.4</ele>
      </trkpt>
      <trkpt lat="43.66933" lon="2.95894">
        <ele>511.9</ele>
      </trkpt>
      <trkpt lat="43.66932" lon="2.95907">
        <ele>513.2</ele>
      </trkpt>
      <trkpt lat="43.66917" lon="2.95976">
        <ele>518.4</ele>
      </trkpt>
      <trkpt lat="43.66904" lon="2.96017">
        <ele>519.7</ele>
      </trkpt>
      <trkpt lat="43.66898" lon="2.96024">
        <ele>521.3</ele>
      </trkpt>
      <trkpt lat="43.66892" lon="2.96021">
        <ele>525.1</ele>
      </trkpt>
      <trkpt lat="43.669" lon="2.9599">
        <ele>527.3</ele>
      </trkpt>
      <trkpt lat="43.66902" lon="2.95955">
        <ele>529.6</ele>
      </trkpt>
      <trkpt lat="43.66896" lon="2.9591">
        <ele>533.5</ele>
      </trkpt>
      <trkpt lat="43.66872" lon="2.9582">
        <ele>540.2</ele>
      </trkpt>
      <trkpt lat="43.66854" lon="2.95762">
        <ele>544</ele>
      </trkpt>
      <trkpt lat="43.66833" lon="2.95731">
        <ele>547.7</ele>
      </trkpt>
      <trkpt lat="43.66794" lon="2.95691">
        <ele>551.9</ele>
      </trkpt>
      <trkpt lat="43.66776" lon="2.9568">
        <ele>554.5</ele>
      </trkpt>
      <trkpt lat="43.66731" lon="2.95639">
        <ele>557.3</ele>
      </trkpt>
      <trkpt lat="43.66691" lon="2.956">
        <ele>565.7</ele>
      </trkpt>
      <trkpt lat="43.6668" lon="2.95578">
        <ele>569.7</ele>
      </trkpt>
      <trkpt lat="43.6667" lon="2.95492">
        <ele>575.6</ele>
      </trkpt>
      <trkpt lat="43.66667" lon="2.95438">
        <ele>577.7</ele>
      </trkpt>
      <trkpt lat="43.66647" lon="2.95338">
        <ele>583.3</ele>
      </trkpt>
      <trkpt lat="43.66618" lon="2.95256">
        <ele>590.2</ele>
      </trkpt>
      <trkpt lat="43.66618" lon="2.95239">
        <ele>592.2</ele>
      </trkpt>
      <trkpt lat="43.66624" lon="2.95236">
        <ele>594.7</ele>
      </trkpt>
      <trkpt lat="43.66679" lon="2.95286">
        <ele>596.4</ele>
      </trkpt>
      <trkpt lat="43.66761" lon="2.95368">
        <ele>605.6</ele>
      </trkpt>
      <trkpt lat="43.66775" lon="2.95395">
        <ele>606.7</ele>
      </trkpt>
      <trkpt lat="43.66782" lon="2.95415">
        <ele>606.4</ele>
      </trkpt>
      <trkpt lat="43.66788" lon="2.95425">
        <ele>605.2</ele>
      </trkpt>
      <trkpt lat="43.66806" lon="2.95425">
        <ele>608.9</ele>
      </trkpt>
      <trkpt lat="43.66837" lon="2.95389">
        <ele>611.5</ele>
      </trkpt>
      <trkpt lat="43.66862" lon="2.95349">
        <ele>616.4</ele>
      </trkpt>
      <trkpt lat="43.66884" lon="2.95321">
        <ele>620.3</ele>
      </trkpt>
      <trkpt lat="43.66952" lon="2.95293">
        <ele>624.7</ele>
      </trkpt>
      <trkpt lat="43.66959" lon="2.95275">
        <ele>626.5</ele>
      </trkpt>
      <trkpt lat="43.66957" lon="2.95216">
        <ele>632.9</ele>
      </trkpt>
      <trkpt lat="43.66946" lon="2.95135">
        <ele>639.2</ele>
      </trkpt>
      <trkpt lat="43.6694" lon="2.95139">
        <ele>642.2</ele>
      </trkpt>
      <trkpt lat="43.66939" lon="2.952">
        <ele>643.5</ele>
      </trkpt>
      <trkpt lat="43.66937" lon="2.95216">
        <ele>644.1</ele>
      </trkpt>
      <trkpt lat="43.66931" lon="2.95232">
        <ele>644.8</ele>
      </trkpt>
      <trkpt lat="43.66922" lon="2.95246">
        <ele>645.2</ele>
      </trkpt>
      <trkpt lat="43.66909" lon="2.95257">
        <ele>645.5</ele>
      </trkpt>
      <trkpt lat="43.66865" lon="2.95274">
        <ele>647.8</ele>
      </trkpt>
      <trkpt lat="43.66843" lon="2.95276">
        <ele>652.2</ele>
      </trkpt>
      <trkpt lat="43.66822" lon="2.95279">
        <ele>654</ele>
      </trkpt>
      <trkpt lat="43.66814" lon="2.95273">
        <ele>656.4</ele>
      </trkpt>
      <trkpt lat="43.66824" lon="2.95265">
        <ele>658.5</ele>
      </trkpt>
      <trkpt lat="43.66838" lon="2.9526">
        <ele>658.8</ele>
      </trkpt>
      <trkpt lat="43.66861" lon="2.95241">
        <ele>660</ele>
      </trkpt>
      <trkpt lat="43.66876" lon="2.95215">
        <ele>662.3</ele>
      </trkpt>
      <trkpt lat="43.66885" lon="2.95183">
        <ele>665.5</ele>
      </trkpt>
      <trkpt lat="43.66883" lon="2.95132">
        <ele>670.5</ele>
      </trkpt>
      <trkpt lat="43.6689" lon="2.95096">
        <ele>671.1</ele>
      </trkpt>
      <trkpt lat="43.66891" lon="2.95074">
        <ele>673.4</ele>
      </trkpt>
      <trkpt lat="43.66897" lon="2.95057">
        <ele>673.8</ele>
      </trkpt>
      <trkpt lat="43.6695" lon="2.94963">
        <ele>683.9</ele>
      </trkpt>
      <trkpt lat="43.66963" lon="2.94935">
        <ele>685.5</ele>
      </trkpt>
      <trkpt lat="43.66975" lon="2.94891">
        <ele>691.3</ele>
      </trkpt>
      <trkpt lat="43.66978" lon="2.94872">
        <ele>692.8</ele>
      </trkpt>
      <trkpt lat="43.6698" lon="2.94795">
        <ele>697.6</ele>
      </trkpt>
      <trkpt lat="43.66979" lon="2.94774">
        <ele>699.1</ele>
      </trkpt>
      <trkpt lat="43.66973" lon="2.94746">
        <ele>702.3</ele>
      </trkpt>
      <trkpt lat="43.66982" lon="2.94714">
        <ele>704.9</ele>
      </trkpt>
      <trkpt lat="43.66999" lon="2.94692">
        <ele>705.6</ele>
      </trkpt>
      <trkpt lat="43.67005" lon="2.94671">
        <ele>707.2</ele>
      </trkpt>
      <trkpt lat="43.67011" lon="2.94645">
        <ele>707.2</ele>
      </trkpt>
      <trkpt lat="43.67008" lon="2.94635">
        <ele>709.5</ele>
      </trkpt>
      <trkpt lat="43.66994" lon="2.94642">
        <ele>713.9</ele>
      </trkpt>
      <trkpt lat="43.66986" lon="2.94667">
        <ele>714</ele>
      </trkpt>
      <trkpt lat="43.66977" lon="2.94676">
        <ele>714.1</ele>
      </trkpt>
      <trkpt lat="43.66958" lon="2.94681">
        <ele>717.5</ele>
      </trkpt>
      <trkpt lat="43.66948" lon="2.94692">
        <ele>717.5</ele>
      </trkpt>
      <trkpt lat="43.6694" lon="2.94726">
        <ele>719.1</ele>
      </trkpt>
      <trkpt lat="43.66937" lon="2.94763">
        <ele>720.4</ele>
      </trkpt>
      <trkpt lat="43.66918" lon="2.94797">
        <ele>724.1</ele>
      </trkpt>
      <trkpt lat="43.66882" lon="2.94832">
        <ele>728.9</ele>
      </trkpt>
      <trkpt lat="43.66831" lon="2.94866">
        <ele>734.5</ele>
      </trkpt>
      <trkpt lat="43.66802" lon="2.94885">
        <ele>735.8</ele>
      </trkpt>
      <trkpt lat="43.66781" lon="2.94908">
        <ele>737.3</ele>
      </trkpt>
      <trkpt lat="43.66766" lon="2.94932">
        <ele>740.5</ele>
      </trkpt>
      <trkpt lat="43.66758" lon="2.94924">
        <ele>744.1</ele>
      </trkpt>
      <trkpt lat="43.66752" lon="2.94884">
        <ele>746.6</ele>
      </trkpt>
      <trkpt lat="43.66754" lon="2.94857">
        <ele>746.6</ele>
      </trkpt>
      <trkpt lat="43.66805" lon="2.94787">
        <ele>749</ele>
      </trkpt>
      <trkpt lat="43.66837" lon="2.94733">
        <ele>754.3</ele>
      </trkpt>
      <trkpt lat="43.66841" lon="2.94717">
        <ele>755</ele>
      </trkpt>
      <trkpt lat="43.66844" lon="2.94657">
        <ele>756.9</ele>
      </trkpt>
      <trkpt lat="43.6685" lon="2.94633">
        <ele>757.7</ele>
      </trkpt>
      <trkpt lat="43.66861" lon="2.94603">
        <ele>759.2</ele>
      </trkpt>
      <trkpt lat="43.66881" lon="2.94563">
        <ele>761.8</ele>
      </trkpt>
      <trkpt lat="43.66902" lon="2.94502">
        <ele>765.4</ele>
      </trkpt>
      <trkpt lat="43.66907" lon="2.94481">
        <ele>764.1</ele>
      </trkpt>
      <trkpt lat="43.66878" lon="2.94429">
        <ele>767.4</ele>
      </trkpt>
      <trkpt lat="43.66859" lon="2.94405">
        <ele>770.1</ele>
      </trkpt>
      <trkpt lat="43.66833" lon="2.94356">
        <ele>770</ele>
      </trkpt>
      <trkpt lat="43.66814" lon="2.9436">
        <ele>781.2</ele>
      </trkpt>
      <trkpt lat="43.66792" lon="2.9435">
        <ele>784.7</ele>
      </trkpt>
      <trkpt lat="43.66794" lon="2.94324">
        <ele>775.7</ele>
      </trkpt>
      <trkpt lat="43.66798" lon="2.94313">
        <ele>778.8</ele>
      </trkpt>
      <trkpt lat="43.66821" lon="2.94298">
        <ele>778.2</ele>
      </trkpt>
      <trkpt lat="43.66859" lon="2.94276">
        <ele>781</ele>
      </trkpt>
      <trkpt lat="43.66873" lon="2.9426">
        <ele>784.5</ele>
      </trkpt>
      <trkpt lat="43.66882" lon="2.94255">
        <ele>785.7</ele>
      </trkpt>
      <trkpt lat="43.66905" lon="2.94259">
        <ele>785.4</ele>
      </trkpt>
      <trkpt lat="43.66929" lon="2.9426">
        <ele>786.6</ele>
      </trkpt>
      <trkpt lat="43.66956" lon="2.94253">
        <ele>789.1</ele>
      </trkpt>
      <trkpt lat="43.66984" lon="2.94244">
        <ele>792.3</ele>
      </trkpt>
      <trkpt lat="43.67014" lon="2.94242">
        <ele>793.2</ele>
      </trkpt>
      <trkpt lat="43.67031" lon="2.94216">
        <ele>796.3</ele>
      </trkpt>
      <trkpt lat="43.67038" lon="2.94195">
        <ele>797.4</ele>
      </trkpt>
      <trkpt lat="43.67041" lon="2.94148">
        <ele>799</ele>
      </trkpt>
      <trkpt lat="43.67041" lon="2.94115">
        <ele>799.6</ele>
      </trkpt>
      <trkpt lat="43.67048" lon="2.94067">
        <ele>801.9</ele>
      </trkpt>
      <trkpt lat="43.67064" lon="2.94043">
        <ele>800</ele>
      </trkpt>
      <trkpt lat="43.67071" lon="2.94016">
        <ele>801.9</ele>
      </trkpt>
      <trkpt lat="43.67082" lon="2.93961">
        <ele>807.8</ele>
      </trkpt>
      <trkpt lat="43.6709" lon="2.9391">
        <ele>813.8</ele>
      </trkpt>
      <trkpt lat="43.67095" lon="2.93898">
        <ele>814.6</ele>
      </trkpt>
      <trkpt lat="43.67108" lon="2.93886">
        <ele>814.7</ele>
      </trkpt>
      <trkpt lat="43.67115" lon="2.93883">
        <ele>816.1</ele>
      </trkpt>
      <trkpt lat="43.67122" lon="2.93885">
        <ele>818.4</ele>
      </trkpt>
      <trkpt lat="43.67128" lon="2.93907">
        <ele>817.1</ele>
      </trkpt>
      <trkpt lat="43.67146" lon="2.93948">
        <ele>819.1</ele>
      </trkpt>
      <trkpt lat="43.67153" lon="2.93971">
        <ele>819.3</ele>
      </trkpt>
      <trkpt lat="43.67157" lon="2.93978">
        <ele>819.7</ele>
      </trkpt>
      <trkpt lat="43.67174" lon="2.93994">
        <ele>823.3</ele>
      </trkpt>
      <trkpt lat="43.67182" lon="2.94007">
        <ele>824.1</ele>
      </trkpt>
      <trkpt lat="43.6719" lon="2.94037">
        <ele>823.6</ele>
      </trkpt>
      <trkpt lat="43.67195" lon="2.94038">
        <ele>825.9</ele>
      </trkpt>
      <trkpt lat="43.67198" lon="2.94028">
        <ele>827.9</ele>
      </trkpt>
      <trkpt lat="43.67185" lon="2.93979">
        <ele>831.3</ele>
      </trkpt>
      <trkpt lat="43.67169" lon="2.93954">
        <ele>829.5</ele>
      </trkpt>
      <trkpt lat="43.67163" lon="2.93905">
        <ele>831.9</ele>
      </trkpt>
      <trkpt lat="43.67152" lon="2.93868">
        <ele>833.5</ele>
      </trkpt>
      <trkpt lat="43.67147" lon="2.93842">
        <ele>834.8</ele>
      </trkpt>
      <trkpt lat="43.67147" lon="2.93823">
        <ele>836</ele>
      </trkpt>
      <trkpt lat="43.67163" lon="2.93756">
        <ele>843.6</ele>
      </trkpt>
      <trkpt lat="43.67165" lon="2.93746">
        <ele>843</ele>
      </trkpt>
      <trkpt lat="43.67161" lon="2.93735">
        <ele>843.3</ele>
      </trkpt>
      <trkpt lat="43.67155" lon="2.93733">
        <ele>843.9</ele>
      </trkpt>
      <trkpt lat="43.67127" lon="2.93728">
        <ele>846.3</ele>
      </trkpt>
      <trkpt lat="43.67111" lon="2.93729">
        <ele>846.5</ele>
      </trkpt>
      <trkpt lat="43.67068" lon="2.93747">
        <ele>849.3</ele>
      </trkpt>
      <trkpt lat="43.67027" lon="2.93769">
        <ele>851.9</ele>
      </trkpt>
      <trkpt lat="43.6701" lon="2.93789">
        <ele>854.9</ele>
      </trkpt>
      <trkpt lat="43.66978" lon="2.93841">
        <ele>856.5</ele>
      </trkpt>
      <trkpt lat="43.66962" lon="2.93861">
        <ele>860.1</ele>
      </trkpt>
      <trkpt lat="43.66957" lon="2.93858">
        <ele>862.7</ele>
      </trkpt>
      <trkpt lat="43.66976" lon="2.93776">
        <ele>869.1</ele>
      </trkpt>
      <trkpt lat="43.67003" lon="2.93716">
        <ele>869.8</ele>
      </trkpt>
      <trkpt lat="43.67032" lon="2.93672">
        <ele>871.4</ele>
      </trkpt>
      <trkpt lat="43.67055" lon="2.93613">
        <ele>874.9</ele>
      </trkpt>
      <trkpt lat="43.67087" lon="2.93561">
        <ele>876.4</ele>
      </trkpt>
      <trkpt lat="43.67111" lon="2.93547">
        <ele>876.6</ele>
      </trkpt>
      <trkpt lat="43.67121" lon="2.93536">
        <ele>875.5</ele>
      </trkpt>
      <trkpt lat="43.67132" lon="2.93509">
        <ele>877.3</ele>
      </trkpt>
      <trkpt lat="43.67135" lon="2.93503">
        <ele>877.9</ele>
      </trkpt>
      <trkpt lat="43.67147" lon="2.93493">
        <ele>878</ele>
      </trkpt>
      <trkpt lat="43.67172" lon="2.93477">
        <ele>878.6</ele>
      </trkpt>
      <trkpt lat="43.67182" lon="2.93461">
        <ele>880.5</ele>
      </trkpt>
      <trkpt lat="43.67244" lon="2.93238">
        <ele>882.9</ele>
      </trkpt>
      <trkpt lat="43.67281" lon="2.93125">
        <ele>884.5</ele>
      </trkpt>
      <trkpt lat="43.67284" lon="2.93095">
        <ele>885.6</ele>
      </trkpt>
      <trkpt lat="43.67283" lon="2.93062">
        <ele>887</ele>
      </trkpt>
      <trkpt lat="43.67278" lon="2.93019">
        <ele>888.7</ele>
      </trkpt>
      <trkpt lat="43.67248" lon="2.92954">
        <ele>885.9</ele>
      </trkpt>
      <trkpt lat="43.67165" lon="2.92853">
        <ele>878.5</ele>
      </trkpt>
      <trkpt lat="43.67158" lon="2.92804">
        <ele>875.9</ele>
      </trkpt>
      <trkpt lat="43.67124" lon="2.92777">
        <ele>876.5</ele>
      </trkpt>
      <trkpt lat="43.67096" lon="2.92752">
        <ele>876.3</ele>
      </trkpt>
      <trkpt lat="43.67079" lon="2.92697">
        <ele>881.3</ele>
      </trkpt>
      <trkpt lat="43.67076" lon="2.92643">
        <ele>883.5</ele>
      </trkpt>
      <trkpt lat="43.67063" lon="2.92617">
        <ele>883.1</ele>
      </trkpt>
      <trkpt lat="43.67008" lon="2.92588">
        <ele>882.8</ele>
      </trkpt>
      <trkpt lat="43.66994" lon="2.92539">
        <ele>879.2</ele>
      </trkpt>
      <trkpt lat="43.66984" lon="2.92529">
        <ele>878.4</ele>
      </trkpt>
      <trkpt lat="43.6696" lon="2.92524">
        <ele>875.9</ele>
      </trkpt>
      <trkpt lat="43.66932" lon="2.92528">
        <ele>874.3</ele>
      </trkpt>
      <trkpt lat="43.66867" lon="2.92508">
        <ele>866.2</ele>
      </trkpt>
      <trkpt lat="43.66859" lon="2.92495">
        <ele>865.9</ele>
      </trkpt>
      <trkpt lat="43.66865" lon="2.92477">
        <ele>865.3</ele>
      </trkpt>
      <trkpt lat="43.66914" lon="2.92429">
        <ele>867.7</ele>
      </trkpt>
      <trkpt lat="43.66978" lon="2.92412">
        <ele>871.2</ele>
      </trkpt>
      <trkpt lat="43.67012" lon="2.92373">
        <ele>874.6</ele>
      </trkpt>
      <trkpt lat="43.67018" lon="2.9233">
        <ele>881.5</ele>
      </trkpt>
      <trkpt lat="43.67078" lon="2.92265">
        <ele>880.1</ele>
      </trkpt>
      <trkpt lat="43.67138" lon="2.92218">
        <ele>881.2</ele>
      </trkpt>
      <trkpt lat="43.67183" lon="2.92136">
        <ele>882.3</ele>
      </trkpt>
      <trkpt lat="43.67183" lon="2.92136">
        <ele>882.3</ele>
      </trkpt>
      <trkpt lat="43.67196" lon="2.92066">
        <ele>885</ele>
      </trkpt>
      <trkpt lat="43.67197" lon="2.92033">
        <ele>887.4</ele>
      </trkpt>
      <trkpt lat="43.67182" lon="2.91997">
        <ele>890.9</ele>
      </trkpt>
      <trkpt lat="43.67116" lon="2.91931">
        <ele>897.8</ele>
      </trkpt>
      <trkpt lat="43.67094" lon="2.91917">
        <ele>899.8</ele>
      </trkpt>
      <trkpt lat="43.67048" lon="2.91914">
        <ele>903.6</ele>
      </trkpt>
      <trkpt lat="43.67003" lon="2.91868">
        <ele>910.5</ele>
      </trkpt>
      <trkpt lat="43.66995" lon="2.91871">
        <ele>912.3</ele>
      </trkpt>
      <trkpt lat="43.66969" lon="2.92054">
        <ele>920.9</ele>
      </trkpt>
      <trkpt lat="43.66948" lon="2.92134">
        <ele>924.2</ele>
      </trkpt>
      <trkpt lat="43.66908" lon="2.92212">
        <ele>928.4</ele>
      </trkpt>
      <trkpt lat="43.66863" lon="2.92235">
        <ele>931.4</ele>
      </trkpt>
      <trkpt lat="43.66778" lon="2.9235">
        <ele>938.3</ele>
      </trkpt>
      <trkpt lat="43.66709" lon="2.92389">
        <ele>936.5</ele>
      </trkpt>
      <trkpt lat="43.66653" lon="2.92348">
        <ele>938.5</ele>
      </trkpt>
      <trkpt lat="43.66628" lon="2.92336">
        <ele>936.7</ele>
      </trkpt>
      <trkpt lat="43.66591" lon="2.92298">
        <ele>938.3</ele>
      </trkpt>
      <trkpt lat="43.66571" lon="2.923">
        <ele>936.2</ele>
      </trkpt>
      <trkpt lat="43.66541" lon="2.92293">
        <ele>939.1</ele>
      </trkpt>
      <trkpt lat="43.66533" lon="2.92302">
        <ele>939.1</ele>
      </trkpt>
      <trkpt lat="43.66553" lon="2.9237">
        <ele>936.8</ele>
      </trkpt>
      <trkpt lat="43.66571" lon="2.92481">
        <ele>939.9</ele>
      </trkpt>
      <trkpt lat="43.66568" lon="2.92506">
        <ele>940.2</ele>
      </trkpt>
      <trkpt lat="43.66498" lon="2.92521">
        <ele>945.6</ele>
      </trkpt>
      <trkpt lat="43.6643" lon="2.92524">
        <ele>949.1</ele>
      </trkpt>
      <trkpt lat="43.66261" lon="2.92486">
        <ele>959.6</ele>
      </trkpt>
      <trkpt lat="43.66252" lon="2.92478">
        <ele>962</ele>
      </trkpt>
      <trkpt lat="43.66314" lon="2.92472">
        <ele>965.7</ele>
      </trkpt>
      <trkpt lat="43.6637" lon="2.92474">
        <ele>969.2</ele>
      </trkpt>
      <trkpt lat="43.66377" lon="2.92466">
        <ele>971.9</ele>
      </trkpt>
      <trkpt lat="43.66307" lon="2.92438">
        <ele>977.7</ele>
      </trkpt>
      <trkpt lat="43.66256" lon="2.92427">
        <ele>978.7</ele>
      </trkpt>
      <trkpt lat="43.66251" lon="2.92418">
        <ele>980.7</ele>
      </trkpt>
      <trkpt lat="43.66328" lon="2.92419">
        <ele>986</ele>
      </trkpt>
      <trkpt lat="43.66355" lon="2.92398">
        <ele>987.6</ele>
      </trkpt>
      <trkpt lat="43.66369" lon="2.92343">
        <ele>989.8</ele>
      </trkpt>
      <trkpt lat="43.66354" lon="2.92286">
        <ele>993.8</ele>
      </trkpt>
      <trkpt lat="43.66279" lon="2.9215">
        <ele>1002.9</ele>
      </trkpt>
      <trkpt lat="43.66261" lon="2.92138">
        <ele>1003.6</ele>
      </trkpt>
      <trkpt lat="43.66218" lon="2.92132">
        <ele>1008.7</ele>
      </trkpt>
      <trkpt lat="43.66133" lon="2.9206">
        <ele>1015</ele>
      </trkpt>
      <trkpt lat="43.66056" lon="2.92042">
        <ele>1022.4</ele>
      </trkpt>
      <trkpt lat="43.66021" lon="2.91943">
        <ele>1027</ele>
      </trkpt>
      <trkpt lat="43.6597" lon="2.91855">
        <ele>1033.4</ele>
      </trkpt>
      <trkpt lat="43.65992" lon="2.91919">
        <ele>1033.8</ele>
      </trkpt>
      <trkpt lat="43.65999" lon="2.91976">
        <ele>1035.4</ele>
      </trkpt>
      <trkpt lat="43.65987" lon="2.92037">
        <ele>1038.5</ele>
      </trkpt>
      <trkpt lat="43.6599" lon="2.92112">
        <ele>1040.5</ele>
      </trkpt>
      <trkpt lat="43.66007" lon="2.92145">
        <ele>1041</ele>
      </trkpt>
      <trkpt lat="43.66005" lon="2.92168">
        <ele>1042</ele>
      </trkpt>
      <trkpt lat="43.65988" lon="2.92182">
        <ele>1041.9</ele>
      </trkpt>
      <trkpt lat="43.65891" lon="2.92205">
        <ele>1043.8</ele>
      </trkpt>
      <trkpt lat="43.65826" lon="2.92233">
        <ele>1044.4</ele>
      </trkpt>
      <trkpt lat="43.65797" lon="2.92233">
        <ele>1044.8</ele>
      </trkpt>
      <trkpt lat="43.65722" lon="2.92181">
        <ele>1047.9</ele>
      </trkpt>
      <trkpt lat="43.65685" lon="2.92169">
        <ele>1049.2</ele>
      </trkpt>
      <trkpt lat="43.65542" lon="2.92163">
        <ele>1052.8</ele>
      </trkpt>
      <trkpt lat="43.65513" lon="2.92172">
        <ele>1053.1</ele>
      </trkpt>
      <trkpt lat="43.65484" lon="2.92196">
        <ele>1053.7</ele>
      </trkpt>
      <trkpt lat="43.6546" lon="2.92246">
        <ele>1054</ele>
      </trkpt>
      <trkpt lat="43.65457" lon="2.92285">
        <ele>1054.3</ele>
      </trkpt>
      <trkpt lat="43.65434" lon="2.92306">
        <ele>1056.4</ele>
      </trkpt>
      <trkpt lat="43.65407" lon="2.92319">
        <ele>1058</ele>
      </trkpt>
      <trkpt lat="43.6535" lon="2.92294">
        <ele>1060.5</ele>
      </trkpt>
      <trkpt lat="43.65278" lon="2.92498">
        <ele>1064.9</ele>
      </trkpt>
      <trkpt lat="43.65281" lon="2.92621">
        <ele>1070.1</ele>
      </trkpt>
      <trkpt lat="43.65296" lon="2.92674">
        <ele>1072.3</ele>
      </trkpt>
      <trkpt lat="43.65346" lon="2.92779">
        <ele>1074</ele>
      </trkpt>
      <trkpt lat="43.65413" lon="2.92892">
        <ele>1078.8</ele>
      </trkpt>
      <trkpt lat="43.65445" lon="2.92929">
        <ele>1078.5</ele>
      </trkpt>
      <trkpt lat="43.65516" lon="2.92996">
        <ele>1078.2</ele>
      </trkpt>
      <trkpt lat="43.65543" lon="2.93067">
        <ele>1080.1</ele>
      </trkpt>
      <trkpt lat="43.65552" lon="2.93129">
        <ele>1083.7</ele>
      </trkpt>
      <trkpt lat="43.65555" lon="2.93197">
        <ele>1087</ele>
      </trkpt>
      <trkpt lat="43.65567" lon="2.93247">
        <ele>1089.1</ele>
      </trkpt>
      <trkpt lat="43.65611" lon="2.93346">
        <ele>1093.6</ele>
      </trkpt>
      <trkpt lat="43.65673" lon="2.93424">
        <ele>1099</ele>
      </trkpt>
      <trkpt lat="43.65718" lon="2.93508">
        <ele>1101.2</ele>
      </trkpt>
      <trkpt lat="43.65749" lon="2.93545">
        <ele>1103.2</ele>
      </trkpt>
      <trkpt lat="43.65749" lon="2.93589">
        <ele>1104.1</ele>
      </trkpt>
      <trkpt lat="43.65727" lon="2.93621">
        <ele>1104.8</ele>
      </trkpt>
      <trkpt lat="43.65704" lon="2.93635">
        <ele>1105.6</ele>
      </trkpt>
      <trkpt lat="43.65616" lon="2.93657">
        <ele>1107.1</ele>
      </trkpt>
      <trkpt lat="43.65598" lon="2.93681">
        <ele>1108.1</ele>
      </trkpt>
      <trkpt lat="43.65576" lon="2.93719">
        <ele>1108.4</ele>
      </trkpt>
      <trkpt lat="43.65528" lon="2.93891">
        <ele>1111.3</ele>
      </trkpt>
      <trkpt lat="43.65376" lon="2.94048">
        <ele>1117.1</ele>
      </trkpt>
      <trkpt lat="43.65321" lon="2.94121">
        <ele>1119.2</ele>
      </trkpt>
      <trkpt lat="43.65297" lon="2.9413">
        <ele>1118.9</ele>
      </trkpt>
      <trkpt lat="43.65233" lon="2.94156">
        <ele>1119.6</ele>
      </trkpt>
      <trkpt lat="43.65174" lon="2.94185">
        <ele>1119.3</ele>
      </trkpt>
      <trkpt lat="43.65157" lon="2.94206">
        <ele>1118.9</ele>
      </trkpt>
      <trkpt lat="43.65123" lon="2.94263">
        <ele>1116.8</ele>
      </trkpt>
      <trkpt lat="43.65107" lon="2.94301">
        <ele>1113.7</ele>
      </trkpt>
      <trkpt lat="43.65094" lon="2.9433">
        <ele>1111.1</ele>
      </trkpt>
      <trkpt lat="43.65083" lon="2.94338">
        <ele>1110.1</ele>
      </trkpt>
      <trkpt lat="43.65063" lon="2.94336">
        <ele>1108.8</ele>
      </trkpt>
      <trkpt lat="43.65007" lon="2.94313">
        <ele>1104.2</ele>
      </trkpt>
      <trkpt lat="43.64986" lon="2.94308">
        <ele>1102.4</ele>
      </trkpt>
      <trkpt lat="43.64957" lon="2.94313">
        <ele>1100.5</ele>
      </trkpt>
      <trkpt lat="43.64808" lon="2.94348">
        <ele>1084.7</ele>
      </trkpt>
      <trkpt lat="43.64729" lon="2.94377">
        <ele>1083.6</ele>
      </trkpt>
      <trkpt lat="43.64703" lon="2.94392">
        <ele>1082.7</ele>
      </trkpt>
      <trkpt lat="43.64694" lon="2.94395">
        <ele>1082.2</ele>
      </trkpt>
      <trkpt lat="43.64657" lon="2.94396">
        <ele>1080.7</ele>
      </trkpt>
      <trkpt lat="43.64623" lon="2.9439">
        <ele>1079.4</ele>
      </trkpt>
      <trkpt lat="43.64579" lon="2.94394">
        <ele>1077.8</ele>
      </trkpt>
      <trkpt lat="43.64482" lon="2.94399">
        <ele>1072.3</ele>
      </trkpt>
      <trkpt lat="43.64408" lon="2.94408">
        <ele>1071.5</ele>
      </trkpt>
      <trkpt lat="43.64369" lon="2.9441">
        <ele>1072.2</ele>
      </trkpt>
      <trkpt lat="43.64349" lon="2.94407">
        <ele>1071.8</ele>
      </trkpt>
      <trkpt lat="43.64274" lon="2.94364">
        <ele>1066.7</ele>
      </trkpt>
      <trkpt lat="43.64249" lon="2.94356">
        <ele>1065.2</ele>
      </trkpt>
      <trkpt lat="43.64228" lon="2.94353">
        <ele>1064.5</ele>
      </trkpt>
      <trkpt lat="43.642" lon="2.94352">
        <ele>1063.5</ele>
      </trkpt>
      <trkpt lat="43.64182" lon="2.94357">
        <ele>1063.1</ele>
      </trkpt>
      <trkpt lat="43.64173" lon="2.94366">
        <ele>1062.8</ele>
      </trkpt>
      <trkpt lat="43.64091" lon="2.94476">
        <ele>1061.9</ele>
      </trkpt>
      <trkpt lat="43.64049" lon="2.94534">
        <ele>1062</ele>
      </trkpt>
      <trkpt lat="43.64014" lon="2.94592">
        <ele>1061.8</ele>
      </trkpt>
      <trkpt lat="43.63978" lon="2.94663">
        <ele>1061</ele>
      </trkpt>
      <trkpt lat="43.63952" lon="2.94709">
        <ele>1060.9</ele>
      </trkpt>
      <trkpt lat="43.6393" lon="2.9472">
        <ele>1061.5</ele>
      </trkpt>
      <trkpt lat="43.6388" lon="2.9474">
        <ele>1062.2</ele>
      </trkpt>
      <trkpt lat="43.63807" lon="2.94771">
        <ele>1068.7</ele>
      </trkpt>
      <trkpt lat="43.63703" lon="2.94808">
        <ele>1067.6</ele>
      </trkpt>
      <trkpt lat="43.63635" lon="2.94832">
        <ele>1064.8</ele>
      </trkpt>
      <trkpt lat="43.63545" lon="2.94863">
        <ele>1063</ele>
      </trkpt>
      <trkpt lat="43.63445" lon="2.94896">
        <ele>1063</ele>
      </trkpt>
      <trkpt lat="43.63432" lon="2.94896">
        <ele>1063.1</ele>
      </trkpt>
      <trkpt lat="43.63418" lon="2.94882">
        <ele>1062.8</ele>
      </trkpt>
      <trkpt lat="43.6337" lon="2.94795">
        <ele>1060.8</ele>
      </trkpt>
      <trkpt lat="43.63361" lon="2.94777">
        <ele>1060</ele>
      </trkpt>
      <trkpt lat="43.63359" lon="2.94757">
        <ele>1060.8</ele>
      </trkpt>
      <trkpt lat="43.63361" lon="2.94731">
        <ele>1061</ele>
      </trkpt>
      <trkpt lat="43.63383" lon="2.94574">
        <ele>1064</ele>
      </trkpt>
      <trkpt lat="43.63381" lon="2.94557">
        <ele>1064</ele>
      </trkpt>
      <trkpt lat="43.63359" lon="2.9442">
        <ele>1060.1</ele>
      </trkpt>
      <trkpt lat="43.63322" lon="2.94162">
        <ele>1054.2</ele>
      </trkpt>
      <trkpt lat="43.63305" lon="2.9397">
        <ele>1041.9</ele>
      </trkpt>
      <trkpt lat="43.63303" lon="2.93942">
        <ele>1040.8</ele>
      </trkpt>
      <trkpt lat="43.63284" lon="2.93877">
        <ele>1039.5</ele>
      </trkpt>
      <trkpt lat="43.63278" lon="2.93849">
        <ele>1039</ele>
      </trkpt>
      <trkpt lat="43.63268" lon="2.93726">
        <ele>1039.9</ele>
      </trkpt>
      <trkpt lat="43.63261" lon="2.93696">
        <ele>1040.9</ele>
      </trkpt>
      <trkpt lat="43.63214" lon="2.93545">
        <ele>1043.1</ele>
      </trkpt>
      <trkpt lat="43.63185" lon="2.93465">
        <ele>1044.3</ele>
      </trkpt>
      <trkpt lat="43.63173" lon="2.9341">
        <ele>1045.6</ele>
      </trkpt>
      <trkpt lat="43.63131" lon="2.93236">
        <ele>1058.5</ele>
      </trkpt>
      <trkpt lat="43.63081" lon="2.92981">
        <ele>1060.6</ele>
      </trkpt>
      <trkpt lat="43.63082" lon="2.92906">
        <ele>1060.5</ele>
      </trkpt>
      <trkpt lat="43.63062" lon="2.92857">
        <ele>1057.5</ele>
      </trkpt>
      <trkpt lat="43.63041" lon="2.92848">
        <ele>1055.8</ele>
      </trkpt>
      <trkpt lat="43.62986" lon="2.92838">
        <ele>1050.7</ele>
      </trkpt>
      <trkpt lat="43.62947" lon="2.92866">
        <ele>1047.2</ele>
      </trkpt>
      <trkpt lat="43.62809" lon="2.93029">
        <ele>1033.2</ele>
      </trkpt>
      <trkpt lat="43.62793" lon="2.93054">
        <ele>1033.5</ele>
      </trkpt>
      <trkpt lat="43.62774" lon="2.93057">
        <ele>1033.2</ele>
      </trkpt>
      <trkpt lat="43.62753" lon="2.93044">
        <ele>1033.5</ele>
      </trkpt>
      <trkpt lat="43.62668" lon="2.92916">
        <ele>1038</ele>
      </trkpt>
      <trkpt lat="43.62625" lon="2.9287">
        <ele>1041.2</ele>
      </trkpt>
      <trkpt lat="43.6261" lon="2.92837">
        <ele>1042.1</ele>
      </trkpt>
      <trkpt lat="43.62575" lon="2.92398">
        <ele>1045.7</ele>
      </trkpt>
      <trkpt lat="43.62563" lon="2.92372">
        <ele>1043.9</ele>
      </trkpt>
      <trkpt lat="43.62407" lon="2.92245">
        <ele>1035.9</ele>
      </trkpt>
      <trkpt lat="43.62394" lon="2.92208">
        <ele>1034.2</ele>
      </trkpt>
      <trkpt lat="43.62381" lon="2.91915">
        <ele>1034.3</ele>
      </trkpt>
      <trkpt lat="43.62359" lon="2.9189">
        <ele>1035.4</ele>
      </trkpt>
      <trkpt lat="43.62218" lon="2.91781">
        <ele>1045.8</ele>
      </trkpt>
      <trkpt lat="43.62022" lon="2.91617">
        <ele>1039</ele>
      </trkpt>
      <trkpt lat="43.61993" lon="2.91611">
        <ele>1038</ele>
      </trkpt>
      <trkpt lat="43.61815" lon="2.91629">
        <ele>1037.3</ele>
      </trkpt>
      <trkpt lat="43.61727" lon="2.9162">
        <ele>1036.4</ele>
      </trkpt>
      <trkpt lat="43.61694" lon="2.91599">
        <ele>1037</ele>
      </trkpt>
      <trkpt lat="43.61535" lon="2.9146">
        <ele>1038.5</ele>
      </trkpt>
      <trkpt lat="43.61472" lon="2.91368">
        <ele>1031</ele>
      </trkpt>
      <trkpt lat="43.614" lon="2.91293">
        <ele>1023.7</ele>
      </trkpt>
      <trkpt lat="43.61371" lon="2.91217">
        <ele>1019.2</ele>
      </trkpt>
      <trkpt lat="43.61348" lon="2.91174">
        <ele>1017.9</ele>
      </trkpt>
      <trkpt lat="43.61292" lon="2.91137">
        <ele>1017.1</ele>
      </trkpt>
      <trkpt lat="43.61237" lon="2.91074">
        <ele>1016</ele>
      </trkpt>
      <trkpt lat="43.61221" lon="2.90992">
        <ele>1016.5</ele>
      </trkpt>
      <trkpt lat="43.61184" lon="2.90957">
        <ele>1016.8</ele>
      </trkpt>
      <trkpt lat="43.61154" lon="2.90893">
        <ele>1016</ele>
      </trkpt>
      <trkpt lat="43.61147" lon="2.90846">
        <ele>1015.9</ele>
      </trkpt>
      <trkpt lat="43.61148" lon="2.90744">
        <ele>1016.5</ele>
      </trkpt>
      <trkpt lat="43.61091" lon="2.90645">
        <ele>1015.3</ele>
      </trkpt>
      <trkpt lat="43.61047" lon="2.9063">
        <ele>1015.4</ele>
      </trkpt>
      <trkpt lat="43.60974" lon="2.90616">
        <ele>1016.8</ele>
      </trkpt>
      <trkpt lat="43.60927" lon="2.90614">
        <ele>1017.9</ele>
      </trkpt>
      <trkpt lat="43.60829" lon="2.90648">
        <ele>1021</ele>
      </trkpt>
      <trkpt lat="43.6069" lon="2.90666">
        <ele>1027.3</ele>
      </trkpt>
      <trkpt lat="43.6061" lon="2.90653">
        <ele>1031.1</ele>
      </trkpt>
      <trkpt lat="43.60559" lon="2.90675">
        <ele>1033.3</ele>
      </trkpt>
      <trkpt lat="43.60492" lon="2.90658">
        <ele>1036.2</ele>
      </trkpt>
      <trkpt lat="43.60433" lon="2.90623">
        <ele>1039.7</ele>
      </trkpt>
      <trkpt lat="43.60405" lon="2.9054">
        <ele>1041.9</ele>
      </trkpt>
      <trkpt lat="43.60387" lon="2.90453">
        <ele>1043.7</ele>
      </trkpt>
      <trkpt lat="43.60369" lon="2.90417">
        <ele>1045.3</ele>
      </trkpt>
      <trkpt lat="43.60291" lon="2.90348">
        <ele>1049.2</ele>
      </trkpt>
      <trkpt lat="43.60269" lon="2.90321">
        <ele>1049.2</ele>
      </trkpt>
      <trkpt lat="43.60257" lon="2.90276">
        <ele>1049.3</ele>
      </trkpt>
      <trkpt lat="43.60239" lon="2.9011">
        <ele>1055.4</ele>
      </trkpt>
      <trkpt lat="43.60243" lon="2.90092">
        <ele>1055.4</ele>
      </trkpt>
      <trkpt lat="43.60314" lon="2.90019">
        <ele>1054.9</ele>
      </trkpt>
      <trkpt lat="43.60356" lon="2.89958">
        <ele>1051.6</ele>
      </trkpt>
      <trkpt lat="43.60388" lon="2.89882">
        <ele>1048.8</ele>
      </trkpt>
      <trkpt lat="43.6043" lon="2.89819">
        <ele>1042.6</ele>
      </trkpt>
      <trkpt lat="43.60427" lon="2.89763">
        <ele>1041.5</ele>
      </trkpt>
      <trkpt lat="43.60351" lon="2.89632">
        <ele>1034.7</ele>
      </trkpt>
      <trkpt lat="43.60333" lon="2.89586">
        <ele>1030.3</ele>
      </trkpt>
      <trkpt lat="43.60308" lon="2.89464">
        <ele>1023.9</ele>
      </trkpt>
      <trkpt lat="43.60292" lon="2.89444">
        <ele>1023.4</ele>
      </trkpt>
      <trkpt lat="43.60286" lon="2.8929">
        <ele>1009.9</ele>
      </trkpt>
      <trkpt lat="43.60272" lon="2.8926">
        <ele>1008.1</ele>
      </trkpt>
      <trkpt lat="43.60242" lon="2.89243">
        <ele>1008</ele>
      </trkpt>
      <trkpt lat="43.60202" lon="2.89198">
        <ele>998.7</ele>
      </trkpt>
      <trkpt lat="43.60155" lon="2.89185">
        <ele>996</ele>
      </trkpt>
      <trkpt lat="43.60142" lon="2.89169">
        <ele>992.7</ele>
      </trkpt>
      <trkpt lat="43.60141" lon="2.89145">
        <ele>991.3</ele>
      </trkpt>
      <trkpt lat="43.60152" lon="2.8913">
        <ele>989.7</ele>
      </trkpt>
      <trkpt lat="43.60257" lon="2.89087">
        <ele>980.4</ele>
      </trkpt>
      <trkpt lat="43.60295" lon="2.89079">
        <ele>978.4</ele>
      </trkpt>
      <trkpt lat="43.60302" lon="2.89065">
        <ele>976.9</ele>
      </trkpt>
      <trkpt lat="43.603" lon="2.89048">
        <ele>975.9</ele>
      </trkpt>
      <trkpt lat="43.60263" lon="2.88999">
        <ele>972.4</ele>
      </trkpt>
      <trkpt lat="43.60239" lon="2.88926">
        <ele>974</ele>
      </trkpt>
      <trkpt lat="43.60228" lon="2.88914">
        <ele>975</ele>
      </trkpt>
      <trkpt lat="43.60196" lon="2.88907">
        <ele>974.5</ele>
      </trkpt>
      <trkpt lat="43.60189" lon="2.88895">
        <ele>975.6</ele>
      </trkpt>
      <trkpt lat="43.60191" lon="2.88876">
        <ele>980.4</ele>
      </trkpt>
      <trkpt lat="43.60202" lon="2.88858">
        <ele>984.8</ele>
      </trkpt>
      <trkpt lat="43.60225" lon="2.88856">
        <ele>985.5</ele>
      </trkpt>
      <trkpt lat="43.60265" lon="2.88866">
        <ele>985.3</ele>
      </trkpt>
      <trkpt lat="43.60343" lon="2.8886">
        <ele>991</ele>
      </trkpt>
      <trkpt lat="43.6038" lon="2.88845">
        <ele>993.9</ele>
      </trkpt>
      <trkpt lat="43.60432" lon="2.88792">
        <ele>999.7</ele>
      </trkpt>
      <trkpt lat="43.60436" lon="2.88779">
        <ele>1000.9</ele>
      </trkpt>
      <trkpt lat="43.60429" lon="2.88758">
        <ele>1002.4</ele>
      </trkpt>
      <trkpt lat="43.60364" lon="2.8872">
        <ele>1004.9</ele>
      </trkpt>
      <trkpt lat="43.60323" lon="2.88689">
        <ele>1008.6</ele>
      </trkpt>
      <trkpt lat="43.60147" lon="2.88632">
        <ele>1015.9</ele>
      </trkpt>
      <trkpt lat="43.60132" lon="2.88589">
        <ele>1018.8</ele>
      </trkpt>
      <trkpt lat="43.60135" lon="2.88549">
        <ele>1023.9</ele>
      </trkpt>
      <trkpt lat="43.60145" lon="2.88519">
        <ele>1025.5</ele>
      </trkpt>
      <trkpt lat="43.60145" lon="2.88426">
        <ele>1029</ele>
      </trkpt>
      <trkpt lat="43.60171" lon="2.88329">
        <ele>1036.6</ele>
      </trkpt>
      <trkpt lat="43.60159" lon="2.88227">
        <ele>1042.1</ele>
      </trkpt>
      <trkpt lat="43.60141" lon="2.88149">
        <ele>1047.9</ele>
      </trkpt>
      <trkpt lat="43.60113" lon="2.88072">
        <ele>1049.9</ele>
      </trkpt>
      <trkpt lat="43.601" lon="2.87923">
        <ele>1054.5</ele>
      </trkpt>
      <trkpt lat="43.6016" lon="2.87418">
        <ele>1048</ele>
      </trkpt>
      <trkpt lat="43.60157" lon="2.8734">
        <ele>1042.7</ele>
      </trkpt>
      <trkpt lat="43.6011" lon="2.87181">
        <ele>1029.8</ele>
      </trkpt>
      <trkpt lat="43.60025" lon="2.8704">
        <ele>1040.2</ele>
      </trkpt>
      <trkpt lat="43.60008" lon="2.86968">
        <ele>1046.2</ele>
      </trkpt>
      <trkpt lat="43.60008" lon="2.86946">
        <ele>1047.2</ele>
      </trkpt>
      <trkpt lat="43.60017" lon="2.86932">
        <ele>1047.7</ele>
      </trkpt>
      <trkpt lat="43.60159" lon="2.86802">
        <ele>1044.8</ele>
      </trkpt>
      <trkpt lat="43.60254" lon="2.86585">
        <ele>1048.8</ele>
      </trkpt>
      <trkpt lat="43.60265" lon="2.86538">
        <ele>1047.1</ele>
      </trkpt>
      <trkpt lat="43.60279" lon="2.86189">
        <ele>1030.6</ele>
      </trkpt>
      <trkpt lat="43.60318" lon="2.86104">
        <ele>1028.5</ele>
      </trkpt>
      <trkpt lat="43.60329" lon="2.8599">
        <ele>1024.7</ele>
      </trkpt>
      <trkpt lat="43.60331" lon="2.85914">
        <ele>1023.2</ele>
      </trkpt>
      <trkpt lat="43.60323" lon="2.85823">
        <ele>1021.2</ele>
      </trkpt>
      <trkpt lat="43.60287" lon="2.85694">
        <ele>1018.3</ele>
      </trkpt>
      <trkpt lat="43.60235" lon="2.85541">
        <ele>1016.5</ele>
      </trkpt>
      <trkpt lat="43.60184" lon="2.85432">
        <ele>1018.4</ele>
      </trkpt>
      <trkpt lat="43.60169" lon="2.85419">
        <ele>1019.5</ele>
      </trkpt>
      <trkpt lat="43.60149" lon="2.85415">
        <ele>1015.9</ele>
      </trkpt>
      <trkpt lat="43.60135" lon="2.85403">
        <ele>1014.3</ele>
      </trkpt>
      <trkpt lat="43.60107" lon="2.85299">
        <ele>1011.1</ele>
      </trkpt>
      <trkpt lat="43.6011" lon="2.85233">
        <ele>1011.3</ele>
      </trkpt>
      <trkpt lat="43.60164" lon="2.85108">
        <ele>1004.9</ele>
      </trkpt>
      <trkpt lat="43.60173" lon="2.85049">
        <ele>1002.5</ele>
      </trkpt>
      <trkpt lat="43.60187" lon="2.85004">
        <ele>1001</ele>
      </trkpt>
      <trkpt lat="43.6027" lon="2.84893">
        <ele>997.7</ele>
      </trkpt>
      <trkpt lat="43.60271" lon="2.84844">
        <ele>997.1</ele>
      </trkpt>
      <trkpt lat="43.60263" lon="2.84796">
        <ele>994.9</ele>
      </trkpt>
      <trkpt lat="43.60251" lon="2.84772">
        <ele>994.3</ele>
      </trkpt>
      <trkpt lat="43.60229" lon="2.84755">
        <ele>992.7</ele>
      </trkpt>
      <trkpt lat="43.60198" lon="2.84747">
        <ele>991.7</ele>
      </trkpt>
      <trkpt lat="43.6011" lon="2.84751">
        <ele>987.1</ele>
      </trkpt>
      <trkpt lat="43.60073" lon="2.8477">
        <ele>987.2</ele>
      </trkpt>
      <trkpt lat="43.60057" lon="2.8476">
        <ele>985.2</ele>
      </trkpt>
      <trkpt lat="43.60054" lon="2.84742">
        <ele>982.7</ele>
      </trkpt>
      <trkpt lat="43.60128" lon="2.84596">
        <ele>973.8</ele>
      </trkpt>
      <trkpt lat="43.60127" lon="2.84575">
        <ele>973.3</ele>
      </trkpt>
      <trkpt lat="43.60119" lon="2.84563">
        <ele>973.2</ele>
      </trkpt>
      <trkpt lat="43.60052" lon="2.84544">
        <ele>971.7</ele>
      </trkpt>
      <trkpt lat="43.60021" lon="2.84495">
        <ele>974.5</ele>
      </trkpt>
      <trkpt lat="43.59996" lon="2.8438">
        <ele>978.6</ele>
      </trkpt>
      <trkpt lat="43.59991" lon="2.84325">
        <ele>978.2</ele>
      </trkpt>
      <trkpt lat="43.60001" lon="2.84223">
        <ele>976</ele>
      </trkpt>
      <trkpt lat="43.60018" lon="2.84114">
        <ele>975</ele>
      </trkpt>
      <trkpt lat="43.59993" lon="2.84034">
        <ele>975.8</ele>
      </trkpt>
      <trkpt lat="43.59905" lon="2.83962">
        <ele>972.8</ele>
      </trkpt>
      <trkpt lat="43.59886" lon="2.83981">
        <ele>972.7</ele>
      </trkpt>
      <trkpt lat="43.59828" lon="2.83957">
        <ele>976.8</ele>
      </trkpt>
      <trkpt lat="43.59813" lon="2.8396">
        <ele>978</ele>
      </trkpt>
      <trkpt lat="43.59718" lon="2.84039">
        <ele>982.9</ele>
      </trkpt>
      <trkpt lat="43.59591" lon="2.84095">
        <ele>990.7</ele>
      </trkpt>
      <trkpt lat="43.59512" lon="2.84114">
        <ele>992.6</ele>
      </trkpt>
      <trkpt lat="43.59432" lon="2.84099">
        <ele>997.7</ele>
      </trkpt>
      <trkpt lat="43.59375" lon="2.84096">
        <ele>1000.9</ele>
      </trkpt>
      <trkpt lat="43.59356" lon="2.84104">
        <ele>1001.5</ele>
      </trkpt>
      <trkpt lat="43.5934" lon="2.84119">
        <ele>1002.8</ele>
      </trkpt>
      <trkpt lat="43.59332" lon="2.8415">
        <ele>1003.8</ele>
      </trkpt>
      <trkpt lat="43.59335" lon="2.84227">
        <ele>1006.6</ele>
      </trkpt>
      <trkpt lat="43.59327" lon="2.8426">
        <ele>1006.9</ele>
      </trkpt>
      <trkpt lat="43.59297" lon="2.84292">
        <ele>1007.2</ele>
      </trkpt>
      <trkpt lat="43.59278" lon="2.843">
        <ele>1007.8</ele>
      </trkpt>
      <trkpt lat="43.59254" lon="2.84297">
        <ele>1008.5</ele>
      </trkpt>
      <trkpt lat="43.5922" lon="2.84271">
        <ele>1010.4</ele>
      </trkpt>
      <trkpt lat="43.59205" lon="2.84247">
        <ele>1008.9</ele>
      </trkpt>
      <trkpt lat="43.59174" lon="2.8413">
        <ele>1015.9</ele>
      </trkpt>
      <trkpt lat="43.59189" lon="2.84044">
        <ele>1017.6</ele>
      </trkpt>
      <trkpt lat="43.59176" lon="2.83988">
        <ele>1018.3</ele>
      </trkpt>
      <trkpt lat="43.59185" lon="2.8395">
        <ele>1021.5</ele>
      </trkpt>
      <trkpt lat="43.59229" lon="2.8385">
        <ele>1026.3</ele>
      </trkpt>
      <trkpt lat="43.59235" lon="2.83796">
        <ele>1028.1</ele>
      </trkpt>
      <trkpt lat="43.59232" lon="2.83751">
        <ele>1030</ele>
      </trkpt>
      <trkpt lat="43.59216" lon="2.83696">
        <ele>1032.8</ele>
      </trkpt>
      <trkpt lat="43.59217" lon="2.83676">
        <ele>1034.5</ele>
      </trkpt>
      <trkpt lat="43.59258" lon="2.83618">
        <ele>1037.8</ele>
      </trkpt>
      <trkpt lat="43.59257" lon="2.83595">
        <ele>1038.8</ele>
      </trkpt>
      <trkpt lat="43.59241" lon="2.83574">
        <ele>1041.6</ele>
      </trkpt>
      <trkpt lat="43.59226" lon="2.83566">
        <ele>1043.8</ele>
      </trkpt>
      <trkpt lat="43.59171" lon="2.83576">
        <ele>1047.4</ele>
      </trkpt>
      <trkpt lat="43.59007" lon="2.83662">
        <ele>1057.6</ele>
      </trkpt>
      <trkpt lat="43.58965" lon="2.8366">
        <ele>1058.3</ele>
      </trkpt>
      <trkpt lat="43.58939" lon="2.8364">
        <ele>1059.3</ele>
      </trkpt>
      <trkpt lat="43.58865" lon="2.83557">
        <ele>1063</ele>
      </trkpt>
      <trkpt lat="43.5885" lon="2.83555">
        <ele>1063</ele>
      </trkpt>
      <trkpt lat="43.58718" lon="2.83653">
        <ele>1064.2</ele>
      </trkpt>
      <trkpt lat="43.5868" lon="2.83663">
        <ele>1065.7</ele>
      </trkpt>
      <trkpt lat="43.58637" lon="2.83662">
        <ele>1067.3</ele>
      </trkpt>
      <trkpt lat="43.58628" lon="2.83651">
        <ele>1067.5</ele>
      </trkpt>
      <trkpt lat="43.58615" lon="2.83245">
        <ele>1068.3</ele>
      </trkpt>
      <trkpt lat="43.58587" lon="2.83251">
        <ele>1066.2</ele>
      </trkpt>
      <trkpt lat="43.5853" lon="2.83279">
        <ele>1062.1</ele>
      </trkpt>
      <trkpt lat="43.58477" lon="2.8328">
        <ele>1058.1</ele>
      </trkpt>
      <trkpt lat="43.58453" lon="2.8329">
        <ele>1056.8</ele>
      </trkpt>
      <trkpt lat="43.58381" lon="2.83377">
        <ele>1049</ele>
      </trkpt>
      <trkpt lat="43.58263" lon="2.83442">
        <ele>1036.2</ele>
      </trkpt>
      <trkpt lat="43.58213" lon="2.83455">
        <ele>1031.6</ele>
      </trkpt>
      <trkpt lat="43.58123" lon="2.83437">
        <ele>1030</ele>
      </trkpt>
      <trkpt lat="43.58099" lon="2.83425">
        <ele>1028.8</ele>
      </trkpt>
      <trkpt lat="43.58066" lon="2.83381">
        <ele>1028.1</ele>
      </trkpt>
      <trkpt lat="43.58037" lon="2.8333">
        <ele>1027.2</ele>
      </trkpt>
      <trkpt lat="43.58031" lon="2.83306">
        <ele>1026.9</ele>
      </trkpt>
      <trkpt lat="43.58034" lon="2.83193">
        <ele>1028.1</ele>
      </trkpt>
      <trkpt lat="43.58026" lon="2.83157">
        <ele>1027.3</ele>
      </trkpt>
      <trkpt lat="43.57986" lon="2.83093">
        <ele>1030.4</ele>
      </trkpt>
      <trkpt lat="43.57925" lon="2.83084">
        <ele>1030.7</ele>
      </trkpt>
      <trkpt lat="43.57918" lon="2.83066">
        <ele>1032.6</ele>
      </trkpt>
      <trkpt lat="43.57926" lon="2.82961">
        <ele>1040.1</ele>
      </trkpt>
      <trkpt lat="43.57938" lon="2.82908">
        <ele>1042.6</ele>
      </trkpt>
      <trkpt lat="43.57949" lon="2.82887">
        <ele>1043.6</ele>
      </trkpt>
      <trkpt lat="43.5807" lon="2.82775">
        <ele>1048.5</ele>
      </trkpt>
      <trkpt lat="43.58068" lon="2.8276">
        <ele>1048.4</ele>
      </trkpt>
      <trkpt lat="43.57944" lon="2.82655">
        <ele>1050</ele>
      </trkpt>
      <trkpt lat="43.57931" lon="2.8262">
        <ele>1049.4</ele>
      </trkpt>
      <trkpt lat="43.57907" lon="2.82496">
        <ele>1044.6</ele>
      </trkpt>
      <trkpt lat="43.57896" lon="2.82478">
        <ele>1043.4</ele>
      </trkpt>
      <trkpt lat="43.57691" lon="2.82427">
        <ele>1043.3</ele>
      </trkpt>
      <trkpt lat="43.57658" lon="2.82395">
        <ele>1043.6</ele>
      </trkpt>
      <trkpt lat="43.57551" lon="2.82351">
        <ele>1035.9</ele>
      </trkpt>
      <trkpt lat="43.57513" lon="2.82348">
        <ele>1035.7</ele>
      </trkpt>
      <trkpt lat="43.57422" lon="2.82362">
        <ele>1037.9</ele>
      </trkpt>
      <trkpt lat="43.57238" lon="2.82238">
        <ele>1028.6</ele>
      </trkpt>
      <trkpt lat="43.57282" lon="2.82037">
        <ele>1021.1</ele>
      </trkpt>
      <trkpt lat="43.57297" lon="2.81996">
        <ele>1018.3</ele>
      </trkpt>
      <trkpt lat="43.57277" lon="2.81989">
        <ele>1017.2</ele>
      </trkpt>
      <trkpt lat="43.57243" lon="2.81989">
        <ele>1017.5</ele>
      </trkpt>
      <trkpt lat="43.57195" lon="2.81937">
        <ele>1015.2</ele>
      </trkpt>
      <trkpt lat="43.57182" lon="2.81893">
        <ele>1012.6</ele>
      </trkpt>
      <trkpt lat="43.57174" lon="2.81791">
        <ele>1006.7</ele>
      </trkpt>
      <trkpt lat="43.57179" lon="2.81745">
        <ele>1003.7</ele>
      </trkpt>
      <trkpt lat="43.57162" lon="2.81635">
        <ele>999.7</ele>
      </trkpt>
      <trkpt lat="43.57217" lon="2.81425">
        <ele>997.7</ele>
      </trkpt>
      <trkpt lat="43.57229" lon="2.81349">
        <ele>997.9</ele>
      </trkpt>
      <trkpt lat="43.57237" lon="2.81048">
        <ele>997.3</ele>
      </trkpt>
      <trkpt lat="43.57224" lon="2.8087">
        <ele>995.9</ele>
      </trkpt>
      <trkpt lat="43.57214" lon="2.80817">
        <ele>994.7</ele>
      </trkpt>
      <trkpt lat="43.57172" lon="2.807">
        <ele>994.3</ele>
      </trkpt>
      <trkpt lat="43.57144" lon="2.80658">
        <ele>995.9</ele>
      </trkpt>
      <trkpt lat="43.57066" lon="2.80585">
        <ele>1000</ele>
      </trkpt>
      <trkpt lat="43.57009" lon="2.80547">
        <ele>998.4</ele>
      </trkpt>
      <trkpt lat="43.56951" lon="2.80492">
        <ele>989.3</ele>
      </trkpt>
      <trkpt lat="43.56878" lon="2.80476">
        <ele>982.3</ele>
      </trkpt>
      <trkpt lat="43.56872" lon="2.80474">
        <ele>982.2</ele>
      </trkpt>
      <trkpt lat="43.56815" lon="2.80449">
        <ele>979.4</ele>
      </trkpt>
      <trkpt lat="43.56776" lon="2.80348">
        <ele>974.9</ele>
      </trkpt>
      <trkpt lat="43.56775" lon="2.80299">
        <ele>976.4</ele>
      </trkpt>
      <trkpt lat="43.5676" lon="2.80304">
        <ele>975.5</ele>
      </trkpt>
      <trkpt lat="43.56745" lon="2.80299">
        <ele>975.4</ele>
      </trkpt>
      <trkpt lat="43.56681" lon="2.80221">
        <ele>975.1</ele>
      </trkpt>
      <trkpt lat="43.56663" lon="2.80219">
        <ele>975</ele>
      </trkpt>
      <trkpt lat="43.5663" lon="2.80226">
        <ele>974.7</ele>
      </trkpt>
      <trkpt lat="43.56565" lon="2.80199">
        <ele>973.4</ele>
      </trkpt>
      <trkpt lat="43.56484" lon="2.80144">
        <ele>972.2</ele>
      </trkpt>
      <trkpt lat="43.56461" lon="2.80143">
        <ele>971.8</ele>
      </trkpt>
      <trkpt lat="43.56424" lon="2.80164">
        <ele>973.4</ele>
      </trkpt>
      <trkpt lat="43.5634" lon="2.80174">
        <ele>976.6</ele>
      </trkpt>
      <trkpt lat="43.5631" lon="2.80166">
        <ele>977.6</ele>
      </trkpt>
      <trkpt lat="43.56257" lon="2.80084">
        <ele>979.3</ele>
      </trkpt>
      <trkpt lat="43.56172" lon="2.80087">
        <ele>980.3</ele>
      </trkpt>
      <trkpt lat="43.56124" lon="2.80106">
        <ele>978.7</ele>
      </trkpt>
      <trkpt lat="43.5605" lon="2.80093">
        <ele>979.5</ele>
      </trkpt>
      <trkpt lat="43.5593" lon="2.80146">
        <ele>975.1</ele>
      </trkpt>
      <trkpt lat="43.55905" lon="2.80172">
        <ele>973.8</ele>
      </trkpt>
      <trkpt lat="43.55867" lon="2.80238">
        <ele>973.3</ele>
      </trkpt>
      <trkpt lat="43.5585" lon="2.80238">
        <ele>973.6</ele>
      </trkpt>
      <trkpt lat="43.55818" lon="2.80209">
        <ele>975</ele>
      </trkpt>
      <trkpt lat="43.55653" lon="2.79962">
        <ele>975.8</ele>
      </trkpt>
      <trkpt lat="43.55634" lon="2.79943">
        <ele>975.9</ele>
      </trkpt>
      <trkpt lat="43.55481" lon="2.79899">
        <ele>976.7</ele>
      </trkpt>
      <trkpt lat="43.55448" lon="2.799">
        <ele>977.2</ele>
      </trkpt>
      <trkpt lat="43.55369" lon="2.79887">
        <ele>978.6</ele>
      </trkpt>
      <trkpt lat="43.55298" lon="2.79893">
        <ele>981</ele>
      </trkpt>
      <trkpt lat="43.55256" lon="2.79887">
        <ele>982.6</ele>
      </trkpt>
      <trkpt lat="43.55236" lon="2.79882">
        <ele>984.2</ele>
      </trkpt>
      <trkpt lat="43.55217" lon="2.79896">
        <ele>985.4</ele>
      </trkpt>
      <trkpt lat="43.55175" lon="2.79945">
        <ele>985.3</ele>
      </trkpt>
      <trkpt lat="43.55135" lon="2.80011">
        <ele>982</ele>
      </trkpt>
      <trkpt lat="43.55111" lon="2.80063">
        <ele>978.9</ele>
      </trkpt>
      <trkpt lat="43.551" lon="2.80129">
        <ele>979.2</ele>
      </trkpt>
      <trkpt lat="43.55092" lon="2.8017">
        <ele>977.6</ele>
      </trkpt>
      <trkpt lat="43.5507" lon="2.8024">
        <ele>974.2</ele>
      </trkpt>
      <trkpt lat="43.55061" lon="2.80283">
        <ele>972</ele>
      </trkpt>
      <trkpt lat="43.5506" lon="2.80312">
        <ele>970</ele>
      </trkpt>
      <trkpt lat="43.55064" lon="2.80359">
        <ele>968.2</ele>
      </trkpt>
      <trkpt lat="43.55071" lon="2.80401">
        <ele>964.1</ele>
      </trkpt>
      <trkpt lat="43.55087" lon="2.80449">
        <ele>962.5</ele>
      </trkpt>
      <trkpt lat="43.55091" lon="2.80464">
        <ele>962</ele>
      </trkpt>
      <trkpt lat="43.55094" lon="2.80509">
        <ele>955.1</ele>
      </trkpt>
      <trkpt lat="43.55106" lon="2.80537">
        <ele>953.6</ele>
      </trkpt>
      <trkpt lat="43.55122" lon="2.8056">
        <ele>953.6</ele>
      </trkpt>
      <trkpt lat="43.55138" lon="2.80583">
        <ele>954.7</ele>
      </trkpt>
      <trkpt lat="43.55184" lon="2.8071">
        <ele>949</ele>
      </trkpt>
      <trkpt lat="43.55218" lon="2.80835">
        <ele>941.6</ele>
      </trkpt>
      <trkpt lat="43.55246" lon="2.80937">
        <ele>933.2</ele>
      </trkpt>
      <trkpt lat="43.55262" lon="2.80963">
        <ele>934.8</ele>
      </trkpt>
      <trkpt lat="43.55267" lon="2.80993">
        <ele>933.4</ele>
      </trkpt>
      <trkpt lat="43.55277" lon="2.81067">
        <ele>931</ele>
      </trkpt>
      <trkpt lat="43.55285" lon="2.81094">
        <ele>929.6</ele>
      </trkpt>
      <trkpt lat="43.55308" lon="2.8114">
        <ele>925.7</ele>
      </trkpt>
      <trkpt lat="43.55331" lon="2.81168">
        <ele>926.4</ele>
      </trkpt>
      <trkpt lat="43.55372" lon="2.81211">
        <ele>925.8</ele>
      </trkpt>
      <trkpt lat="43.55382" lon="2.81237">
        <ele>924.4</ele>
      </trkpt>
      <trkpt lat="43.55388" lon="2.81284">
        <ele>922.7</ele>
      </trkpt>
      <trkpt lat="43.55392" lon="2.81374">
        <ele>916.8</ele>
      </trkpt>
      <trkpt lat="43.55396" lon="2.81434">
        <ele>915</ele>
      </trkpt>
      <trkpt lat="43.55402" lon="2.81467">
        <ele>913</ele>
      </trkpt>
      <trkpt lat="43.55421" lon="2.81519">
        <ele>911.6</ele>
      </trkpt>
      <trkpt lat="43.55436" lon="2.81538">
        <ele>910.7</ele>
      </trkpt>
      <trkpt lat="43.55467" lon="2.8156">
        <ele>912.5</ele>
      </trkpt>
      <trkpt lat="43.55495" lon="2.81607">
        <ele>913.8</ele>
      </trkpt>
      <trkpt lat="43.55518" lon="2.81666">
        <ele>914.7</ele>
      </trkpt>
      <trkpt lat="43.55554" lon="2.81776">
        <ele>895.7</ele>
      </trkpt>
      <trkpt lat="43.55569" lon="2.81828">
        <ele>891</ele>
      </trkpt>
      <trkpt lat="43.55584" lon="2.81888">
        <ele>887.5</ele>
      </trkpt>
      <trkpt lat="43.55594" lon="2.81913">
        <ele>883.9</ele>
      </trkpt>
      <trkpt lat="43.55605" lon="2.81922">
        <ele>885.1</ele>
      </trkpt>
      <trkpt lat="43.55623" lon="2.81933">
        <ele>886.6</ele>
      </trkpt>
      <trkpt lat="43.55629" lon="2.81944">
        <ele>885.8</ele>
      </trkpt>
      <trkpt lat="43.55628" lon="2.81961">
        <ele>885.8</ele>
      </trkpt>
      <trkpt lat="43.55618" lon="2.81988">
        <ele>884.5</ele>
      </trkpt>
      <trkpt lat="43.556" lon="2.82024">
        <ele>874.8</ele>
      </trkpt>
      <trkpt lat="43.55597" lon="2.82053">
        <ele>871.3</ele>
      </trkpt>
      <trkpt lat="43.55598" lon="2.82078">
        <ele>868.1</ele>
      </trkpt>
      <trkpt lat="43.55609" lon="2.82097">
        <ele>872.7</ele>
      </trkpt>
      <trkpt lat="43.55642" lon="2.82159">
        <ele>873.5</ele>
      </trkpt>
      <trkpt lat="43.5565" lon="2.82193">
        <ele>874.2</ele>
      </trkpt>
      <trkpt lat="43.55647" lon="2.82209">
        <ele>877.2</ele>
      </trkpt>
      <trkpt lat="43.55617" lon="2.82236">
        <ele>874.8</ele>
      </trkpt>
      <trkpt lat="43.55599" lon="2.82262">
        <ele>869.8</ele>
      </trkpt>
      <trkpt lat="43.55588" lon="2.82307">
        <ele>868.7</ele>
      </trkpt>
      <trkpt lat="43.5558" lon="2.82403">
        <ele>866.9</ele>
      </trkpt>
      <trkpt lat="43.55576" lon="2.82452">
        <ele>865</ele>
      </trkpt>
      <trkpt lat="43.5557" lon="2.82516">
        <ele>865.4</ele>
      </trkpt>
      <trkpt lat="43.55554" lon="2.82589">
        <ele>862.9</ele>
      </trkpt>
      <trkpt lat="43.55544" lon="2.82645">
        <ele>861.5</ele>
      </trkpt>
      <trkpt lat="43.55537" lon="2.82702">
        <ele>861.4</ele>
      </trkpt>
      <trkpt lat="43.5554" lon="2.82764">
        <ele>859.7</ele>
      </trkpt>
      <trkpt lat="43.55536" lon="2.82779">
        <ele>856.7</ele>
      </trkpt>
      <trkpt lat="43.55531" lon="2.82777">
        <ele>854.4</ele>
      </trkpt>
      <trkpt lat="43.55526" lon="2.82753">
        <ele>853.2</ele>
      </trkpt>
      <trkpt lat="43.55524" lon="2.82701">
        <ele>853.4</ele>
      </trkpt>
      <trkpt lat="43.55523" lon="2.82664">
        <ele>852</ele>
      </trkpt>
      <trkpt lat="43.55526" lon="2.82634">
        <ele>848</ele>
      </trkpt>
      <trkpt lat="43.55538" lon="2.82542">
        <ele>845.4</ele>
      </trkpt>
      <trkpt lat="43.5554" lon="2.82481">
        <ele>839.8</ele>
      </trkpt>
      <trkpt lat="43.55534" lon="2.82406">
        <ele>832.8</ele>
      </trkpt>
      <trkpt lat="43.5553" lon="2.82274">
        <ele>827.3</ele>
      </trkpt>
      <trkpt lat="43.55525" lon="2.82229">
        <ele>822.5</ele>
      </trkpt>
      <trkpt lat="43.55527" lon="2.82207">
        <ele>821.9</ele>
      </trkpt>
      <trkpt lat="43.55544" lon="2.8218">
        <ele>823.8</ele>
      </trkpt>
      <trkpt lat="43.55549" lon="2.82169">
        <ele>821.7</ele>
      </trkpt>
      <trkpt lat="43.55546" lon="2.82153">
        <ele>820.1</ele>
      </trkpt>
      <trkpt lat="43.55536" lon="2.82141">
        <ele>817</ele>
      </trkpt>
      <trkpt lat="43.55501" lon="2.8212">
        <ele>810.6</ele>
      </trkpt>
      <trkpt lat="43.55492" lon="2.82099">
        <ele>811.1</ele>
      </trkpt>
      <trkpt lat="43.55486" lon="2.82076">
        <ele>809.3</ele>
      </trkpt>
      <trkpt lat="43.55486" lon="2.82053">
        <ele>808.2</ele>
      </trkpt>
      <trkpt lat="43.55493" lon="2.82023">
        <ele>810.1</ele>
      </trkpt>
      <trkpt lat="43.5549" lon="2.82006">
        <ele>808.8</ele>
      </trkpt>
      <trkpt lat="43.5546" lon="2.81971">
        <ele>797.5</ele>
      </trkpt>
      <trkpt lat="43.55454" lon="2.81957">
        <ele>797.7</ele>
      </trkpt>
      <trkpt lat="43.55438" lon="2.81918">
        <ele>800.9</ele>
      </trkpt>
      <trkpt lat="43.55422" lon="2.81899">
        <ele>799.8</ele>
      </trkpt>
      <trkpt lat="43.55407" lon="2.81886">
        <ele>799.3</ele>
      </trkpt>
      <trkpt lat="43.55382" lon="2.81881">
        <ele>798.4</ele>
      </trkpt>
      <trkpt lat="43.55366" lon="2.8189">
        <ele>798.1</ele>
      </trkpt>
      <trkpt lat="43.55339" lon="2.81914">
        <ele>795.8</ele>
      </trkpt>
      <trkpt lat="43.55327" lon="2.81932">
        <ele>791.3</ele>
      </trkpt>
      <trkpt lat="43.55316" lon="2.81958">
        <ele>785.3</ele>
      </trkpt>
      <trkpt lat="43.55292" lon="2.81994">
        <ele>783.4</ele>
      </trkpt>
      <trkpt lat="43.55281" lon="2.82001">
        <ele>783.3</ele>
      </trkpt>
      <trkpt lat="43.55271" lon="2.82">
        <ele>782.8</ele>
      </trkpt>
      <trkpt lat="43.55262" lon="2.81994">
        <ele>782.1</ele>
      </trkpt>
      <trkpt lat="43.55238" lon="2.81966">
        <ele>781.6</ele>
      </trkpt>
      <trkpt lat="43.55216" lon="2.81938">
        <ele>779.3</ele>
      </trkpt>
      <trkpt lat="43.55184" lon="2.81881">
        <ele>775.1</ele>
      </trkpt>
      <trkpt lat="43.55166" lon="2.81852">
        <ele>772.1</ele>
      </trkpt>
      <trkpt lat="43.55139" lon="2.81808">
        <ele>767.7</ele>
      </trkpt>
      <trkpt lat="43.5511" lon="2.81759">
        <ele>762.8</ele>
      </trkpt>
      <trkpt lat="43.55097" lon="2.81723">
        <ele>760.8</ele>
      </trkpt>
      <trkpt lat="43.55068" lon="2.81643">
        <ele>752.6</ele>
      </trkpt>
      <trkpt lat="43.55065" lon="2.8162">
        <ele>751.5</ele>
      </trkpt>
      <trkpt lat="43.55065" lon="2.81589">
        <ele>750.6</ele>
      </trkpt>
      <trkpt lat="43.55062" lon="2.81578">
        <ele>749.7</ele>
      </trkpt>
      <trkpt lat="43.55051" lon="2.81569">
        <ele>748.3</ele>
      </trkpt>
      <trkpt lat="43.55036" lon="2.81573">
        <ele>746.6</ele>
      </trkpt>
      <trkpt lat="43.55009" lon="2.81583">
        <ele>742.8</ele>
      </trkpt>
      <trkpt lat="43.54998" lon="2.81584">
        <ele>741.5</ele>
      </trkpt>
      <trkpt lat="43.54977" lon="2.81575">
        <ele>738.8</ele>
      </trkpt>
      <trkpt lat="43.54954" lon="2.81559">
        <ele>737.1</ele>
      </trkpt>
      <trkpt lat="43.54923" lon="2.81547">
        <ele>732.7</ele>
      </trkpt>
      <trkpt lat="43.54906" lon="2.81527">
        <ele>730.3</ele>
      </trkpt>
      <trkpt lat="43.54899" lon="2.81505">
        <ele>730</ele>
      </trkpt>
      <trkpt lat="43.54889" lon="2.8145">
        <ele>727.8</ele>
      </trkpt>
      <trkpt lat="43.54858" lon="2.81312">
        <ele>714.4</ele>
      </trkpt>
      <trkpt lat="43.54858" lon="2.81261">
        <ele>711.4</ele>
      </trkpt>
      <trkpt lat="43.54862" lon="2.81239">
        <ele>712.5</ele>
      </trkpt>
      <trkpt lat="43.5486" lon="2.8121">
        <ele>709.6</ele>
      </trkpt>
      <trkpt lat="43.54864" lon="2.81177">
        <ele>710.8</ele>
      </trkpt>
      <trkpt lat="43.54856" lon="2.81167">
        <ele>708.6</ele>
      </trkpt>
      <trkpt lat="43.54815" lon="2.81133">
        <ele>704.6</ele>
      </trkpt>
      <trkpt lat="43.54798" lon="2.8113">
        <ele>702.3</ele>
      </trkpt>
      <trkpt lat="43.54765" lon="2.81127">
        <ele>697.3</ele>
      </trkpt>
      <trkpt lat="43.54729" lon="2.81111">
        <ele>693.7</ele>
      </trkpt>
      <trkpt lat="43.5472" lon="2.81104">
        <ele>693</ele>
      </trkpt>
      <trkpt lat="43.54706" lon="2.81083">
        <ele>693.4</ele>
      </trkpt>
      <trkpt lat="43.54689" lon="2.81071">
        <ele>691</ele>
      </trkpt>
      <trkpt lat="43.54674" lon="2.81065">
        <ele>689.2</ele>
      </trkpt>
      <trkpt lat="43.54659" lon="2.81056">
        <ele>688.2</ele>
      </trkpt>
      <trkpt lat="43.54628" lon="2.81037">
        <ele>685</ele>
      </trkpt>
      <trkpt lat="43.54614" lon="2.81024">
        <ele>683.8</ele>
      </trkpt>
      <trkpt lat="43.54603" lon="2.81007">
        <ele>682.8</ele>
      </trkpt>
      <trkpt lat="43.54599" lon="2.80993">
        <ele>682.4</ele>
      </trkpt>
      <trkpt lat="43.54594" lon="2.80916">
        <ele>679.3</ele>
      </trkpt>
      <trkpt lat="43.54591" lon="2.80857">
        <ele>669.6</ele>
      </trkpt>
      <trkpt lat="43.54597" lon="2.80819">
        <ele>670.8</ele>
      </trkpt>
      <trkpt lat="43.54596" lon="2.80802">
        <ele>670</ele>
      </trkpt>
      <trkpt lat="43.54592" lon="2.80787">
        <ele>673.5</ele>
      </trkpt>
      <trkpt lat="43.54584" lon="2.80775">
        <ele>676.8</ele>
      </trkpt>
      <trkpt lat="43.54565" lon="2.80759">
        <ele>667.3</ele>
      </trkpt>
      <trkpt lat="43.54557" lon="2.80741">
        <ele>664</ele>
      </trkpt>
      <trkpt lat="43.54541" lon="2.80673">
        <ele>663.2</ele>
      </trkpt>
      <trkpt lat="43.54536" lon="2.80659">
        <ele>663.8</ele>
      </trkpt>
      <trkpt lat="43.54529" lon="2.80653">
        <ele>662.4</ele>
      </trkpt>
      <trkpt lat="43.54516" lon="2.80655">
        <ele>662</ele>
      </trkpt>
      <trkpt lat="43.54493" lon="2.80674">
        <ele>655.5</ele>
      </trkpt>
      <trkpt lat="43.5448" lon="2.80682">
        <ele>653.4</ele>
      </trkpt>
      <trkpt lat="43.54451" lon="2.80696">
        <ele>649.1</ele>
      </trkpt>
      <trkpt lat="43.54432" lon="2.807">
        <ele>648.1</ele>
      </trkpt>
      <trkpt lat="43.54405" lon="2.80701">
        <ele>646.4</ele>
      </trkpt>
      <trkpt lat="43.54384" lon="2.80686">
        <ele>646</ele>
      </trkpt>
      <trkpt lat="43.54365" lon="2.8066">
        <ele>642.1</ele>
      </trkpt>
      <trkpt lat="43.5436" lon="2.8063">
        <ele>639.3</ele>
      </trkpt>
      <trkpt lat="43.54365" lon="2.80537">
        <ele>634.8</ele>
      </trkpt>
      <trkpt lat="43.54366" lon="2.8048">
        <ele>631.9</ele>
      </trkpt>
      <trkpt lat="43.54371" lon="2.80448">
        <ele>633.3</ele>
      </trkpt>
      <trkpt lat="43.54369" lon="2.80432">
        <ele>631.9</ele>
      </trkpt>
      <trkpt lat="43.54362" lon="2.80432">
        <ele>628.5</ele>
      </trkpt>
      <trkpt lat="43.54358" lon="2.80443">
        <ele>626.1</ele>
      </trkpt>
      <trkpt lat="43.5435" lon="2.80488">
        <ele>624.9</ele>
      </trkpt>
      <trkpt lat="43.5434" lon="2.80533">
        <ele>623.7</ele>
      </trkpt>
      <trkpt lat="43.54305" lon="2.80619">
        <ele>613.1</ele>
      </trkpt>
      <trkpt lat="43.54287" lon="2.80667">
        <ele>610.6</ele>
      </trkpt>
      <trkpt lat="43.54272" lon="2.80718">
        <ele>609.5</ele>
      </trkpt>
      <trkpt lat="43.54252" lon="2.80752">
        <ele>606.7</ele>
      </trkpt>
      <trkpt lat="43.54244" lon="2.80777">
        <ele>606.3</ele>
      </trkpt>
      <trkpt lat="43.5424" lon="2.80816">
        <ele>606.1</ele>
      </trkpt>
      <trkpt lat="43.54241" lon="2.8083">
        <ele>605</ele>
      </trkpt>
      <trkpt lat="43.54245" lon="2.80839">
        <ele>604</ele>
      </trkpt>
      <trkpt lat="43.5426" lon="2.80843">
        <ele>602.9</ele>
      </trkpt>
      <trkpt lat="43.54288" lon="2.80834">
        <ele>602.9</ele>
      </trkpt>
      <trkpt lat="43.54338" lon="2.80807">
        <ele>605.8</ele>
      </trkpt>
      <trkpt lat="43.54353" lon="2.80803">
        <ele>605.1</ele>
      </trkpt>
      <trkpt lat="43.54429" lon="2.80803">
        <ele>602.2</ele>
      </trkpt>
      <trkpt lat="43.54439" lon="2.80812">
        <ele>601.1</ele>
      </trkpt>
      <trkpt lat="43.54442" lon="2.80826">
        <ele>600.2</ele>
      </trkpt>
      <trkpt lat="43.54434" lon="2.80858">
        <ele>597.3</ele>
      </trkpt>
      <trkpt lat="43.54433" lon="2.80875">
        <ele>595.4</ele>
      </trkpt>
      <trkpt lat="43.54439" lon="2.80906">
        <ele>595.6</ele>
      </trkpt>
      <trkpt lat="43.54434" lon="2.80917">
        <ele>593.5</ele>
      </trkpt>
      <trkpt lat="43.54414" lon="2.8095">
        <ele>587.2</ele>
      </trkpt>
      <trkpt lat="43.54403" lon="2.80988">
        <ele>584.7</ele>
      </trkpt>
      <trkpt lat="43.54382" lon="2.81046">
        <ele>579.4</ele>
      </trkpt>
      <trkpt lat="43.54362" lon="2.81095">
        <ele>575.8</ele>
      </trkpt>
      <trkpt lat="43.54341" lon="2.81137">
        <ele>571</ele>
      </trkpt>
      <trkpt lat="43.54329" lon="2.81148">
        <ele>568.8</ele>
      </trkpt>
      <trkpt lat="43.54309" lon="2.81154">
        <ele>565.3</ele>
      </trkpt>
      <trkpt lat="43.543" lon="2.81164">
        <ele>563.4</ele>
      </trkpt>
      <trkpt lat="43.54299" lon="2.8119">
        <ele>562.9</ele>
      </trkpt>
      <trkpt lat="43.54292" lon="2.81244">
        <ele>559.6</ele>
      </trkpt>
      <trkpt lat="43.54278" lon="2.813">
        <ele>557</ele>
      </trkpt>
      <trkpt lat="43.54278" lon="2.8133">
        <ele>556.2</ele>
      </trkpt>
      <trkpt lat="43.54279" lon="2.81413">
        <ele>549.5</ele>
      </trkpt>
      <trkpt lat="43.54287" lon="2.81468">
        <ele>544.9</ele>
      </trkpt>
      <trkpt lat="43.54294" lon="2.81494">
        <ele>541.9</ele>
      </trkpt>
      <trkpt lat="43.54322" lon="2.81561">
        <ele>537.4</ele>
      </trkpt>
      <trkpt lat="43.54335" lon="2.81593">
        <ele>535.5</ele>
      </trkpt>
      <trkpt lat="43.54351" lon="2.81617">
        <ele>534.4</ele>
      </trkpt>
      <trkpt lat="43.54369" lon="2.81629">
        <ele>533.7</ele>
      </trkpt>
      <trkpt lat="43.54373" lon="2.81644">
        <ele>530.3</ele>
      </trkpt>
      <trkpt lat="43.54365" lon="2.8166">
        <ele>527</ele>
      </trkpt>
      <trkpt lat="43.54353" lon="2.81661">
        <ele>526.1</ele>
      </trkpt>
      <trkpt lat="43.54338" lon="2.81653">
        <ele>525.8</ele>
      </trkpt>
      <trkpt lat="43.54315" lon="2.81629">
        <ele>525</ele>
      </trkpt>
      <trkpt lat="43.54271" lon="2.81593">
        <ele>520.1</ele>
      </trkpt>
      <trkpt lat="43.54188" lon="2.81519">
        <ele>513.8</ele>
      </trkpt>
      <trkpt lat="43.54167" lon="2.81512">
        <ele>511.7</ele>
      </trkpt>
      <trkpt lat="43.54153" lon="2.81504">
        <ele>510.3</ele>
      </trkpt>
      <trkpt lat="43.54139" lon="2.81494">
        <ele>508.2</ele>
      </trkpt>
      <trkpt lat="43.54125" lon="2.81486">
        <ele>506.2</ele>
      </trkpt>
      <trkpt lat="43.54118" lon="2.81487">
        <ele>505.2</ele>
      </trkpt>
      <trkpt lat="43.54093" lon="2.81502">
        <ele>504.8</ele>
      </trkpt>
      <trkpt lat="43.5408" lon="2.81507">
        <ele>504.2</ele>
      </trkpt>
      <trkpt lat="43.5406" lon="2.81511">
        <ele>501.8</ele>
      </trkpt>
      <trkpt lat="43.54046" lon="2.81527">
        <ele>499.5</ele>
      </trkpt>
      <trkpt lat="43.54039" lon="2.8155">
        <ele>496.5</ele>
      </trkpt>
      <trkpt lat="43.54042" lon="2.81569">
        <ele>494.5</ele>
      </trkpt>
      <trkpt lat="43.54055" lon="2.81597">
        <ele>490.5</ele>
      </trkpt>
      <trkpt lat="43.54073" lon="2.8162">
        <ele>488</ele>
      </trkpt>
      <trkpt lat="43.54109" lon="2.81651">
        <ele>486.4</ele>
      </trkpt>
      <trkpt lat="43.54125" lon="2.81668">
        <ele>486.2</ele>
      </trkpt>
      <trkpt lat="43.54137" lon="2.8169">
        <ele>485.8</ele>
      </trkpt>
      <trkpt lat="43.54139" lon="2.81703">
        <ele>485.1</ele>
      </trkpt>
      <trkpt lat="43.54134" lon="2.8171">
        <ele>482.2</ele>
      </trkpt>
      <trkpt lat="43.54129" lon="2.81706">
        <ele>480.3</ele>
      </trkpt>
      <trkpt lat="43.54103" lon="2.8167">
        <ele>479.9</ele>
      </trkpt>
      <trkpt lat="43.54083" lon="2.81662">
        <ele>475.9</ele>
      </trkpt>
      <trkpt lat="43.54036" lon="2.81648">
        <ele>470.7</ele>
      </trkpt>
      <trkpt lat="43.54005" lon="2.81646">
        <ele>468.6</ele>
      </trkpt>
      <trkpt lat="43.53984" lon="2.81651">
        <ele>467.6</ele>
      </trkpt>
      <trkpt lat="43.53943" lon="2.81672">
        <ele>465.9</ele>
      </trkpt>
      <trkpt lat="43.53924" lon="2.81689">
        <ele>461.5</ele>
      </trkpt>
      <trkpt lat="43.53908" lon="2.81689">
        <ele>461.1</ele>
      </trkpt>
      <trkpt lat="43.53898" lon="2.81684">
        <ele>459.8</ele>
      </trkpt>
      <trkpt lat="43.53889" lon="2.81664">
        <ele>458.7</ele>
      </trkpt>
      <trkpt lat="43.5389" lon="2.81605">
        <ele>454.3</ele>
      </trkpt>
      <trkpt lat="43.539" lon="2.81559">
        <ele>452.5</ele>
      </trkpt>
      <trkpt lat="43.53907" lon="2.81543">
        <ele>452.3</ele>
      </trkpt>
      <trkpt lat="43.5392" lon="2.81523">
        <ele>452.2</ele>
      </trkpt>
      <trkpt lat="43.53924" lon="2.8151">
        <ele>452.5</ele>
      </trkpt>
      <trkpt lat="43.53918" lon="2.81501">
        <ele>449.5</ele>
      </trkpt>
      <trkpt lat="43.5391" lon="2.81503">
        <ele>450.9</ele>
      </trkpt>
      <trkpt lat="43.53879" lon="2.81528">
        <ele>446.4</ele>
      </trkpt>
      <trkpt lat="43.53838" lon="2.8155">
        <ele>442.5</ele>
      </trkpt>
      <trkpt lat="43.53817" lon="2.81572">
        <ele>440.9</ele>
      </trkpt>
      <trkpt lat="43.53781" lon="2.81611">
        <ele>434.9</ele>
      </trkpt>
      <trkpt lat="43.53766" lon="2.81643">
        <ele>434.7</ele>
      </trkpt>
      <trkpt lat="43.5376" lon="2.81675">
        <ele>430.9</ele>
      </trkpt>
      <trkpt lat="43.53759" lon="2.81736">
        <ele>425</ele>
      </trkpt>
      <trkpt lat="43.53751" lon="2.81766">
        <ele>422.3</ele>
      </trkpt>
      <trkpt lat="43.53735" lon="2.81794">
        <ele>419.2</ele>
      </trkpt>
      <trkpt lat="43.53713" lon="2.81836">
        <ele>416.3</ele>
      </trkpt>
      <trkpt lat="43.53695" lon="2.81887">
        <ele>413.6</ele>
      </trkpt>
      <trkpt lat="43.53683" lon="2.81943">
        <ele>411</ele>
      </trkpt>
      <trkpt lat="43.53662" lon="2.82005">
        <ele>406</ele>
      </trkpt>
      <trkpt lat="43.53655" lon="2.82019">
        <ele>403.5</ele>
      </trkpt>
      <trkpt lat="43.53641" lon="2.82041">
        <ele>402.3</ele>
      </trkpt>
      <trkpt lat="43.53626" lon="2.82116">
        <ele>397.8</ele>
      </trkpt>
      <trkpt lat="43.53622" lon="2.82164">
        <ele>394.1</ele>
      </trkpt>
      <trkpt lat="43.53622" lon="2.82216">
        <ele>392</ele>
      </trkpt>
      <trkpt lat="43.53615" lon="2.82228">
        <ele>391.1</ele>
      </trkpt>
      <trkpt lat="43.53588" lon="2.82235">
        <ele>387.5</ele>
      </trkpt>
      <trkpt lat="43.5356" lon="2.82241">
        <ele>384</ele>
      </trkpt>
      <trkpt lat="43.53521" lon="2.82243">
        <ele>380.8</ele>
      </trkpt>
      <trkpt lat="43.53504" lon="2.82238">
        <ele>379.2</ele>
      </trkpt>
      <trkpt lat="43.53481" lon="2.82219">
        <ele>375.7</ele>
      </trkpt>
      <trkpt lat="43.53463" lon="2.82193">
        <ele>374.2</ele>
      </trkpt>
      <trkpt lat="43.53442" lon="2.82163">
        <ele>372.7</ele>
      </trkpt>
      <trkpt lat="43.53432" lon="2.8216">
        <ele>372.5</ele>
      </trkpt>
      <trkpt lat="43.53414" lon="2.82166">
        <ele>368.9</ele>
      </trkpt>
      <trkpt lat="43.53382" lon="2.82172">
        <ele>363.5</ele>
      </trkpt>
      <trkpt lat="43.53363" lon="2.82173">
        <ele>360.9</ele>
      </trkpt>
      <trkpt lat="43.53341" lon="2.82189">
        <ele>360.7</ele>
      </trkpt>
      <trkpt lat="43.53286" lon="2.82235">
        <ele>357</ele>
      </trkpt>
      <trkpt lat="43.53266" lon="2.82261">
        <ele>352.6</ele>
      </trkpt>
      <trkpt lat="43.5325" lon="2.82278">
        <ele>352.1</ele>
      </trkpt>
      <trkpt lat="43.53234" lon="2.82289">
        <ele>348.9</ele>
      </trkpt>
      <trkpt lat="43.53201" lon="2.82281">
        <ele>345.1</ele>
      </trkpt>
      <trkpt lat="43.53155" lon="2.82264">
        <ele>342.8</ele>
      </trkpt>
      <trkpt lat="43.53089" lon="2.82261">
        <ele>334.3</ele>
      </trkpt>
      <trkpt lat="43.5305" lon="2.82264">
        <ele>332.3</ele>
      </trkpt>
      <trkpt lat="43.53" lon="2.8229">
        <ele>328.6</ele>
      </trkpt>
      <trkpt lat="43.52948" lon="2.82337">
        <ele>324.5</ele>
      </trkpt>
      <trkpt lat="43.52939" lon="2.82348">
        <ele>323</ele>
      </trkpt>
      <trkpt lat="43.52926" lon="2.82365">
        <ele>320.5</ele>
      </trkpt>
      <trkpt lat="43.52896" lon="2.8239">
        <ele>319.3</ele>
      </trkpt>
      <trkpt lat="43.52854" lon="2.82412">
        <ele>313.4</ele>
      </trkpt>
      <trkpt lat="43.52831" lon="2.82416">
        <ele>311.9</ele>
      </trkpt>
      <trkpt lat="43.52803" lon="2.82408">
        <ele>309.9</ele>
      </trkpt>
      <trkpt lat="43.52779" lon="2.82398">
        <ele>307.5</ele>
      </trkpt>
      <trkpt lat="43.52774" lon="2.82389">
        <ele>307</ele>
      </trkpt>
      <trkpt lat="43.5277" lon="2.82377">
        <ele>305.1</ele>
      </trkpt>
      <trkpt lat="43.52779" lon="2.82355">
        <ele>304.9</ele>
      </trkpt>
      <trkpt lat="43.52798" lon="2.82339">
        <ele>305.4</ele>
      </trkpt>
      <trkpt lat="43.5282" lon="2.82318">
        <ele>306.8</ele>
      </trkpt>
      <trkpt lat="43.52822" lon="2.82305">
        <ele>305</ele>
      </trkpt>
      <trkpt lat="43.52818" lon="2.82292">
        <ele>304.9</ele>
      </trkpt>
      <trkpt lat="43.52806" lon="2.82289">
        <ele>304.4</ele>
      </trkpt>
      <trkpt lat="43.52788" lon="2.82288">
        <ele>304</ele>
      </trkpt>
      <trkpt lat="43.52761" lon="2.82298">
        <ele>302.3</ele>
      </trkpt>
      <trkpt lat="43.52738" lon="2.82316">
        <ele>300.7</ele>
      </trkpt>
      <trkpt lat="43.52719" lon="2.8233">
        <ele>299.7</ele>
      </trkpt>
      <trkpt lat="43.52706" lon="2.82358">
        <ele>298.6</ele>
      </trkpt>
      <trkpt lat="43.52696" lon="2.82389">
        <ele>296.7</ele>
      </trkpt>
      <trkpt lat="43.52681" lon="2.82412">
        <ele>295.8</ele>
      </trkpt>
      <trkpt lat="43.52664" lon="2.82429">
        <ele>294.5</ele>
      </trkpt>
      <trkpt lat="43.52634" lon="2.82443">
        <ele>294.4</ele>
      </trkpt>
      <trkpt lat="43.52628" lon="2.82452">
        <ele>294.5</ele>
      </trkpt>
      <trkpt lat="43.52627" lon="2.82469">
        <ele>292.9</ele>
      </trkpt>
      <trkpt lat="43.52629" lon="2.8252">
        <ele>290</ele>
      </trkpt>
      <trkpt lat="43.52623" lon="2.82552">
        <ele>289.7</ele>
      </trkpt>
      <trkpt lat="43.52614" lon="2.82582">
        <ele>288.6</ele>
      </trkpt>
      <trkpt lat="43.52603" lon="2.82588">
        <ele>287.7</ele>
      </trkpt>
      <trkpt lat="43.52587" lon="2.82582">
        <ele>287.5</ele>
      </trkpt>
      <trkpt lat="43.52564" lon="2.82561">
        <ele>287.9</ele>
      </trkpt>
      <trkpt lat="43.52549" lon="2.82563">
        <ele>286.4</ele>
      </trkpt>
      <trkpt lat="43.52513" lon="2.82579">
        <ele>282.5</ele>
      </trkpt>
      <trkpt lat="43.52494" lon="2.82596">
        <ele>280.2</ele>
      </trkpt>
      <trkpt lat="43.52486" lon="2.82608">
        <ele>278.7</ele>
      </trkpt>
      <trkpt lat="43.52487" lon="2.8262">
        <ele>277.6</ele>
      </trkpt>
      <trkpt lat="43.52491" lon="2.82629">
        <ele>276.6</ele>
      </trkpt>
      <trkpt lat="43.52529" lon="2.82636">
        <ele>273.6</ele>
      </trkpt>
      <trkpt lat="43.52533" lon="2.8265">
        <ele>271.9</ele>
      </trkpt>
      <trkpt lat="43.5253" lon="2.82657">
        <ele>270.6</ele>
      </trkpt>
      <trkpt lat="43.52478" lon="2.82752">
        <ele>258.9</ele>
      </trkpt>
      <trkpt lat="43.5246" lon="2.828">
        <ele>255.3</ele>
      </trkpt>
      <trkpt lat="43.52452" lon="2.82828">
        <ele>253.8</ele>
      </trkpt>
      <trkpt lat="43.5248" lon="2.82886">
        <ele>253.4</ele>
      </trkpt>
      <trkpt lat="43.52523" lon="2.82947">
        <ele>256.1</ele>
      </trkpt>
      <trkpt lat="43.52557" lon="2.82981">
        <ele>257.5</ele>
      </trkpt>
      <trkpt lat="43.5258" lon="2.82999">
        <ele>256.3</ele>
      </trkpt>
      <trkpt lat="43.52604" lon="2.83011">
        <ele>257.4</ele>
      </trkpt>
      <trkpt lat="43.52655" lon="2.83027">
        <ele>255.4</ele>
      </trkpt>
      <trkpt lat="43.52761" lon="2.83049">
        <ele>254.1</ele>
      </trkpt>
      <trkpt lat="43.52813" lon="2.83073">
        <ele>252.2</ele>
      </trkpt>
      <trkpt lat="43.5287" lon="2.8312">
        <ele>249.1</ele>
      </trkpt>
      <trkpt lat="43.5291" lon="2.83179">
        <ele>246.2</ele>
      </trkpt>
      <trkpt lat="43.52929" lon="2.83214">
        <ele>245.4</ele>
      </trkpt>
      <trkpt lat="43.52946" lon="2.83261">
        <ele>247.7</ele>
      </trkpt>
      <trkpt lat="43.5296" lon="2.83311">
        <ele>247.7</ele>
      </trkpt>
      <trkpt lat="43.52967" lon="2.8335">
        <ele>248.8</ele>
      </trkpt>
      <trkpt lat="43.5297" lon="2.83403">
        <ele>249.6</ele>
      </trkpt>
      <trkpt lat="43.52968" lon="2.83446">
        <ele>251.2</ele>
      </trkpt>
      <trkpt lat="43.52962" lon="2.83501">
        <ele>252.1</ele>
      </trkpt>
      <trkpt lat="43.52919" lon="2.83675">
        <ele>255.8</ele>
      </trkpt>
      <trkpt lat="43.52914" lon="2.8379">
        <ele>257</ele>
      </trkpt>
      <trkpt lat="43.52905" lon="2.84001">
        <ele>247.7</ele>
      </trkpt>
      <trkpt lat="43.52898" lon="2.84066">
        <ele>243.9</ele>
      </trkpt>
      <trkpt lat="43.52876" lon="2.84146">
        <ele>248.3</ele>
      </trkpt>
      <trkpt lat="43.52827" lon="2.84308">
        <ele>248.4</ele>
      </trkpt>
      <trkpt lat="43.52821" lon="2.84364">
        <ele>250.7</ele>
      </trkpt>
      <trkpt lat="43.52816" lon="2.84412">
        <ele>250.9</ele>
      </trkpt>
      <trkpt lat="43.52819" lon="2.84472">
        <ele>250</ele>
      </trkpt>
      <trkpt lat="43.52834" lon="2.84544">
        <ele>245.3</ele>
      </trkpt>
      <trkpt lat="43.52859" lon="2.84614">
        <ele>243.2</ele>
      </trkpt>
      <trkpt lat="43.52893" lon="2.84669">
        <ele>243.2</ele>
      </trkpt>
      <trkpt lat="43.52941" lon="2.84728">
        <ele>242.8</ele>
      </trkpt>
      <trkpt lat="43.53006" lon="2.84794">
        <ele>236.8</ele>
      </trkpt>
      <trkpt lat="43.53044" lon="2.84858">
        <ele>236</ele>
      </trkpt>
      <trkpt lat="43.53072" lon="2.84912">
        <ele>240</ele>
      </trkpt>
      <trkpt lat="43.53144" lon="2.85076">
        <ele>234.4</ele>
      </trkpt>
      <trkpt lat="43.53161" lon="2.85119">
        <ele>224.7</ele>
      </trkpt>
      <trkpt lat="43.53175" lon="2.85191">
        <ele>233.2</ele>
      </trkpt>
      <trkpt lat="43.53195" lon="2.85319">
        <ele>233.6</ele>
      </trkpt>
      <trkpt lat="43.53208" lon="2.85385">
        <ele>233.4</ele>
      </trkpt>
      <trkpt lat="43.53225" lon="2.85448">
        <ele>231.5</ele>
        <time>2021-10-08T10:35:57Z</time>
      </trkpt>
      <trkpt lat="43.53254" lon="2.85525">
        <ele>220.7</ele>
        <time>2021-10-08T10:36:11Z</time>
      </trkpt>
      <trkpt lat="43.53317" lon="2.85642">
        <ele>231.9</ele>
        <time>2021-10-08T10:36:34Z</time>
      </trkpt>
      <trkpt lat="43.53341" lon="2.85676">
        <ele>229.9</ele>
        <time>2021-10-08T10:36:36Z</time>
      </trkpt>
      <trkpt lat="43.53357" lon="2.85678">
        <ele>232.8</ele>
      </trkpt>
      <trkpt lat="43.53409" lon="2.85748">
        <ele>232.1</ele>
      </trkpt>
      <trkpt lat="43.53423" lon="2.85753">
        <ele>233.8</ele>
      </trkpt>
      <trkpt lat="43.53428" lon="2.85758">
        <ele>234.2</ele>
      </trkpt>
      <trkpt lat="43.53472" lon="2.85812">
        <ele>232.9</ele>
      </trkpt>
      <trkpt lat="43.53525" lon="2.85859">
        <ele>235.6</ele>
      </trkpt>
      <trkpt lat="43.53603" lon="2.85916">
        <ele>230.1</ele>
        <time>2021-10-08T10:39:17Z</time>
      </trkpt>
      <trkpt lat="43.53621" lon="2.85946">
        <ele>229.7</ele>
        <time>2021-10-08T10:39:22Z</time>
      </trkpt>
      <trkpt lat="43.53653" lon="2.85959">
        <ele>231.6</ele>
        <time>2021-10-08T10:39:32Z</time>
      </trkpt>
      <trkpt lat="43.53701" lon="2.8597">
        <ele>231.8</ele>
        <time>2021-10-08T10:39:43Z</time>
      </trkpt>
      <trkpt lat="43.53729" lon="2.8597">
        <ele>232.2</ele>
        <time>2021-10-08T10:39:49Z</time>
      </trkpt>
      <trkpt lat="43.53839" lon="2.85945">
        <ele>229.4</ele>
        <time>2021-10-08T10:40:08Z</time>
      </trkpt>
      <trkpt lat="43.53892" lon="2.85939">
        <ele>226.4</ele>
        <time>2021-10-08T10:40:15Z</time>
      </trkpt>
      <trkpt lat="43.53936" lon="2.85945">
        <ele>225.9</ele>
        <time>2021-10-08T10:40:23Z</time>
      </trkpt>
      <trkpt lat="43.53975" lon="2.85959">
        <ele>229.6</ele>
        <time>2021-10-08T10:40:29Z</time>
      </trkpt>
      <trkpt lat="43.54032" lon="2.85996">
        <ele>228.8</ele>
        <time>2021-10-08T10:40:38Z</time>
      </trkpt>
      <trkpt lat="43.54202" lon="2.86196">
        <ele>220</ele>
        <time>2021-10-08T10:41:15Z</time>
      </trkpt>
      <trkpt lat="43.54277" lon="2.86285">
        <ele>222.8</ele>
        <time>2021-10-08T10:41:31Z</time>
      </trkpt>
      <trkpt lat="43.54312" lon="2.8634">
        <ele>221.8</ele>
        <time>2021-10-08T10:41:41Z</time>
      </trkpt>
      <trkpt lat="43.54429" lon="2.86533">
        <ele>216.5</ele>
        <time>2021-10-08T10:42:09Z</time>
      </trkpt>
      <trkpt lat="43.54453" lon="2.86583">
        <ele>219.4</ele>
        <time>2021-10-08T10:42:16Z</time>
      </trkpt>
      <trkpt lat="43.54473" lon="2.86633">
        <ele>218.8</ele>
        <time>2021-10-08T10:42:22Z</time>
      </trkpt>
      <trkpt lat="43.54493" lon="2.86701">
        <ele>218.2</ele>
        <time>2021-10-08T10:42:30Z</time>
      </trkpt>
      <trkpt lat="43.54498" lon="2.86771">
        <ele>211.7</ele>
        <time>2021-10-08T10:42:36Z</time>
      </trkpt>
      <trkpt lat="43.54496" lon="2.86825">
        <ele>216</ele>
        <time>2021-10-08T10:42:43Z</time>
      </trkpt>
      <trkpt lat="43.54485" lon="2.86898">
        <ele>215.2</ele>
        <time>2021-10-08T10:42:53Z</time>
      </trkpt>
      <trkpt lat="43.54468" lon="2.86957">
        <ele>214.4</ele>
        <time>2021-10-08T10:43:06Z</time>
      </trkpt>
      <trkpt lat="43.54435" lon="2.87025">
        <ele>214.4</ele>
        <time>2021-10-08T10:43:18Z</time>
      </trkpt>
      <trkpt lat="43.54412" lon="2.87059">
        <ele>209</ele>
        <time>2021-10-08T10:43:25Z</time>
      </trkpt>
      <trkpt lat="43.54407" lon="2.87069">
        <ele>211.7</ele>
        <time>2021-10-08T10:43:27Z</time>
      </trkpt>
      <trkpt lat="43.54412" lon="2.87074">
        <ele>215</ele>
        <time>2021-10-08T10:43:31Z</time>
      </trkpt>
      <trkpt lat="43.54417" lon="2.87075">
        <ele>216</ele>
        <time>2021-10-08T10:43:35Z</time>
      </trkpt>
      <trkpt lat="43.54414" lon="2.8708">
        <ele>214.8</ele>
        <time>2021-10-08T10:43:37Z</time>
      </trkpt>
      <trkpt lat="43.54405" lon="2.87092">
        <ele>217.8</ele>
        <time>2021-10-08T10:43:48Z</time>
      </trkpt>
      <trkpt lat="43.54365" lon="2.87149">
        <ele>221.6</ele>
        <time>2021-10-08T10:44:20Z</time>
      </trkpt>
      <trkpt lat="43.54364" lon="2.87169">
        <ele>226.6</ele>
        <time>2021-10-08T10:44:36Z</time>
      </trkpt>
      <trkpt lat="43.5433" lon="2.87306">
        <ele>235.8</ele>
        <time>2021-10-08T10:45:28Z</time>
      </trkpt>
      <trkpt lat="43.54317" lon="2.87335">
        <ele>235.3</ele>
        <time>2021-10-08T10:45:36Z</time>
      </trkpt>
      <trkpt lat="43.54316" lon="2.87357">
        <ele>236.4</ele>
        <time>2021-10-08T10:45:40Z</time>
      </trkpt>
      <trkpt lat="43.54318" lon="2.87373">
        <ele>237</ele>
        <time>2021-10-08T10:45:44Z</time>
      </trkpt>
      <trkpt lat="43.54329" lon="2.87397">
        <ele>237.8</ele>
        <time>2021-10-08T10:45:51Z</time>
      </trkpt>
      <trkpt lat="43.54336" lon="2.87405">
        <ele>238.4</ele>
        <time>2021-10-08T10:45:55Z</time>
      </trkpt>
      <trkpt lat="43.54363" lon="2.87414">
        <ele>241.2</ele>
        <time>2021-10-08T10:46:07Z</time>
      </trkpt>
      <trkpt lat="43.54399" lon="2.87439">
        <ele>244.6</ele>
        <time>2021-10-08T10:46:23Z</time>
      </trkpt>
      <trkpt lat="43.54457" lon="2.87494">
        <ele>249.8</ele>
        <time>2021-10-08T10:46:55Z</time>
      </trkpt>
      <trkpt lat="43.54493" lon="2.87523">
        <ele>251.4</ele>
        <time>2021-10-08T10:47:11Z</time>
      </trkpt>
      <trkpt lat="43.54532" lon="2.87558">
        <ele>253</ele>
        <time>2021-10-08T10:47:27Z</time>
      </trkpt>
      <trkpt lat="43.54543" lon="2.87571">
        <ele>253</ele>
        <time>2021-10-08T10:47:31Z</time>
      </trkpt>
      <trkpt lat="43.54597" lon="2.87666">
        <ele>253.4</ele>
        <time>2021-10-08T10:47:50Z</time>
      </trkpt>
      <trkpt lat="43.54607" lon="2.87692">
        <ele>253.4</ele>
        <time>2021-10-08T10:47:54Z</time>
      </trkpt>
      <trkpt lat="43.54635" lon="2.87738">
        <ele>252.2</ele>
        <time>2021-10-08T10:48:00Z</time>
      </trkpt>
      <trkpt lat="43.54643" lon="2.87758">
        <ele>251.8</ele>
        <time>2021-10-08T10:48:02Z</time>
      </trkpt>
      <trkpt lat="43.54659" lon="2.87782">
        <ele>250.6</ele>
        <time>2021-10-08T10:48:05Z</time>
      </trkpt>
      <trkpt lat="43.5469" lon="2.87794">
        <ele>241.6</ele>
        <time>2021-10-08T10:48:09Z</time>
      </trkpt>
      <trkpt lat="43.54708" lon="2.87816">
        <ele>238.9</ele>
        <time>2021-10-08T10:48:11Z</time>
      </trkpt>
      <trkpt lat="43.54723" lon="2.87842">
        <ele>244</ele>
        <time>2021-10-08T10:48:15Z</time>
      </trkpt>
      <trkpt lat="43.5474" lon="2.87886">
        <ele>242.2</ele>
        <time>2021-10-08T10:48:19Z</time>
      </trkpt>
      <trkpt lat="43.54747" lon="2.87913">
        <ele>232.6</ele>
        <time>2021-10-08T10:48:22Z</time>
      </trkpt>
      <trkpt lat="43.54744" lon="2.87956">
        <ele>229.8</ele>
        <time>2021-10-08T10:48:26Z</time>
      </trkpt>
      <trkpt lat="43.54757" lon="2.88035">
        <ele>224</ele>
        <time>2021-10-08T10:48:33Z</time>
      </trkpt>
      <trkpt lat="43.54765" lon="2.88044">
        <ele>224</ele>
        <time>2021-10-08T10:48:35Z</time>
      </trkpt>
      <trkpt lat="43.54778" lon="2.88054">
        <ele>224.6</ele>
        <time>2021-10-08T10:48:39Z</time>
      </trkpt>
      <trkpt lat="43.54776" lon="2.88076">
        <ele>224.8</ele>
        <time>2021-10-08T10:48:43Z</time>
      </trkpt>
      <trkpt lat="43.54782" lon="2.88117">
        <ele>224.2</ele>
        <time>2021-10-08T10:48:49Z</time>
      </trkpt>
      <trkpt lat="43.54792" lon="2.88155">
        <ele>227.6</ele>
        <time>2021-10-08T10:48:54Z</time>
      </trkpt>
      <trkpt lat="43.54794" lon="2.8819">
        <ele>221.7</ele>
      </trkpt>
      <trkpt lat="43.54801" lon="2.88249">
        <ele>224.6</ele>
        <time>2021-10-08T10:49:03Z</time>
      </trkpt>
      <trkpt lat="43.54807" lon="2.88283">
        <ele>223.6</ele>
        <time>2021-10-08T10:49:06Z</time>
      </trkpt>
      <trkpt lat="43.54823" lon="2.88338">
        <ele>221.8</ele>
        <time>2021-10-08T10:49:11Z</time>
      </trkpt>
      <trkpt lat="43.54835" lon="2.88367">
        <ele>220.6</ele>
        <time>2021-10-08T10:49:14Z</time>
      </trkpt>
      <trkpt lat="43.54844" lon="2.8838">
        <ele>218.8</ele>
        <time>2021-10-08T10:49:16Z</time>
      </trkpt>
      <trkpt lat="43.54863" lon="2.88382">
        <ele>210.1</ele>
        <time>2021-10-08T10:49:20Z</time>
      </trkpt>
      <trkpt lat="43.54871" lon="2.88398">
        <ele>210.8</ele>
        <time>2021-10-08T10:49:22Z</time>
      </trkpt>
      <trkpt lat="43.54872" lon="2.88417">
        <ele>210</ele>
        <time>2021-10-08T10:49:24Z</time>
      </trkpt>
      <trkpt lat="43.54865" lon="2.88433">
        <ele>207.8</ele>
        <time>2021-10-08T10:49:29Z</time>
      </trkpt>
      <trkpt lat="43.54849" lon="2.88528">
        <ele>199.1</ele>
        <time>2021-10-08T10:49:36Z</time>
      </trkpt>
      <trkpt lat="43.54867" lon="2.88593">
        <ele>201.8</ele>
        <time>2021-10-08T10:49:44Z</time>
      </trkpt>
      <trkpt lat="43.54869" lon="2.88626">
        <ele>201</ele>
        <time>2021-10-08T10:49:48Z</time>
      </trkpt>
      <trkpt lat="43.54867" lon="2.88659">
        <ele>200.8</ele>
        <time>2021-10-08T10:49:52Z</time>
      </trkpt>
      <trkpt lat="43.5488" lon="2.88738">
        <ele>200</ele>
        <time>2021-10-08T10:50:03Z</time>
      </trkpt>
      <trkpt lat="43.54892" lon="2.89152">
        <ele>199.6</ele>
        <time>2021-10-08T10:50:56Z</time>
      </trkpt>
      <trkpt lat="43.54891" lon="2.89261">
        <ele>199</ele>
        <time>2021-10-08T10:51:10Z</time>
      </trkpt>
      <trkpt lat="43.5488" lon="2.89361">
        <ele>197.8</ele>
        <time>2021-10-08T10:51:24Z</time>
      </trkpt>
      <trkpt lat="43.54875" lon="2.89389">
        <ele>197.4</ele>
        <time>2021-10-08T10:51:32Z</time>
      </trkpt>
      <trkpt lat="43.54825" lon="2.89595">
        <ele>194.2</ele>
        <time>2021-10-08T10:52:12Z</time>
      </trkpt>
      <trkpt lat="43.5481" lon="2.89678">
        <ele>196.5</ele>
        <time>2021-10-08T10:52:27Z</time>
      </trkpt>
      <trkpt lat="43.54809" lon="2.89748">
        <ele>195.8</ele>
      </trkpt>
      <trkpt lat="43.54812" lon="2.89789">
        <ele>187.8</ele>
        <time>2021-10-08T10:52:31Z</time>
      </trkpt>
      <trkpt lat="43.54818" lon="2.89828">
        <ele>194.8</ele>
        <time>2021-10-08T10:52:42Z</time>
      </trkpt>
      <trkpt lat="43.54833" lon="2.89883">
        <ele>178</ele>
        <time>2021-10-08T10:52:49Z</time>
      </trkpt>
      <trkpt lat="43.54857" lon="2.89944">
        <ele>193.8</ele>
        <time>2021-10-08T10:52:59Z</time>
      </trkpt>
      <trkpt lat="43.54938" lon="2.90062">
        <ele>193.2</ele>
        <time>2021-10-08T10:53:20Z</time>
      </trkpt>
      <trkpt lat="43.54981" lon="2.90129">
        <ele>194</ele>
        <time>2021-10-08T10:53:31Z</time>
      </trkpt>
      <trkpt lat="43.55005" lon="2.90198">
        <ele>194</ele>
        <time>2021-10-08T10:53:41Z</time>
      </trkpt>
      <trkpt lat="43.55015" lon="2.90246">
        <ele>191.4</ele>
        <time>2021-10-08T10:53:47Z</time>
      </trkpt>
      <trkpt lat="43.55022" lon="2.90304">
        <ele>192.2</ele>
        <time>2021-10-08T10:53:53Z</time>
      </trkpt>
      <trkpt lat="43.55036" lon="2.9042">
        <ele>193.2</ele>
        <time>2021-10-08T10:54:08Z</time>
      </trkpt>
      <trkpt lat="43.55051" lon="2.90482">
        <ele>186.7</ele>
        <time>2021-10-08T10:54:13Z</time>
      </trkpt>
      <trkpt lat="43.55075" lon="2.90539">
        <ele>189.5</ele>
        <time>2021-10-08T10:54:22Z</time>
      </trkpt>
      <trkpt lat="43.55095" lon="2.90571">
        <ele>190.9</ele>
        <time>2021-10-08T10:54:30Z</time>
      </trkpt>
      <trkpt lat="43.55132" lon="2.90627">
        <ele>191.7</ele>
        <time>2021-10-08T10:54:44Z</time>
      </trkpt>
      <trkpt lat="43.55157" lon="2.90669">
        <ele>191.6</ele>
      </trkpt>
      <trkpt lat="43.55179" lon="2.90717">
        <ele>187.6</ele>
        <time>2021-10-08T10:54:57Z</time>
      </trkpt>
      <trkpt lat="43.55195" lon="2.90769">
        <ele>187.3</ele>
        <time>2021-10-08T10:55:04Z</time>
      </trkpt>
      <trkpt lat="43.55216" lon="2.90848">
        <ele>191.2</ele>
        <time>2021-10-08T10:55:14Z</time>
      </trkpt>
      <trkpt lat="43.55239" lon="2.90932">
        <ele>184.6</ele>
        <time>2021-10-08T10:55:23Z</time>
      </trkpt>
      <trkpt lat="43.55263" lon="2.90978">
        <ele>189.6</ele>
        <time>2021-10-08T10:55:31Z</time>
      </trkpt>
      <trkpt lat="43.55293" lon="2.91021">
        <ele>188.8</ele>
        <time>2021-10-08T10:55:38Z</time>
      </trkpt>
      <trkpt lat="43.55338" lon="2.91068">
        <ele>179.9</ele>
        <time>2021-10-08T10:55:48Z</time>
      </trkpt>
      <trkpt lat="43.55376" lon="2.91094">
        <ele>180.4</ele>
        <time>2021-10-08T10:55:54Z</time>
      </trkpt>
      <trkpt lat="43.55403" lon="2.91111">
        <ele>186.4</ele>
        <time>2021-10-08T10:56:01Z</time>
      </trkpt>
      <trkpt lat="43.55415" lon="2.91091">
        <ele>185.6</ele>
        <time>2021-10-08T10:56:09Z</time>
      </trkpt>
      <trkpt lat="43.55426" lon="2.9096">
        <ele>179</ele>
        <time>2021-10-08T10:57:17Z</time>
      </trkpt>
      <trkpt lat="43.55533" lon="2.90984">
        <ele>179.3</ele>
        <time>2021-10-08T10:58:10Z</time>
      </trkpt>
      <trkpt lat="43.55667" lon="2.91076">
        <ele>181</ele>
        <time>2021-10-08T10:58:42Z</time>
      </trkpt>
      <trkpt lat="43.55685" lon="2.9108">
        <ele>180.6</ele>
        <time>2021-10-08T10:58:47Z</time>
      </trkpt>
      <trkpt lat="43.5569" lon="2.91084">
        <ele>180.4</ele>
        <time>2021-10-08T10:58:49Z</time>
      </trkpt>
      <trkpt lat="43.55709" lon="2.91188">
        <ele>184.2</ele>
        <time>2021-10-08T10:59:55Z</time>
      </trkpt>
      <trkpt lat="43.55703" lon="2.91205">
        <ele>182.4</ele>
        <time>2021-10-08T11:00:06Z</time>
      </trkpt>
      <trkpt lat="43.5569" lon="2.91212">
        <ele>182</ele>
        <time>2021-10-08T11:00:10Z</time>
      </trkpt>
      <trkpt lat="43.55674" lon="2.91202">
        <ele>173.5</ele>
      </trkpt>
      <trkpt lat="43.55655" lon="2.91207">
        <ele>174.4</ele>
        <time>2021-10-08T11:00:18Z</time>
      </trkpt>
      <trkpt lat="43.55631" lon="2.91239">
        <ele>179.3</ele>
        <time>2021-10-08T11:00:45Z</time>
      </trkpt>
      <trkpt lat="43.55605" lon="2.91281">
        <ele>190</ele>
        <time>2021-10-08T11:01:09Z</time>
      </trkpt>
      <trkpt lat="43.55597" lon="2.91291">
        <ele>188.9</ele>
        <time>2021-10-08T11:01:17Z</time>
      </trkpt>
      <trkpt lat="43.55604" lon="2.91317">
        <ele>192.3</ele>
        <time>2021-10-08T11:01:37Z</time>
      </trkpt>
      <trkpt lat="43.55605" lon="2.91363">
        <ele>196</ele>
        <time>2021-10-08T11:01:49Z</time>
      </trkpt>
      <trkpt lat="43.55608" lon="2.91384">
        <ele>197.2</ele>
        <time>2021-10-08T11:01:57Z</time>
      </trkpt>
      <trkpt lat="43.55633" lon="2.91445">
        <ele>194</ele>
        <time>2021-10-08T11:02:38Z</time>
      </trkpt>
      <trkpt lat="43.5567" lon="2.91639">
        <ele>181.9</ele>
        <time>2021-10-08T11:03:02Z</time>
      </trkpt>
      <trkpt lat="43.55655" lon="2.91645">
        <ele>182</ele>
      </trkpt>
      <trkpt lat="43.55659" lon="2.91678">
        <ele>180.8</ele>
        <time>2021-10-08T12:30:39Z</time>
      </trkpt>
      <trkpt lat="43.55655" lon="2.91679">
        <ele>192.4</ele>
        <time>2021-10-08T12:30:43Z</time>
      </trkpt>
      <trkpt lat="43.55645" lon="2.9172">
        <ele>180.5</ele>
        <time>2021-10-08T12:33:09Z</time>
      </trkpt>
      <trkpt lat="43.55669" lon="2.91812">
        <ele>180.8</ele>
        <time>2021-10-08T12:33:28Z</time>
      </trkpt>
      <trkpt lat="43.55699" lon="2.91902">
        <ele>164.1</ele>
        <time>2021-10-08T12:42:37Z</time>
      </trkpt>
      <trkpt lat="43.55754" lon="2.92052">
        <ele>193.4</ele>
        <time>2021-10-08T12:43:24Z</time>
      </trkpt>
      <trkpt lat="43.55772" lon="2.92109">
        <ele>181</ele>
        <time>2021-10-08T12:46:40Z</time>
      </trkpt>
      <trkpt lat="43.55786" lon="2.92193">
        <ele>182.1</ele>
        <time>2021-10-08T12:46:57Z</time>
      </trkpt>
      <trkpt lat="43.55806" lon="2.92376">
        <ele>177.5</ele>
        <time>2021-10-08T12:47:23Z</time>
      </trkpt>
      <trkpt lat="43.55824" lon="2.92458">
        <ele>177.4</ele>
        <time>2021-10-08T12:47:34Z</time>
      </trkpt>
      <trkpt lat="43.55887" lon="2.92657">
        <ele>190.2</ele>
        <time>2021-10-08T12:48:03Z</time>
      </trkpt>
      <trkpt lat="43.55903" lon="2.92717">
        <ele>189.6</ele>
        <time>2021-10-08T12:48:11Z</time>
      </trkpt>
      <trkpt lat="43.55931" lon="2.92874">
        <ele>173.6</ele>
      </trkpt>
      <trkpt lat="43.55955" lon="2.92986">
        <ele>187.2</ele>
        <time>2021-10-08T12:48:45Z</time>
      </trkpt>
      <trkpt lat="43.56007" lon="2.93129">
        <ele>186.4</ele>
        <time>2021-10-08T12:49:04Z</time>
      </trkpt>
      <trkpt lat="43.56099" lon="2.93257">
        <ele>169.2</ele>
        <time>2021-10-08T12:49:26Z</time>
      </trkpt>
      <trkpt lat="43.56205" lon="2.93406">
        <ele>171.3</ele>
        <time>2021-10-08T12:49:56Z</time>
      </trkpt>
      <trkpt lat="43.56244" lon="2.93451">
        <ele>171.4</ele>
        <time>2021-10-08T12:50:05Z</time>
      </trkpt>
      <trkpt lat="43.56377" lon="2.93563">
        <ele>183.6</ele>
        <time>2021-10-08T12:50:35Z</time>
      </trkpt>
      <trkpt lat="43.56429" lon="2.93635">
        <ele>183.4</ele>
        <time>2021-10-08T12:50:51Z</time>
      </trkpt>
      <trkpt lat="43.56452" lon="2.9369">
        <ele>182.8</ele>
        <time>2021-10-08T12:51:01Z</time>
      </trkpt>
      <trkpt lat="43.56467" lon="2.93742">
        <ele>164.2</ele>
        <time>2021-10-08T12:51:08Z</time>
      </trkpt>
      <trkpt lat="43.56481" lon="2.93819">
        <ele>167.8</ele>
        <time>2021-10-08T12:51:17Z</time>
      </trkpt>
      <trkpt lat="43.565" lon="2.93941">
        <ele>169.8</ele>
        <time>2021-10-08T12:51:24Z</time>
      </trkpt>
      <trkpt lat="43.56521" lon="2.94019">
        <ele>162.8</ele>
        <time>2021-10-08T12:51:37Z</time>
      </trkpt>
      <trkpt lat="43.5654" lon="2.94095">
        <ele>165.6</ele>
        <time>2021-10-08T12:51:59Z</time>
      </trkpt>
      <trkpt lat="43.56554" lon="2.94276">
        <ele>184.4</ele>
        <time>2021-10-08T12:52:28Z</time>
      </trkpt>
      <trkpt lat="43.56565" lon="2.9435">
        <ele>175.9</ele>
        <time>2021-10-08T12:52:40Z</time>
      </trkpt>
      <trkpt lat="43.56578" lon="2.94412">
        <ele>186</ele>
        <time>2021-10-08T12:52:49Z</time>
      </trkpt>
      <trkpt lat="43.56616" lon="2.94523">
        <ele>175.1</ele>
        <time>2021-10-08T12:53:07Z</time>
      </trkpt>
      <trkpt lat="43.56642" lon="2.94586">
        <ele>164.5</ele>
        <time>2021-10-08T12:53:13Z</time>
      </trkpt>
      <trkpt lat="43.56666" lon="2.94643">
        <ele>175.4</ele>
        <time>2021-10-08T12:53:30Z</time>
      </trkpt>
      <trkpt lat="43.56688" lon="2.94707">
        <ele>176</ele>
        <time>2021-10-08T12:53:37Z</time>
      </trkpt>
      <trkpt lat="43.56698" lon="2.9475">
        <ele>177.6</ele>
        <time>2021-10-08T12:53:45Z</time>
      </trkpt>
      <trkpt lat="43.56704" lon="2.9479">
        <ele>189</ele>
        <time>2021-10-08T12:53:53Z</time>
      </trkpt>
      <trkpt lat="43.56702" lon="2.94883">
        <ele>179.3</ele>
        <time>2021-10-08T12:54:07Z</time>
      </trkpt>
      <trkpt lat="43.56696" lon="2.9492">
        <ele>177.1</ele>
        <time>2021-10-08T12:54:12Z</time>
      </trkpt>
      <trkpt lat="43.56658" lon="2.95108">
        <ele>180.3</ele>
        <time>2021-10-08T12:54:42Z</time>
      </trkpt>
      <trkpt lat="43.56655" lon="2.95177">
        <ele>178.5</ele>
        <time>2021-10-08T12:54:53Z</time>
      </trkpt>
      <trkpt lat="43.56658" lon="2.95275">
        <ele>176.6</ele>
        <time>2021-10-08T12:55:08Z</time>
      </trkpt>
      <trkpt lat="43.5666" lon="2.95321">
        <ele>179.4</ele>
        <time>2021-10-08T12:55:15Z</time>
      </trkpt>
      <trkpt lat="43.56667" lon="2.95445">
        <ele>181</ele>
        <time>2021-10-08T12:55:33Z</time>
      </trkpt>
      <trkpt lat="43.56666" lon="2.95644">
        <ele>182</ele>
        <time>2021-10-08T12:56:05Z</time>
      </trkpt>
      <trkpt lat="43.56662" lon="2.95854">
        <ele>181.5</ele>
        <time>2021-10-08T12:56:35Z</time>
      </trkpt>
      <trkpt lat="43.56665" lon="2.95922">
        <ele>182.1</ele>
        <time>2021-10-08T12:56:51Z</time>
      </trkpt>
      <trkpt lat="43.56672" lon="2.95973">
        <ele>183.2</ele>
        <time>2021-10-08T12:57:02Z</time>
      </trkpt>
      <trkpt lat="43.56686" lon="2.96053">
        <ele>183</ele>
      </trkpt>
      <trkpt lat="43.56706" lon="2.96132">
        <ele>183.1</ele>
        <time>2021-10-08T12:57:21Z</time>
      </trkpt>
      <trkpt lat="43.56744" lon="2.96255">
        <ele>182.2</ele>
        <time>2021-10-08T12:57:48Z</time>
      </trkpt>
      <trkpt lat="43.56783" lon="2.96359">
        <ele>182.4</ele>
      </trkpt>
      <trkpt lat="43.56836" lon="2.96491">
        <ele>183.3</ele>
        <time>2021-10-08T12:58:28Z</time>
      </trkpt>
      <trkpt lat="43.56868" lon="2.96549">
        <ele>184</ele>
        <time>2021-10-08T12:58:38Z</time>
      </trkpt>
      <trkpt lat="43.56889" lon="2.96577">
        <ele>196.8</ele>
        <time>2021-10-08T12:58:45Z</time>
      </trkpt>
      <trkpt lat="43.57012" lon="2.96728">
        <ele>187.5</ele>
      </trkpt>
      <trkpt lat="43.57058" lon="2.96787">
        <ele>184</ele>
        <time>2021-10-08T12:59:27Z</time>
      </trkpt>
      <trkpt lat="43.5708" lon="2.96829">
        <ele>179.5</ele>
        <time>2021-10-08T12:59:31Z</time>
      </trkpt>
      <trkpt lat="43.57093" lon="2.96858">
        <ele>195.2</ele>
        <time>2021-10-08T12:59:40Z</time>
      </trkpt>
      <trkpt lat="43.5711" lon="2.96916">
        <ele>177.8</ele>
        <time>2021-10-08T12:59:48Z</time>
      </trkpt>
      <trkpt lat="43.57118" lon="2.96953">
        <ele>174.7</ele>
        <time>2021-10-08T12:59:52Z</time>
      </trkpt>
      <trkpt lat="43.57123" lon="2.96996">
        <ele>171.2</ele>
        <time>2021-10-08T13:00:07Z</time>
      </trkpt>
      <trkpt lat="43.57125" lon="2.97041">
        <ele>192.4</ele>
        <time>2021-10-08T13:03:27Z</time>
      </trkpt>
      <trkpt lat="43.57122" lon="2.97098">
        <ele>192.2</ele>
        <time>2021-10-08T13:03:37Z</time>
      </trkpt>
      <trkpt lat="43.57112" lon="2.97152">
        <ele>175.6</ele>
      </trkpt>
      <trkpt lat="43.57104" lon="2.97181">
        <ele>191.2</ele>
        <time>2021-10-08T13:05:57Z</time>
      </trkpt>
      <trkpt lat="43.57093" lon="2.97212">
        <ele>191</ele>
        <time>2021-10-08T13:06:04Z</time>
      </trkpt>
      <trkpt lat="43.57095" lon="2.9722">
        <ele>191</ele>
        <time>2021-10-08T13:06:06Z</time>
      </trkpt>
      <trkpt lat="43.57098" lon="2.97224">
        <ele>175.7</ele>
      </trkpt>
      <trkpt lat="43.57104" lon="2.97223">
        <ele>175.8</ele>
        <time>2021-10-08T13:06:10Z</time>
      </trkpt>
      <trkpt lat="43.57109" lon="2.97201">
        <ele>172.8</ele>
        <time>2021-10-08T13:06:21Z</time>
      </trkpt>
      <trkpt lat="43.57111" lon="2.97193">
        <ele>172.1</ele>
        <time>2021-10-08T13:06:24Z</time>
      </trkpt>
      <trkpt lat="43.57107" lon="2.97189">
        <ele>172.2</ele>
        <time>2021-10-08T13:06:47Z</time>
      </trkpt>
      <trkpt lat="43.57099" lon="2.97184">
        <ele>171.3</ele>
        <time>2021-10-08T13:07:32Z</time>
      </trkpt>
      <trkpt lat="43.57073" lon="2.97162">
        <ele>165.3</ele>
        <time>2021-10-08T13:07:36Z</time>
      </trkpt>
      <trkpt lat="43.57063" lon="2.97156">
        <ele>163.7</ele>
        <time>2021-10-08T13:07:37Z</time>
      </trkpt>
      <trkpt lat="43.57045" lon="2.97155">
        <ele>160.1</ele>
      </trkpt>
      <trkpt lat="43.57014" lon="2.9714">
        <ele>154.6</ele>
      </trkpt>
      <trkpt lat="43.56985" lon="2.9713">
        <ele>175.8</ele>
        <time>2021-10-08T13:07:50Z</time>
      </trkpt>
      <trkpt lat="43.56979" lon="2.9713">
        <ele>158.8</ele>
        <time>2021-10-08T13:07:51Z</time>
      </trkpt>
      <trkpt lat="43.56964" lon="2.97159">
        <ele>176</ele>
        <time>2021-10-08T13:08:08Z</time>
      </trkpt>
      <trkpt lat="43.56943" lon="2.97188">
        <ele>162.1</ele>
      </trkpt>
      <trkpt lat="43.56929" lon="2.972">
        <ele>162.3</ele>
      </trkpt>
      <trkpt lat="43.56926" lon="2.97214">
        <ele>160.8</ele>
        <time>2021-10-08T13:08:32Z</time>
      </trkpt>
      <trkpt lat="43.56908" lon="2.97232">
        <ele>179</ele>
        <time>2021-10-08T13:08:39Z</time>
      </trkpt>
      <trkpt lat="43.56888" lon="2.97247">
        <ele>162.3</ele>
        <time>2021-10-08T13:08:45Z</time>
      </trkpt>
      <trkpt lat="43.56843" lon="2.97267">
        <ele>156.2</ele>
        <time>2021-10-08T13:08:54Z</time>
      </trkpt>
      <trkpt lat="43.56787" lon="2.97287">
        <ele>175.2</ele>
        <time>2021-10-08T13:09:05Z</time>
      </trkpt>
      <trkpt lat="43.56758" lon="2.97302">
        <ele>174.8</ele>
        <time>2021-10-08T13:09:14Z</time>
      </trkpt>
      <trkpt lat="43.56735" lon="2.97306">
        <ele>159.5</ele>
        <time>2021-10-08T13:09:18Z</time>
      </trkpt>
      <trkpt lat="43.56674" lon="2.97295">
        <ele>160.3</ele>
        <time>2021-10-08T13:09:33Z</time>
      </trkpt>
      <trkpt lat="43.56641" lon="2.97286">
        <ele>159.5</ele>
        <time>2021-10-08T13:09:48Z</time>
      </trkpt>
      <trkpt lat="43.5662" lon="2.97259">
        <ele>159.1</ele>
        <time>2021-10-08T13:09:53Z</time>
      </trkpt>
      <trkpt lat="43.56614" lon="2.97255">
        <ele>175.8</ele>
        <time>2021-10-08T13:09:55Z</time>
      </trkpt>
      <trkpt lat="43.56607" lon="2.97257">
        <ele>175.6</ele>
        <time>2021-10-08T13:09:57Z</time>
      </trkpt>
      <trkpt lat="43.56569" lon="2.97295">
        <ele>173.8</ele>
        <time>2021-10-08T13:10:06Z</time>
      </trkpt>
      <trkpt lat="43.56557" lon="2.97302">
        <ele>172.2</ele>
        <time>2021-10-08T13:10:10Z</time>
      </trkpt>
      <trkpt lat="43.56549" lon="2.97316">
        <ele>171</ele>
        <time>2021-10-08T13:10:16Z</time>
      </trkpt>
      <trkpt lat="43.56554" lon="2.97366">
        <ele>153.5</ele>
        <time>2021-10-08T13:10:24Z</time>
      </trkpt>
      <trkpt lat="43.56551" lon="2.97376">
        <ele>170</ele>
        <time>2021-10-08T13:10:28Z</time>
      </trkpt>
      <trkpt lat="43.56545" lon="2.97388">
        <ele>169.8</ele>
        <time>2021-10-08T13:10:30Z</time>
      </trkpt>
      <trkpt lat="43.56389" lon="2.97528">
        <ele>166.4</ele>
        <time>2021-10-08T13:11:03Z</time>
      </trkpt>
      <trkpt lat="43.56334" lon="2.97558">
        <ele>165.2</ele>
        <time>2021-10-08T13:11:16Z</time>
      </trkpt>
      <trkpt lat="43.5632" lon="2.97569">
        <ele>148.9</ele>
        <time>2021-10-08T13:11:20Z</time>
      </trkpt>
      <trkpt lat="43.56311" lon="2.97593">
        <ele>165.4</ele>
        <time>2021-10-08T13:11:33Z</time>
      </trkpt>
      <trkpt lat="43.56305" lon="2.97618">
        <ele>168.8</ele>
        <time>2021-10-08T13:11:47Z</time>
      </trkpt>
      <trkpt lat="43.56303" lon="2.97643">
        <ele>170.8</ele>
        <time>2021-10-08T13:11:59Z</time>
      </trkpt>
      <trkpt lat="43.56299" lon="2.97655">
        <ele>171.4</ele>
        <time>2021-10-08T13:12:03Z</time>
      </trkpt>
      <trkpt lat="43.56274" lon="2.97693">
        <ele>173.2</ele>
        <time>2021-10-08T13:12:19Z</time>
      </trkpt>
      <trkpt lat="43.56264" lon="2.97716">
        <ele>159.7</ele>
        <time>2021-10-08T13:12:27Z</time>
      </trkpt>
      <trkpt lat="43.5626" lon="2.9775">
        <ele>161.9</ele>
        <time>2021-10-08T13:12:43Z</time>
      </trkpt>
      <trkpt lat="43.56242" lon="2.97789">
        <ele>161.6</ele>
        <time>2021-10-08T13:12:51Z</time>
      </trkpt>
      <trkpt lat="43.56223" lon="2.97825">
        <ele>159.5</ele>
        <time>2021-10-08T13:12:59Z</time>
      </trkpt>
      <trkpt lat="43.5621" lon="2.97855">
        <ele>159.8</ele>
        <time>2021-10-08T13:13:07Z</time>
      </trkpt>
      <trkpt lat="43.56207" lon="2.97886">
        <ele>161.4</ele>
        <time>2021-10-08T13:13:16Z</time>
      </trkpt>
      <trkpt lat="43.56193" lon="2.97934">
        <ele>160.9</ele>
        <time>2021-10-08T13:13:26Z</time>
      </trkpt>
      <trkpt lat="43.56188" lon="2.9798">
        <ele>161.9</ele>
        <time>2021-10-08T13:13:36Z</time>
      </trkpt>
      <trkpt lat="43.56191" lon="2.98019">
        <ele>163.5</ele>
        <time>2021-10-08T13:13:45Z</time>
      </trkpt>
      <trkpt lat="43.56202" lon="2.98075">
        <ele>166.6</ele>
        <time>2021-10-08T13:14:03Z</time>
      </trkpt>
      <trkpt lat="43.56219" lon="2.98118">
        <ele>170</ele>
        <time>2021-10-08T13:14:19Z</time>
      </trkpt>
      <trkpt lat="43.56239" lon="2.9815">
        <ele>174</ele>
        <time>2021-10-08T13:14:35Z</time>
      </trkpt>
      <trkpt lat="43.56262" lon="2.98168">
        <ele>177.5</ele>
        <time>2021-10-08T13:14:59Z</time>
      </trkpt>
      <trkpt lat="43.56272" lon="2.98183">
        <ele>180.3</ele>
        <time>2021-10-08T13:15:15Z</time>
      </trkpt>
      <trkpt lat="43.56283" lon="2.9826">
        <ele>189</ele>
        <time>2021-10-08T13:15:47Z</time>
      </trkpt>
      <trkpt lat="43.5629" lon="2.98337">
        <ele>200.5</ele>
      </trkpt>
      <trkpt lat="43.56294" lon="2.98372">
        <ele>204.7</ele>
      </trkpt>
      <trkpt lat="43.56294" lon="2.98397">
        <ele>207.4</ele>
      </trkpt>
      <trkpt lat="43.56299" lon="2.98438">
        <ele>211.2</ele>
        <time>2021-10-08T13:17:23Z</time>
      </trkpt>
      <trkpt lat="43.56299" lon="2.98476">
        <ele>227.8</ele>
        <time>2021-10-08T13:17:55Z</time>
      </trkpt>
      <trkpt lat="43.56293" lon="2.98513">
        <ele>231</ele>
        <time>2021-10-08T13:18:11Z</time>
      </trkpt>
      <trkpt lat="43.56279" lon="2.9855">
        <ele>236.2</ele>
        <time>2021-10-08T13:18:35Z</time>
      </trkpt>
      <trkpt lat="43.56274" lon="2.98551">
        <ele>236.8</ele>
        <time>2021-10-08T13:18:39Z</time>
      </trkpt>
      <trkpt lat="43.56266" lon="2.98545">
        <ele>237.6</ele>
        <time>2021-10-08T13:18:43Z</time>
      </trkpt>
      <trkpt lat="43.56247" lon="2.98495">
        <ele>238.8</ele>
        <time>2021-10-08T13:18:59Z</time>
      </trkpt>
      <trkpt lat="43.56239" lon="2.98479">
        <ele>240.4</ele>
        <time>2021-10-08T13:19:07Z</time>
      </trkpt>
      <trkpt lat="43.56214" lon="2.98455">
        <ele>243</ele>
        <time>2021-10-08T13:19:23Z</time>
      </trkpt>
      <trkpt lat="43.56199" lon="2.98447">
        <ele>244.2</ele>
        <time>2021-10-08T13:19:31Z</time>
      </trkpt>
      <trkpt lat="43.5617" lon="2.98444">
        <ele>246.6</ele>
        <time>2021-10-08T13:19:47Z</time>
      </trkpt>
      <trkpt lat="43.5614" lon="2.98447">
        <ele>249.6</ele>
        <time>2021-10-08T13:20:03Z</time>
      </trkpt>
      <trkpt lat="43.5611" lon="2.98453">
        <ele>251.8</ele>
        <time>2021-10-08T13:20:19Z</time>
      </trkpt>
      <trkpt lat="43.56066" lon="2.98456">
        <ele>256</ele>
        <time>2021-10-08T13:20:43Z</time>
      </trkpt>
      <trkpt lat="43.56038" lon="2.98452">
        <ele>258.8</ele>
        <time>2021-10-08T13:20:59Z</time>
      </trkpt>
      <trkpt lat="43.56009" lon="2.98452">
        <ele>261</ele>
        <time>2021-10-08T13:21:15Z</time>
      </trkpt>
      <trkpt lat="43.55937" lon="2.98444">
        <ele>266</ele>
        <time>2021-10-08T13:22:05Z</time>
      </trkpt>
      <trkpt lat="43.55924" lon="2.98446">
        <ele>267.8</ele>
        <time>2021-10-08T13:22:13Z</time>
      </trkpt>
      <trkpt lat="43.55895" lon="2.98457">
        <ele>271</ele>
        <time>2021-10-08T13:22:29Z</time>
      </trkpt>
      <trkpt lat="43.55881" lon="2.98459">
        <ele>272.2</ele>
        <time>2021-10-08T13:22:37Z</time>
      </trkpt>
      <trkpt lat="43.55876" lon="2.98465">
        <ele>272.8</ele>
        <time>2021-10-08T13:22:41Z</time>
      </trkpt>
      <trkpt lat="43.55879" lon="2.98472">
        <ele>273.4</ele>
        <time>2021-10-08T13:22:45Z</time>
      </trkpt>
      <trkpt lat="43.55893" lon="2.98468">
        <ele>274.6</ele>
        <time>2021-10-08T13:22:53Z</time>
      </trkpt>
      <trkpt lat="43.55908" lon="2.98468">
        <ele>275.6</ele>
        <time>2021-10-08T13:23:01Z</time>
      </trkpt>
      <trkpt lat="43.55927" lon="2.98471">
        <ele>277.4</ele>
        <time>2021-10-08T13:23:09Z</time>
      </trkpt>
      <trkpt lat="43.55952" lon="2.9848">
        <ele>267.8</ele>
      </trkpt>
      <trkpt lat="43.55963" lon="2.98488">
        <ele>281.4</ele>
        <time>2021-10-08T13:23:38Z</time>
      </trkpt>
      <trkpt lat="43.56037" lon="2.98532">
        <ele>289.4</ele>
        <time>2021-10-08T13:25:03Z</time>
      </trkpt>
      <trkpt lat="43.56059" lon="2.9855">
        <ele>291.8</ele>
        <time>2021-10-08T13:25:19Z</time>
      </trkpt>
      <trkpt lat="43.5608" lon="2.98572">
        <ele>295.2</ele>
        <time>2021-10-08T13:25:35Z</time>
      </trkpt>
      <trkpt lat="43.56103" lon="2.98606">
        <ele>286.1</ele>
        <time>2021-10-08T13:25:59Z</time>
      </trkpt>
      <trkpt lat="43.56112" lon="2.98632">
        <ele>287.1</ele>
      </trkpt>
      <trkpt lat="43.56116" lon="2.98662">
        <ele>289.7</ele>
      </trkpt>
      <trkpt lat="43.56124" lon="2.98705">
        <ele>290.6</ele>
        <time>2021-10-08T13:26:39Z</time>
      </trkpt>
      <trkpt lat="43.56121" lon="2.98709">
        <ele>292.7</ele>
        <time>2021-10-08T13:26:43Z</time>
      </trkpt>
      <trkpt lat="43.56116" lon="2.98704">
        <ele>294.3</ele>
        <time>2021-10-08T13:26:47Z</time>
      </trkpt>
      <trkpt lat="43.561" lon="2.98659">
        <ele>310.6</ele>
        <time>2021-10-08T13:27:11Z</time>
      </trkpt>
      <trkpt lat="43.56081" lon="2.98634">
        <ele>312.6</ele>
        <time>2021-10-08T13:27:27Z</time>
      </trkpt>
      <trkpt lat="43.56049" lon="2.98609">
        <ele>302.3</ele>
        <time>2021-10-08T13:27:51Z</time>
      </trkpt>
      <trkpt lat="43.56031" lon="2.98602">
        <ele>304.9</ele>
        <time>2021-10-08T13:27:59Z</time>
      </trkpt>
      <trkpt lat="43.56004" lon="2.98598">
        <ele>319.4</ele>
        <time>2021-10-08T13:28:15Z</time>
      </trkpt>
      <trkpt lat="43.55978" lon="2.98594">
        <ele>321</ele>
        <time>2021-10-08T13:28:31Z</time>
      </trkpt>
      <trkpt lat="43.55928" lon="2.98594">
        <ele>325.4</ele>
        <time>2021-10-08T13:28:59Z</time>
      </trkpt>
      <trkpt lat="43.55927" lon="2.98598">
        <ele>314.5</ele>
        <time>2021-10-08T13:29:03Z</time>
      </trkpt>
      <trkpt lat="43.5593" lon="2.98603">
        <ele>326.4</ele>
        <time>2021-10-08T13:29:07Z</time>
      </trkpt>
      <trkpt lat="43.55943" lon="2.98605">
        <ele>327.4</ele>
        <time>2021-10-08T13:29:15Z</time>
      </trkpt>
      <trkpt lat="43.55969" lon="2.98614">
        <ele>330.6</ele>
        <time>2021-10-08T13:29:31Z</time>
      </trkpt>
      <trkpt lat="43.56006" lon="2.98636">
        <ele>334.4</ele>
        <time>2021-10-08T13:29:55Z</time>
      </trkpt>
      <trkpt lat="43.56022" lon="2.9865">
        <ele>323.4</ele>
      </trkpt>
      <trkpt lat="43.56042" lon="2.98678">
        <ele>325.1</ele>
        <time>2021-10-08T13:31:29Z</time>
      </trkpt>
      <trkpt lat="43.56052" lon="2.98702">
        <ele>339</ele>
        <time>2021-10-08T13:31:45Z</time>
      </trkpt>
      <trkpt lat="43.56061" lon="2.98739">
        <ele>340.8</ele>
        <time>2021-10-08T13:32:01Z</time>
      </trkpt>
      <trkpt lat="43.56063" lon="2.98832">
        <ele>336.8</ele>
      </trkpt>
      <trkpt lat="43.5607" lon="2.98878">
        <ele>339.8</ele>
        <time>2021-10-08T13:33:05Z</time>
      </trkpt>
      <trkpt lat="43.56101" lon="2.98981">
        <ele>358.4</ele>
        <time>2021-10-08T13:33:53Z</time>
      </trkpt>
      <trkpt lat="43.56104" lon="2.9901">
        <ele>347.9</ele>
        <time>2021-10-08T13:34:05Z</time>
      </trkpt>
      <trkpt lat="43.561" lon="2.99016">
        <ele>361.2</ele>
        <time>2021-10-08T13:34:11Z</time>
      </trkpt>
      <trkpt lat="43.56096" lon="2.9901">
        <ele>361.6</ele>
        <time>2021-10-08T13:34:15Z</time>
      </trkpt>
      <trkpt lat="43.56094" lon="2.98996">
        <ele>362.8</ele>
        <time>2021-10-08T13:34:23Z</time>
      </trkpt>
      <trkpt lat="43.56027" lon="2.98893">
        <ele>363</ele>
        <time>2021-10-08T13:35:51Z</time>
      </trkpt>
      <trkpt lat="43.56005" lon="2.98827">
        <ele>378</ele>
        <time>2021-10-08T13:35:59Z</time>
      </trkpt>
      <trkpt lat="43.55999" lon="2.98805">
        <ele>379</ele>
        <time>2021-10-08T13:36:07Z</time>
      </trkpt>
      <trkpt lat="43.55986" lon="2.98787">
        <ele>380.4</ele>
        <time>2021-10-08T13:36:19Z</time>
      </trkpt>
      <trkpt lat="43.55934" lon="2.98781">
        <ele>385</ele>
        <time>2021-10-08T13:36:51Z</time>
      </trkpt>
      <trkpt lat="43.55932" lon="2.98788">
        <ele>385.2</ele>
        <time>2021-10-08T13:36:55Z</time>
      </trkpt>
      <trkpt lat="43.55946" lon="2.98801">
        <ele>387.2</ele>
        <time>2021-10-08T13:37:07Z</time>
      </trkpt>
      <trkpt lat="43.5597" lon="2.98823">
        <ele>379.7</ele>
        <time>2021-10-08T13:37:15Z</time>
      </trkpt>
      <trkpt lat="43.55979" lon="2.98841">
        <ele>380.3</ele>
        <time>2021-10-08T13:37:27Z</time>
      </trkpt>
      <trkpt lat="43.55986" lon="2.98927">
        <ele>387.9</ele>
        <time>2021-10-08T13:38:11Z</time>
      </trkpt>
      <trkpt lat="43.56013" lon="2.98996">
        <ele>390.9</ele>
        <time>2021-10-08T13:38:43Z</time>
      </trkpt>
      <trkpt lat="43.56026" lon="2.99033">
        <ele>403.2</ele>
        <time>2021-10-08T13:38:59Z</time>
      </trkpt>
      <trkpt lat="43.5603" lon="2.99077">
        <ele>407</ele>
        <time>2021-10-08T13:39:43Z</time>
      </trkpt>
      <trkpt lat="43.56031" lon="2.99112">
        <ele>397.3</ele>
        <time>2021-10-08T13:39:55Z</time>
      </trkpt>
      <trkpt lat="43.56028" lon="2.99112">
        <ele>409.4</ele>
        <time>2021-10-08T13:39:57Z</time>
      </trkpt>
      <trkpt lat="43.56024" lon="2.99109">
        <ele>410.2</ele>
        <time>2021-10-08T13:40:01Z</time>
      </trkpt>
      <trkpt lat="43.56021" lon="2.99077">
        <ele>401.9</ele>
        <time>2021-10-08T13:40:17Z</time>
      </trkpt>
      <trkpt lat="43.56008" lon="2.9904">
        <ele>415</ele>
        <time>2021-10-08T13:41:02Z</time>
      </trkpt>
      <trkpt lat="43.5597" lon="2.98984">
        <ele>419.4</ele>
        <time>2021-10-08T13:41:35Z</time>
      </trkpt>
      <trkpt lat="43.55928" lon="2.98928">
        <ele>413.5</ele>
        <time>2021-10-08T13:42:07Z</time>
      </trkpt>
      <trkpt lat="43.55913" lon="2.98918">
        <ele>414.8</ele>
        <time>2021-10-08T13:42:15Z</time>
      </trkpt>
      <trkpt lat="43.55896" lon="2.98913">
        <ele>415.8</ele>
        <time>2021-10-08T13:42:27Z</time>
      </trkpt>
      <trkpt lat="43.55888" lon="2.98918">
        <ele>426.8</ele>
        <time>2021-10-08T13:42:31Z</time>
      </trkpt>
      <trkpt lat="43.55888" lon="2.98925">
        <ele>427.2</ele>
        <time>2021-10-08T13:42:35Z</time>
      </trkpt>
      <trkpt lat="43.55909" lon="2.98938">
        <ele>430.2</ele>
        <time>2021-10-08T13:42:51Z</time>
      </trkpt>
      <trkpt lat="43.55932" lon="2.98967">
        <ele>431.8</ele>
        <time>2021-10-08T13:43:22Z</time>
      </trkpt>
      <trkpt lat="43.55952" lon="2.99008">
        <ele>423.5</ele>
        <time>2021-10-08T13:43:40Z</time>
      </trkpt>
      <trkpt lat="43.55976" lon="2.99067">
        <ele>426.1</ele>
        <time>2021-10-08T13:44:02Z</time>
      </trkpt>
      <trkpt lat="43.55981" lon="2.99099">
        <ele>427.7</ele>
      </trkpt>
      <trkpt lat="43.55984" lon="2.99156">
        <ele>440.6</ele>
        <time>2021-10-08T13:44:34Z</time>
      </trkpt>
      <trkpt lat="43.55988" lon="2.99176">
        <ele>432</ele>
      </trkpt>
      <trkpt lat="43.56003" lon="2.9921">
        <ele>432.3</ele>
        <time>2021-10-08T13:44:50Z</time>
      </trkpt>
      <trkpt lat="43.56021" lon="2.99246">
        <ele>442.4</ele>
        <time>2021-10-08T13:46:19Z</time>
      </trkpt>
      <trkpt lat="43.56033" lon="2.99267">
        <ele>433</ele>
        <time>2021-10-08T13:46:30Z</time>
      </trkpt>
      <trkpt lat="43.56031" lon="2.99272">
        <ele>434.9</ele>
        <time>2021-10-08T13:47:15Z</time>
      </trkpt>
      <trkpt lat="43.56024" lon="2.9927">
        <ele>437.4</ele>
        <time>2021-10-08T13:47:20Z</time>
      </trkpt>
      <trkpt lat="43.55973" lon="2.99188">
        <ele>450</ele>
        <time>2021-10-08T13:48:21Z</time>
      </trkpt>
      <trkpt lat="43.55948" lon="2.99103">
        <ele>455.4</ele>
        <time>2021-10-08T13:48:53Z</time>
      </trkpt>
      <trkpt lat="43.55939" lon="2.99083">
        <ele>456.2</ele>
        <time>2021-10-08T13:49:01Z</time>
      </trkpt>
      <trkpt lat="43.55914" lon="2.99055">
        <ele>458.4</ele>
        <time>2021-10-08T13:49:17Z</time>
      </trkpt>
      <trkpt lat="43.559" lon="2.99043">
        <ele>459.6</ele>
        <time>2021-10-08T13:49:25Z</time>
      </trkpt>
      <trkpt lat="43.55885" lon="2.99037">
        <ele>460.6</ele>
        <time>2021-10-08T13:49:33Z</time>
      </trkpt>
      <trkpt lat="43.55869" lon="2.99037">
        <ele>462</ele>
        <time>2021-10-08T13:49:41Z</time>
      </trkpt>
      <trkpt lat="43.55853" lon="2.99043">
        <ele>454.6</ele>
        <time>2021-10-08T13:49:49Z</time>
      </trkpt>
      <trkpt lat="43.55848" lon="2.9905">
        <ele>455.6</ele>
        <time>2021-10-08T13:49:53Z</time>
      </trkpt>
      <trkpt lat="43.55854" lon="2.99054">
        <ele>457.2</ele>
        <time>2021-10-08T13:49:57Z</time>
      </trkpt>
      <trkpt lat="43.55863" lon="2.99053">
        <ele>464.8</ele>
        <time>2021-10-08T13:50:01Z</time>
      </trkpt>
      <trkpt lat="43.55877" lon="2.99056">
        <ele>466</ele>
        <time>2021-10-08T13:50:09Z</time>
      </trkpt>
      <trkpt lat="43.55892" lon="2.9907">
        <ele>467.4</ele>
        <time>2021-10-08T13:50:17Z</time>
      </trkpt>
      <trkpt lat="43.55906" lon="2.99089">
        <ele>468.4</ele>
        <time>2021-10-08T13:50:25Z</time>
      </trkpt>
      <trkpt lat="43.55917" lon="2.99112">
        <ele>469.2</ele>
        <time>2021-10-08T13:50:33Z</time>
      </trkpt>
      <trkpt lat="43.55934" lon="2.99211">
        <ele>473.4</ele>
        <time>2021-10-08T13:51:05Z</time>
      </trkpt>
      <trkpt lat="43.55949" lon="2.99256">
        <ele>475.8</ele>
        <time>2021-10-08T13:51:21Z</time>
      </trkpt>
      <trkpt lat="43.56003" lon="2.99338">
        <ele>479.6</ele>
        <time>2021-10-08T13:51:53Z</time>
      </trkpt>
      <trkpt lat="43.56044" lon="2.99388">
        <ele>474.5</ele>
        <time>2021-10-08T13:52:17Z</time>
      </trkpt>
      <trkpt lat="43.5605" lon="2.99414">
        <ele>484.6</ele>
        <time>2021-10-08T13:52:25Z</time>
      </trkpt>
      <trkpt lat="43.5605" lon="2.99441">
        <ele>485.6</ele>
        <time>2021-10-08T13:52:33Z</time>
      </trkpt>
      <trkpt lat="43.56045" lon="2.99464">
        <ele>486.6</ele>
        <time>2021-10-08T13:52:41Z</time>
      </trkpt>
      <trkpt lat="43.56035" lon="2.9949">
        <ele>479.1</ele>
      </trkpt>
      <trkpt lat="43.56021" lon="2.99515">
        <ele>480.7</ele>
        <time>2021-10-08T13:53:05Z</time>
      </trkpt>
      <trkpt lat="43.55992" lon="2.99552">
        <ele>484.2</ele>
        <time>2021-10-08T13:53:21Z</time>
      </trkpt>
      <trkpt lat="43.55973" lon="2.99564">
        <ele>494.2</ele>
        <time>2021-10-08T13:53:29Z</time>
      </trkpt>
      <trkpt lat="43.55946" lon="2.99565">
        <ele>495.6</ele>
        <time>2021-10-08T13:53:41Z</time>
      </trkpt>
      <trkpt lat="43.55905" lon="2.99575">
        <ele>490.6</ele>
      </trkpt>
      <trkpt lat="43.55867" lon="2.9959">
        <ele>500.8</ele>
        <time>2021-10-08T13:54:21Z</time>
      </trkpt>
      <trkpt lat="43.55836" lon="2.99611">
        <ele>503.2</ele>
        <time>2021-10-08T13:54:37Z</time>
      </trkpt>
      <trkpt lat="43.55805" lon="2.99629">
        <ele>498.7</ele>
      </trkpt>
      <trkpt lat="43.55775" lon="2.99641">
        <ele>508.2</ele>
        <time>2021-10-08T13:55:09Z</time>
      </trkpt>
      <trkpt lat="43.55743" lon="2.99649">
        <ele>510.6</ele>
        <time>2021-10-08T13:55:25Z</time>
      </trkpt>
      <trkpt lat="43.55723" lon="2.99662">
        <ele>513</ele>
        <time>2021-10-08T13:55:37Z</time>
      </trkpt>
      <trkpt lat="43.55707" lon="2.99662">
        <ele>507.7</ele>
        <time>2021-10-08T13:55:45Z</time>
      </trkpt>
      <trkpt lat="43.55701" lon="2.99665">
        <ele>507.8</ele>
        <time>2021-10-08T13:55:49Z</time>
      </trkpt>
      <trkpt lat="43.557" lon="2.99672">
        <ele>515.2</ele>
        <time>2021-10-08T13:55:53Z</time>
      </trkpt>
      <trkpt lat="43.55702" lon="2.99678">
        <ele>515.4</ele>
        <time>2021-10-08T13:55:57Z</time>
      </trkpt>
      <trkpt lat="43.5572" lon="2.99702">
        <ele>517.6</ele>
        <time>2021-10-08T13:56:14Z</time>
      </trkpt>
      <trkpt lat="43.55731" lon="2.9974">
        <ele>519.4</ele>
        <time>2021-10-08T13:56:30Z</time>
      </trkpt>
      <trkpt lat="43.55738" lon="2.99783">
        <ele>515.3</ele>
        <time>2021-10-08T13:56:46Z</time>
      </trkpt>
      <trkpt lat="43.5574" lon="2.99838">
        <ele>518.5</ele>
        <time>2021-10-08T13:57:18Z</time>
      </trkpt>
      <trkpt lat="43.55737" lon="2.99883">
        <ele>520</ele>
      </trkpt>
      <trkpt lat="43.55737" lon="2.99915">
        <ele>522.7</ele>
        <time>2021-10-08T13:57:50Z</time>
      </trkpt>
      <trkpt lat="43.55749" lon="3.0002">
        <ele>534.4</ele>
        <time>2021-10-08T13:58:22Z</time>
      </trkpt>
      <trkpt lat="43.55762" lon="3.00058">
        <ele>531.1</ele>
        <time>2021-10-08T13:58:38Z</time>
      </trkpt>
      <trkpt lat="43.55782" lon="3.00107">
        <ele>533.4</ele>
        <time>2021-10-08T13:59:02Z</time>
      </trkpt>
      <trkpt lat="43.55788" lon="3.00131">
        <ele>536.2</ele>
        <time>2021-10-08T13:59:10Z</time>
      </trkpt>
      <trkpt lat="43.55803" lon="3.00174">
        <ele>536.9</ele>
        <time>2021-10-08T13:59:26Z</time>
      </trkpt>
      <trkpt lat="43.55803" lon="3.00201">
        <ele>538.8</ele>
        <time>2021-10-08T13:59:34Z</time>
      </trkpt>
      <trkpt lat="43.55801" lon="3.00232">
        <ele>540.4</ele>
      </trkpt>
      <trkpt lat="43.55802" lon="3.0027">
        <ele>542.9</ele>
      </trkpt>
      <trkpt lat="43.55801" lon="3.00308">
        <ele>543.4</ele>
        <time>2021-10-08T14:00:22Z</time>
      </trkpt>
      <trkpt lat="43.55804" lon="3.0034">
        <ele>543.9</ele>
        <time>2021-10-08T14:00:36Z</time>
      </trkpt>
      <trkpt lat="43.55817" lon="3.00386">
        <ele>544.8</ele>
        <time>2021-10-08T14:00:49Z</time>
      </trkpt>
      <trkpt lat="43.55821" lon="3.00427">
        <ele>545.5</ele>
        <time>2021-10-08T14:00:59Z</time>
      </trkpt>
      <trkpt lat="43.55815" lon="3.0049">
        <ele>546.3</ele>
        <time>2021-10-08T14:01:18Z</time>
      </trkpt>
      <trkpt lat="43.55815" lon="3.00521">
        <ele>547</ele>
      </trkpt>
      <trkpt lat="43.55818" lon="3.00562">
        <ele>547.9</ele>
        <time>2021-10-08T14:01:39Z</time>
      </trkpt>
      <trkpt lat="43.55812" lon="3.00605">
        <ele>555.6</ele>
        <time>2021-10-08T14:01:50Z</time>
      </trkpt>
      <trkpt lat="43.55783" lon="3.00672">
        <ele>551.5</ele>
        <time>2021-10-08T14:02:12Z</time>
      </trkpt>
      <trkpt lat="43.55775" lon="3.00687">
        <ele>552.8</ele>
      </trkpt>
      <trkpt lat="43.55768" lon="3.00694">
        <ele>558</ele>
        <time>2021-10-08T14:02:20Z</time>
      </trkpt>
      <trkpt lat="43.55757" lon="3.00697">
        <ele>558.8</ele>
        <time>2021-10-08T14:02:24Z</time>
      </trkpt>
      <trkpt lat="43.55749" lon="3.00688">
        <ele>553.6</ele>
        <time>2021-10-08T14:02:28Z</time>
      </trkpt>
      <trkpt lat="43.55736" lon="3.00669">
        <ele>559.6</ele>
        <time>2021-10-08T14:02:35Z</time>
      </trkpt>
      <trkpt lat="43.55716" lon="3.00643">
        <ele>554.1</ele>
      </trkpt>
      <trkpt lat="43.55696" lon="3.0062">
        <ele>554.7</ele>
        <time>2021-10-08T14:02:52Z</time>
      </trkpt>
      <trkpt lat="43.55658" lon="3.0059">
        <ele>555.3</ele>
        <time>2021-10-08T14:03:09Z</time>
      </trkpt>
      <trkpt lat="43.55639" lon="3.0057">
        <ele>555.1</ele>
        <time>2021-10-08T14:03:19Z</time>
      </trkpt>
      <trkpt lat="43.55623" lon="3.0056">
        <ele>554.5</ele>
        <time>2021-10-08T14:03:24Z</time>
      </trkpt>
      <trkpt lat="43.5561" lon="3.00561">
        <ele>555.8</ele>
        <time>2021-10-08T14:03:28Z</time>
      </trkpt>
      <trkpt lat="43.55604" lon="3.00572">
        <ele>557</ele>
        <time>2021-10-08T14:03:31Z</time>
      </trkpt>
      <trkpt lat="43.55603" lon="3.00594">
        <ele>558.5</ele>
        <time>2021-10-08T14:03:35Z</time>
      </trkpt>
      <trkpt lat="43.55607" lon="3.00633">
        <ele>560.8</ele>
        <time>2021-10-08T14:03:45Z</time>
      </trkpt>
      <trkpt lat="43.55604" lon="3.00671">
        <ele>560.8</ele>
      </trkpt>
      <trkpt lat="43.55604" lon="3.00678">
        <ele>565.4</ele>
        <time>2021-10-08T14:03:59Z</time>
      </trkpt>
      <trkpt lat="43.55599" lon="3.00694">
        <ele>559.6</ele>
      </trkpt>
      <trkpt lat="43.55603" lon="3.00736">
        <ele>555.4</ele>
        <time>2021-10-08T14:04:10Z</time>
      </trkpt>
      <trkpt lat="43.55613" lon="3.00781">
        <ele>551.3</ele>
        <time>2021-10-08T14:04:17Z</time>
      </trkpt>
      <trkpt lat="43.55632" lon="3.00817">
        <ele>551.4</ele>
        <time>2021-10-08T14:04:22Z</time>
      </trkpt>
      <trkpt lat="43.55661" lon="3.00843">
        <ele>554.7</ele>
        <time>2021-10-08T14:04:27Z</time>
      </trkpt>
      <trkpt lat="43.55684" lon="3.00869">
        <ele>554.5</ele>
        <time>2021-10-08T14:04:32Z</time>
      </trkpt>
      <trkpt lat="43.55699" lon="3.00892">
        <ele>555.1</ele>
        <time>2021-10-08T14:04:44Z</time>
      </trkpt>
      <trkpt lat="43.55705" lon="3.00926">
        <ele>552.9</ele>
        <time>2021-10-08T14:04:50Z</time>
      </trkpt>
      <trkpt lat="43.55713" lon="3.01015">
        <ele>552.1</ele>
      </trkpt>
      <trkpt lat="43.55715" lon="3.01077">
        <ele>549.9</ele>
        <time>2021-10-08T14:05:06Z</time>
      </trkpt>
      <trkpt lat="43.55724" lon="3.01128">
        <ele>547.8</ele>
        <time>2021-10-08T14:05:14Z</time>
      </trkpt>
      <trkpt lat="43.5574" lon="3.01185">
        <ele>546.5</ele>
        <time>2021-10-08T14:05:25Z</time>
      </trkpt>
      <trkpt lat="43.5575" lon="3.01209">
        <ele>548.1</ele>
        <time>2021-10-08T14:05:31Z</time>
      </trkpt>
      <trkpt lat="43.55752" lon="3.01237">
        <ele>546</ele>
      </trkpt>
      <trkpt lat="43.55756" lon="3.0126">
        <ele>545.5</ele>
        <time>2021-10-08T14:05:40Z</time>
      </trkpt>
      <trkpt lat="43.55756" lon="3.01282">
        <ele>544.3</ele>
        <time>2021-10-08T14:05:44Z</time>
      </trkpt>
      <trkpt lat="43.55767" lon="3.01312">
        <ele>544.5</ele>
      </trkpt>
      <trkpt lat="43.55766" lon="3.01341">
        <ele>542.8</ele>
        <time>2021-10-08T14:05:49Z</time>
      </trkpt>
      <trkpt lat="43.55768" lon="3.0136">
        <ele>541.9</ele>
      </trkpt>
      <trkpt lat="43.55764" lon="3.01395">
        <ele>541</ele>
      </trkpt>
      <trkpt lat="43.55766" lon="3.01436">
        <ele>539.7</ele>
      </trkpt>
      <trkpt lat="43.55764" lon="3.01476">
        <ele>538.1</ele>
      </trkpt>
      <trkpt lat="43.55762" lon="3.01529">
        <ele>535.8</ele>
        <time>2021-10-08T14:06:08Z</time>
      </trkpt>
      <trkpt lat="43.55757" lon="3.0155">
        <ele>546.2</ele>
        <time>2021-10-08T14:06:12Z</time>
      </trkpt>
      <trkpt lat="43.55743" lon="3.01592">
        <ele>543.4</ele>
        <time>2021-10-08T14:06:18Z</time>
      </trkpt>
      <trkpt lat="43.55731" lon="3.01607">
        <ele>538.5</ele>
        <time>2021-10-08T14:06:20Z</time>
      </trkpt>
      <trkpt lat="43.55719" lon="3.01611">
        <ele>539.3</ele>
        <time>2021-10-08T14:06:22Z</time>
      </trkpt>
      <trkpt lat="43.55709" lon="3.01601">
        <ele>540.1</ele>
      </trkpt>
      <trkpt lat="43.55695" lon="3.0157">
        <ele>540.4</ele>
        <time>2021-10-08T14:06:26Z</time>
      </trkpt>
      <trkpt lat="43.55678" lon="3.01539">
        <ele>542</ele>
        <time>2021-10-08T14:06:37Z</time>
      </trkpt>
      <trkpt lat="43.55647" lon="3.015">
        <ele>544.9</ele>
        <time>2021-10-08T14:06:49Z</time>
      </trkpt>
      <trkpt lat="43.55629" lon="3.0148">
        <ele>547</ele>
        <time>2021-10-08T14:07:16Z</time>
      </trkpt>
      <trkpt lat="43.55608" lon="3.01431">
        <ele>543.7</ele>
        <time>2021-10-08T14:07:32Z</time>
      </trkpt>
      <trkpt lat="43.55599" lon="3.0141">
        <ele>542.1</ele>
      </trkpt>
      <trkpt lat="43.55587" lon="3.01395">
        <ele>541.3</ele>
        <time>2021-10-08T14:07:48Z</time>
      </trkpt>
      <trkpt lat="43.55574" lon="3.01388">
        <ele>541.8</ele>
        <time>2021-10-08T14:07:52Z</time>
      </trkpt>
      <trkpt lat="43.55562" lon="3.01392">
        <ele>543.5</ele>
        <time>2021-10-08T14:07:56Z</time>
      </trkpt>
      <trkpt lat="43.55553" lon="3.01403">
        <ele>545.2</ele>
        <time>2021-10-08T14:08:04Z</time>
      </trkpt>
      <trkpt lat="43.55537" lon="3.01443">
        <ele>549.3</ele>
      </trkpt>
      <trkpt lat="43.55527" lon="3.01453">
        <ele>552.4</ele>
        <time>2021-10-08T14:08:26Z</time>
      </trkpt>
      <trkpt lat="43.55521" lon="3.0145">
        <ele>554.1</ele>
        <time>2021-10-08T14:08:28Z</time>
      </trkpt>
      <trkpt lat="43.55516" lon="3.01423">
        <ele>552.9</ele>
      </trkpt>
      <trkpt lat="43.55507" lon="3.01402">
        <ele>552.9</ele>
        <time>2021-10-08T14:08:40Z</time>
      </trkpt>
      <trkpt lat="43.555" lon="3.01391">
        <ele>553.2</ele>
        <time>2021-10-08T14:08:48Z</time>
      </trkpt>
      <trkpt lat="43.55488" lon="3.01379">
        <ele>555.4</ele>
      </trkpt>
      <trkpt lat="43.55476" lon="3.0136">
        <ele>554.9</ele>
        <time>2021-10-08T14:09:00Z</time>
      </trkpt>
      <trkpt lat="43.55453" lon="3.01326">
        <ele>561</ele>
        <time>2021-10-08T14:09:15Z</time>
      </trkpt>
      <trkpt lat="43.5545" lon="3.01312">
        <ele>555.5</ele>
      </trkpt>
      <trkpt lat="43.55447" lon="3.01295">
        <ele>562</ele>
        <time>2021-10-08T14:09:23Z</time>
      </trkpt>
      <trkpt lat="43.55447" lon="3.01279">
        <ele>554.7</ele>
      </trkpt>
      <trkpt lat="43.55457" lon="3.01234">
        <ele>554.8</ele>
        <time>2021-10-08T14:09:39Z</time>
      </trkpt>
      <trkpt lat="43.55457" lon="3.01218">
        <ele>555.1</ele>
      </trkpt>
      <trkpt lat="43.55454" lon="3.01203">
        <ele>563.4</ele>
        <time>2021-10-08T14:09:45Z</time>
      </trkpt>
      <trkpt lat="43.55447" lon="3.01189">
        <ele>563.6</ele>
        <time>2021-10-08T14:09:49Z</time>
      </trkpt>
      <trkpt lat="43.55433" lon="3.01174">
        <ele>563.8</ele>
        <time>2021-10-08T14:09:55Z</time>
      </trkpt>
      <trkpt lat="43.55416" lon="3.01166">
        <ele>556.9</ele>
        <time>2021-10-08T14:10:00Z</time>
      </trkpt>
      <trkpt lat="43.554" lon="3.01172">
        <ele>564.2</ele>
        <time>2021-10-08T14:10:07Z</time>
      </trkpt>
      <trkpt lat="43.55383" lon="3.01193">
        <ele>564.4</ele>
        <time>2021-10-08T14:10:14Z</time>
      </trkpt>
      <trkpt lat="43.55367" lon="3.01228">
        <ele>557.4</ele>
        <time>2021-10-08T14:10:24Z</time>
      </trkpt>
      <trkpt lat="43.55342" lon="3.01253">
        <ele>558.1</ele>
        <time>2021-10-08T14:10:32Z</time>
      </trkpt>
      <trkpt lat="43.55296" lon="3.01291">
        <ele>565.2</ele>
        <time>2021-10-08T14:10:46Z</time>
      </trkpt>
      <trkpt lat="43.55286" lon="3.01305">
        <ele>556.3</ele>
      </trkpt>
      <trkpt lat="43.55279" lon="3.01323">
        <ele>555.6</ele>
        <time>2021-10-08T14:10:53Z</time>
      </trkpt>
      <trkpt lat="43.55278" lon="3.01347">
        <ele>556.7</ele>
        <time>2021-10-08T14:10:57Z</time>
      </trkpt>
      <trkpt lat="43.55282" lon="3.01413">
        <ele>558</ele>
        <time>2021-10-08T14:11:07Z</time>
      </trkpt>
      <trkpt lat="43.55279" lon="3.01442">
        <ele>556.4</ele>
      </trkpt>
      <trkpt lat="43.55271" lon="3.0148">
        <ele>554.6</ele>
      </trkpt>
      <trkpt lat="43.5527" lon="3.0151">
        <ele>554.2</ele>
      </trkpt>
      <trkpt lat="43.5527" lon="3.01585">
        <ele>552.5</ele>
      </trkpt>
      <trkpt lat="43.55271" lon="3.0164">
        <ele>549.7</ele>
      </trkpt>
      <trkpt lat="43.55278" lon="3.01694">
        <ele>550</ele>
        <time>2021-10-08T14:11:55Z</time>
      </trkpt>
      <trkpt lat="43.55279" lon="3.01727">
        <ele>552.2</ele>
        <time>2021-10-08T14:12:01Z</time>
      </trkpt>
      <trkpt lat="43.55282" lon="3.01772">
        <ele>559.4</ele>
        <time>2021-10-08T14:12:11Z</time>
      </trkpt>
      <trkpt lat="43.55278" lon="3.01812">
        <ele>559.2</ele>
        <time>2021-10-08T14:12:17Z</time>
      </trkpt>
      <trkpt lat="43.55262" lon="3.01887">
        <ele>554.1</ele>
      </trkpt>
      <trkpt lat="43.55263" lon="3.01917">
        <ele>553.3</ele>
      </trkpt>
      <trkpt lat="43.55271" lon="3.01969">
        <ele>546.1</ele>
      </trkpt>
      <trkpt lat="43.55282" lon="3.01992">
        <ele>544.9</ele>
        <time>2021-10-08T14:12:40Z</time>
      </trkpt>
      <trkpt lat="43.55302" lon="3.02018">
        <ele>545.9</ele>
        <time>2021-10-08T14:12:45Z</time>
      </trkpt>
      <trkpt lat="43.55323" lon="3.02033">
        <ele>545.7</ele>
        <time>2021-10-08T14:12:48Z</time>
      </trkpt>
      <trkpt lat="43.55347" lon="3.02036">
        <ele>545.7</ele>
        <time>2021-10-08T14:12:55Z</time>
      </trkpt>
      <trkpt lat="43.55427" lon="3.0203">
        <ele>547.6</ele>
        <time>2021-10-08T14:13:09Z</time>
      </trkpt>
      <trkpt lat="43.55436" lon="3.02034">
        <ele>551.8</ele>
        <time>2021-10-08T14:13:11Z</time>
      </trkpt>
      <trkpt lat="43.55445" lon="3.02043">
        <ele>551.4</ele>
        <time>2021-10-08T14:13:13Z</time>
      </trkpt>
      <trkpt lat="43.55453" lon="3.02059">
        <ele>551.4</ele>
        <time>2021-10-08T14:13:15Z</time>
      </trkpt>
      <trkpt lat="43.55459" lon="3.02103">
        <ele>541.8</ele>
      </trkpt>
      <trkpt lat="43.55461" lon="3.0215">
        <ele>540.7</ele>
        <time>2021-10-08T14:13:24Z</time>
      </trkpt>
      <trkpt lat="43.55466" lon="3.02182">
        <ele>542</ele>
        <time>2021-10-08T14:13:28Z</time>
      </trkpt>
      <trkpt lat="43.55478" lon="3.0224">
        <ele>544.7</ele>
        <time>2021-10-08T14:13:35Z</time>
      </trkpt>
      <trkpt lat="43.5549" lon="3.0231">
        <ele>546.4</ele>
        <time>2021-10-08T14:13:48Z</time>
      </trkpt>
      <trkpt lat="43.55487" lon="3.02326">
        <ele>546.2</ele>
        <time>2021-10-08T14:13:51Z</time>
      </trkpt>
      <trkpt lat="43.5548" lon="3.02348">
        <ele>537.4</ele>
        <time>2021-10-08T14:13:53Z</time>
      </trkpt>
      <trkpt lat="43.55458" lon="3.02351">
        <ele>538</ele>
      </trkpt>
      <trkpt lat="43.5544" lon="3.02349">
        <ele>540</ele>
        <time>2021-10-08T14:14:02Z</time>
      </trkpt>
      <trkpt lat="43.5544" lon="3.02363">
        <ele>541.8</ele>
      </trkpt>
      <trkpt lat="43.5545" lon="3.02379">
        <ele>543.9</ele>
        <time>2021-10-08T14:14:11Z</time>
      </trkpt>
      <trkpt lat="43.55461" lon="3.0239">
        <ele>543.6</ele>
      </trkpt>
      <trkpt lat="43.5547" lon="3.02406">
        <ele>547.8</ele>
        <time>2021-10-08T14:14:26Z</time>
      </trkpt>
      <trkpt lat="43.55474" lon="3.02423">
        <ele>544.6</ele>
        <time>2021-10-08T14:14:35Z</time>
      </trkpt>
      <trkpt lat="43.55488" lon="3.02472">
        <ele>543.2</ele>
      </trkpt>
      <trkpt lat="43.55496" lon="3.02459">
        <ele>540.9</ele>
      </trkpt>
      <trkpt lat="43.55502" lon="3.02444">
        <ele>539.9</ele>
      </trkpt>
      <trkpt lat="43.55471" lon="3.02546">
        <ele>554.8</ele>
        <time>2021-10-08T14:42:36Z</time>
      </trkpt>
      <trkpt lat="43.55461" lon="3.02586">
        <ele>555.4</ele>
        <time>2021-10-08T14:42:52Z</time>
      </trkpt>
      <trkpt lat="43.55443" lon="3.02653">
        <ele>557.7</ele>
        <time>2021-10-08T14:43:16Z</time>
      </trkpt>
      <trkpt lat="43.55434" lon="3.02672">
        <ele>559.7</ele>
        <time>2021-10-08T14:43:28Z</time>
      </trkpt>
      <trkpt lat="43.55418" lon="3.02701">
        <ele>560.6</ele>
        <time>2021-10-08T14:43:36Z</time>
      </trkpt>
      <trkpt lat="43.55399" lon="3.02742">
        <ele>561.2</ele>
        <time>2021-10-08T14:43:48Z</time>
      </trkpt>
      <trkpt lat="43.5539" lon="3.02753">
        <ele>561.6</ele>
        <time>2021-10-08T14:43:53Z</time>
      </trkpt>
      <trkpt lat="43.55381" lon="3.0277">
        <ele>562.4</ele>
        <time>2021-10-08T14:43:57Z</time>
      </trkpt>
      <trkpt lat="43.55369" lon="3.02802">
        <ele>562.6</ele>
        <time>2021-10-08T14:44:04Z</time>
      </trkpt>
      <trkpt lat="43.55364" lon="3.02835">
        <ele>550.9</ele>
        <time>2021-10-08T14:44:10Z</time>
      </trkpt>
      <trkpt lat="43.55368" lon="3.02864">
        <ele>549.9</ele>
      </trkpt>
      <trkpt lat="43.55377" lon="3.02934">
        <ele>544.1</ele>
        <time>2021-10-08T14:44:33Z</time>
      </trkpt>
      <trkpt lat="43.55376" lon="3.02947">
        <ele>542.7</ele>
        <time>2021-10-08T14:44:36Z</time>
      </trkpt>
      <trkpt lat="43.55369" lon="3.02951">
        <ele>559</ele>
        <time>2021-10-08T14:44:38Z</time>
      </trkpt>
      <trkpt lat="43.55357" lon="3.02943">
        <ele>543.6</ele>
      </trkpt>
      <trkpt lat="43.55346" lon="3.02956">
        <ele>540.4</ele>
        <time>2021-10-08T14:44:46Z</time>
      </trkpt>
      <trkpt lat="43.55351" lon="3.02971">
        <ele>539.1</ele>
        <time>2021-10-08T14:44:53Z</time>
      </trkpt>
      <trkpt lat="43.55338" lon="3.02988">
        <ele>536.9</ele>
        <time>2021-10-08T14:45:00Z</time>
      </trkpt>
      <trkpt lat="43.55306" lon="3.03027">
        <ele>532.1</ele>
        <time>2021-10-08T14:45:10Z</time>
      </trkpt>
      <trkpt lat="43.55293" lon="3.03026">
        <ele>544.8</ele>
        <time>2021-10-08T14:45:14Z</time>
      </trkpt>
      <trkpt lat="43.55278" lon="3.03037">
        <ele>544</ele>
        <time>2021-10-08T14:45:17Z</time>
      </trkpt>
      <trkpt lat="43.55269" lon="3.03052">
        <ele>542.8</ele>
        <time>2021-10-08T14:45:21Z</time>
      </trkpt>
      <trkpt lat="43.55265" lon="3.03066">
        <ele>529.6</ele>
        <time>2021-10-08T14:45:27Z</time>
      </trkpt>
      <trkpt lat="43.55249" lon="3.03078">
        <ele>540.4</ele>
        <time>2021-10-08T14:45:37Z</time>
      </trkpt>
      <trkpt lat="43.55215" lon="3.03112">
        <ele>542.4</ele>
        <time>2021-10-08T14:45:57Z</time>
      </trkpt>
      <trkpt lat="43.55202" lon="3.03121">
        <ele>543.4</ele>
        <time>2021-10-08T14:46:04Z</time>
      </trkpt>
      <trkpt lat="43.55194" lon="3.03116">
        <ele>544</ele>
        <time>2021-10-08T14:46:08Z</time>
      </trkpt>
      <trkpt lat="43.55174" lon="3.03079">
        <ele>541</ele>
        <time>2021-10-08T14:46:24Z</time>
      </trkpt>
      <trkpt lat="43.55155" lon="3.03053">
        <ele>541.9</ele>
        <time>2021-10-08T14:46:40Z</time>
      </trkpt>
      <trkpt lat="43.55133" lon="3.03028">
        <ele>551.4</ele>
        <time>2021-10-08T14:46:56Z</time>
      </trkpt>
      <trkpt lat="43.55041" lon="3.02931">
        <ele>560.9</ele>
      </trkpt>
      <trkpt lat="43.55007" lon="3.02902">
        <ele>564.2</ele>
        <time>2021-10-08T14:48:16Z</time>
      </trkpt>
      <trkpt lat="43.54958" lon="3.02876">
        <ele>567.8</ele>
        <time>2021-10-08T14:48:40Z</time>
      </trkpt>
      <trkpt lat="43.54924" lon="3.02865">
        <ele>569.8</ele>
        <time>2021-10-08T14:48:56Z</time>
      </trkpt>
      <trkpt lat="43.54908" lon="3.02863">
        <ele>571</ele>
        <time>2021-10-08T14:49:04Z</time>
      </trkpt>
      <trkpt lat="43.54892" lon="3.02866">
        <ele>572.4</ele>
        <time>2021-10-08T14:49:12Z</time>
      </trkpt>
      <trkpt lat="43.54849" lon="3.02891">
        <ele>570.5</ele>
        <time>2021-10-08T14:49:34Z</time>
      </trkpt>
      <trkpt lat="43.54851" lon="3.02901">
        <ele>574.3</ele>
        <time>2021-10-08T14:49:38Z</time>
      </trkpt>
      <trkpt lat="43.54871" lon="3.02892">
        <ele>578.4</ele>
        <time>2021-10-08T14:49:48Z</time>
      </trkpt>
      <trkpt lat="43.54898" lon="3.02883">
        <ele>576</ele>
        <time>2021-10-08T14:50:00Z</time>
      </trkpt>
      <trkpt lat="43.54921" lon="3.02892">
        <ele>579.3</ele>
        <time>2021-10-08T14:50:08Z</time>
      </trkpt>
      <trkpt lat="43.54953" lon="3.02918">
        <ele>585</ele>
        <time>2021-10-08T14:50:32Z</time>
      </trkpt>
      <trkpt lat="43.54977" lon="3.02953">
        <ele>588</ele>
        <time>2021-10-08T14:50:48Z</time>
      </trkpt>
      <trkpt lat="43.55014" lon="3.03028">
        <ele>594.2</ele>
        <time>2021-10-08T14:51:16Z</time>
      </trkpt>
      <trkpt lat="43.55024" lon="3.03068">
        <ele>596.6</ele>
        <time>2021-10-08T14:51:32Z</time>
      </trkpt>
      <trkpt lat="43.55044" lon="3.03114">
        <ele>597</ele>
      </trkpt>
      <trkpt lat="43.5506" lon="3.03172">
        <ele>602</ele>
        <time>2021-10-08T14:52:10Z</time>
      </trkpt>
      <trkpt lat="43.55075" lon="3.03241">
        <ele>606.5</ele>
        <time>2021-10-08T14:52:27Z</time>
      </trkpt>
      <trkpt lat="43.55082" lon="3.03279">
        <ele>607.5</ele>
        <time>2021-10-08T14:52:43Z</time>
      </trkpt>
      <trkpt lat="43.55088" lon="3.03377">
        <ele>606.2</ele>
        <time>2021-10-08T14:52:51Z</time>
      </trkpt>
      <trkpt lat="43.55087" lon="3.03398">
        <ele>606.4</ele>
        <time>2021-10-08T14:53:19Z</time>
      </trkpt>
      <trkpt lat="43.55082" lon="3.03418">
        <ele>609.5</ele>
        <time>2021-10-08T14:53:27Z</time>
      </trkpt>
      <trkpt lat="43.55057" lon="3.03491">
        <ele>614.3</ele>
        <time>2021-10-08T14:53:59Z</time>
      </trkpt>
      <trkpt lat="43.55049" lon="3.03528">
        <ele>616</ele>
        <time>2021-10-08T14:54:11Z</time>
      </trkpt>
      <trkpt lat="43.55041" lon="3.03533">
        <ele>622.2</ele>
        <time>2021-10-08T14:54:15Z</time>
      </trkpt>
      <trkpt lat="43.55018" lon="3.03537">
        <ele>616.1</ele>
        <time>2021-10-08T14:54:23Z</time>
      </trkpt>
      <trkpt lat="43.54988" lon="3.03528">
        <ele>615.1</ele>
      </trkpt>
      <trkpt lat="43.54955" lon="3.03523">
        <ele>614.7</ele>
        <time>2021-10-08T14:54:37Z</time>
      </trkpt>
      <trkpt lat="43.54935" lon="3.03527">
        <ele>614.7</ele>
        <time>2021-10-08T14:54:41Z</time>
      </trkpt>
      <trkpt lat="43.54904" lon="3.0355">
        <ele>622.6</ele>
        <time>2021-10-08T14:54:49Z</time>
      </trkpt>
      <trkpt lat="43.54888" lon="3.03555">
        <ele>623</ele>
        <time>2021-10-08T14:54:53Z</time>
      </trkpt>
      <trkpt lat="43.5485" lon="3.03559">
        <ele>616.6</ele>
        <time>2021-10-08T14:55:00Z</time>
      </trkpt>
      <trkpt lat="43.5483" lon="3.03576">
        <ele>624</ele>
        <time>2021-10-08T14:55:07Z</time>
      </trkpt>
      <trkpt lat="43.54817" lon="3.03595">
        <ele>619.6</ele>
        <time>2021-10-08T14:55:09Z</time>
      </trkpt>
      <trkpt lat="43.54807" lon="3.03623">
        <ele>619.4</ele>
        <time>2021-10-08T14:55:13Z</time>
      </trkpt>
      <trkpt lat="43.54801" lon="3.0365">
        <ele>618.8</ele>
      </trkpt>
      <trkpt lat="43.54793" lon="3.03669">
        <ele>619.5</ele>
      </trkpt>
      <trkpt lat="43.54786" lon="3.0372">
        <ele>619.4</ele>
        <time>2021-10-08T14:55:28Z</time>
      </trkpt>
      <trkpt lat="43.54783" lon="3.0376">
        <ele>621</ele>
      </trkpt>
      <trkpt lat="43.54777" lon="3.03782">
        <ele>620.8</ele>
        <time>2021-10-08T14:55:39Z</time>
      </trkpt>
      <trkpt lat="43.54769" lon="3.03798">
        <ele>624.6</ele>
        <time>2021-10-08T14:55:43Z</time>
      </trkpt>
      <trkpt lat="43.54741" lon="3.03841">
        <ele>619</ele>
        <time>2021-10-08T14:55:50Z</time>
      </trkpt>
      <trkpt lat="43.54689" lon="3.03891">
        <ele>613.8</ele>
      </trkpt>
      <trkpt lat="43.54689" lon="3.03891">
        <ele>613.8</ele>
      </trkpt>
      <trkpt lat="43.54677" lon="3.03906">
        <ele>613.4</ele>
      </trkpt>
      <trkpt lat="43.54666" lon="3.03927">
        <ele>613</ele>
      </trkpt>
      <trkpt lat="43.5466" lon="3.03969">
        <ele>613.3</ele>
      </trkpt>
      <trkpt lat="43.54653" lon="3.0399">
        <ele>613.5</ele>
      </trkpt>
      <trkpt lat="43.54631" lon="3.04041">
        <ele>618</ele>
      </trkpt>
      <trkpt lat="43.5463" lon="3.04056">
        <ele>618.7</ele>
      </trkpt>
      <trkpt lat="43.54631" lon="3.04071">
        <ele>619.1</ele>
      </trkpt>
      <trkpt lat="43.54644" lon="3.04104">
        <ele>618.1</ele>
      </trkpt>
      <trkpt lat="43.54676" lon="3.04163">
        <ele>614.7</ele>
      </trkpt>
      <trkpt lat="43.54688" lon="3.04207">
        <ele>615.2</ele>
      </trkpt>
      <trkpt lat="43.54688" lon="3.04236">
        <ele>615.6</ele>
      </trkpt>
      <trkpt lat="43.5468" lon="3.043">
        <ele>617.2</ele>
      </trkpt>
      <trkpt lat="43.5468" lon="3.04321">
        <ele>617.9</ele>
      </trkpt>
      <trkpt lat="43.54685" lon="3.0437">
        <ele>617.8</ele>
      </trkpt>
      <trkpt lat="43.54687" lon="3.04384">
        <ele>617.5</ele>
      </trkpt>
      <trkpt lat="43.54684" lon="3.04406">
        <ele>619.1</ele>
      </trkpt>
      <trkpt lat="43.54688" lon="3.04418">
        <ele>618.8</ele>
      </trkpt>
      <trkpt lat="43.54723" lon="3.04448">
        <ele>618.2</ele>
      </trkpt>
      <trkpt lat="43.54734" lon="3.04468">
        <ele>618.4</ele>
      </trkpt>
      <trkpt lat="43.54743" lon="3.04499">
        <ele>618.4</ele>
      </trkpt>
      <trkpt lat="43.54743" lon="3.04529">
        <ele>618.7</ele>
      </trkpt>
      <trkpt lat="43.54739" lon="3.04553">
        <ele>618.6</ele>
      </trkpt>
      <trkpt lat="43.54732" lon="3.04573">
        <ele>618.1</ele>
      </trkpt>
      <trkpt lat="43.54705" lon="3.04615">
        <ele>620.4</ele>
      </trkpt>
      <trkpt lat="43.54669" lon="3.04657">
        <ele>628</ele>
      </trkpt>
      <trkpt lat="43.54652" lon="3.04684">
        <ele>629.9</ele>
      </trkpt>
      <trkpt lat="43.5462" lon="3.04749">
        <ele>627.5</ele>
      </trkpt>
      <trkpt lat="43.54603" lon="3.04772">
        <ele>629</ele>
      </trkpt>
      <trkpt lat="43.54601" lon="3.0478">
        <ele>629.2</ele>
      </trkpt>
      <trkpt lat="43.54612" lon="3.04797">
        <ele>627.6</ele>
      </trkpt>
      <trkpt lat="43.54619" lon="3.04822">
        <ele>628.8</ele>
      </trkpt>
      <trkpt lat="43.54626" lon="3.04823">
        <ele>628.5</ele>
      </trkpt>
      <trkpt lat="43.54637" lon="3.04818">
        <ele>627.5</ele>
      </trkpt>
      <trkpt lat="43.54702" lon="3.04759">
        <ele>626.3</ele>
      </trkpt>
      <trkpt lat="43.54728" lon="3.04744">
        <ele>625</ele>
      </trkpt>
      <trkpt lat="43.54742" lon="3.04736">
        <ele>623.4</ele>
      </trkpt>
      <trkpt lat="43.54764" lon="3.04738">
        <ele>623</ele>
      </trkpt>
      <trkpt lat="43.54786" lon="3.04751">
        <ele>624</ele>
      </trkpt>
      <trkpt lat="43.54815" lon="3.04782">
        <ele>625.1</ele>
      </trkpt>
      <trkpt lat="43.54845" lon="3.04819">
        <ele>624.7</ele>
      </trkpt>
      <trkpt lat="43.54859" lon="3.04848">
        <ele>624.3</ele>
      </trkpt>
      <trkpt lat="43.54868" lon="3.04882">
        <ele>624.3</ele>
      </trkpt>
      <trkpt lat="43.5487" lon="3.04906">
        <ele>623.9</ele>
      </trkpt>
      <trkpt lat="43.54868" lon="3.04929">
        <ele>624.7</ele>
      </trkpt>
      <trkpt lat="43.54856" lon="3.04976">
        <ele>628.1</ele>
      </trkpt>
      <trkpt lat="43.54852" lon="3.04998">
        <ele>627.8</ele>
      </trkpt>
      <trkpt lat="43.54852" lon="3.05042">
        <ele>624.2</ele>
      </trkpt>
      <trkpt lat="43.54849" lon="3.05057">
        <ele>623.8</ele>
      </trkpt>
      <trkpt lat="43.54837" lon="3.05073">
        <ele>623.7</ele>
      </trkpt>
      <trkpt lat="43.5483" lon="3.05089">
        <ele>622.3</ele>
      </trkpt>
      <trkpt lat="43.54824" lon="3.05098">
        <ele>622.9</ele>
      </trkpt>
      <trkpt lat="43.54806" lon="3.05107">
        <ele>625.9</ele>
      </trkpt>
      <trkpt lat="43.54804" lon="3.05116">
        <ele>626.3</ele>
      </trkpt>
      <trkpt lat="43.54805" lon="3.05126">
        <ele>626.8</ele>
      </trkpt>
      <trkpt lat="43.54809" lon="3.05132">
        <ele>626.7</ele>
      </trkpt>
      <trkpt lat="43.54832" lon="3.05143">
        <ele>624.4</ele>
      </trkpt>
      <trkpt lat="43.54838" lon="3.05155">
        <ele>623.9</ele>
      </trkpt>
      <trkpt lat="43.5484" lon="3.05172">
        <ele>624</ele>
      </trkpt>
      <trkpt lat="43.54835" lon="3.05188">
        <ele>624.1</ele>
      </trkpt>
      <trkpt lat="43.54823" lon="3.05213">
        <ele>626.5</ele>
      </trkpt>
      <trkpt lat="43.54818" lon="3.05231">
        <ele>627.2</ele>
      </trkpt>
      <trkpt lat="43.54814" lon="3.0527">
        <ele>624.5</ele>
      </trkpt>
      <trkpt lat="43.5481" lon="3.05279">
        <ele>623.9</ele>
      </trkpt>
      <trkpt lat="43.54802" lon="3.05287">
        <ele>623.6</ele>
      </trkpt>
      <trkpt lat="43.54785" lon="3.05294">
        <ele>626.4</ele>
      </trkpt>
      <trkpt lat="43.54779" lon="3.053">
        <ele>626.7</ele>
      </trkpt>
      <trkpt lat="43.54774" lon="3.05316">
        <ele>626.2</ele>
      </trkpt>
      <trkpt lat="43.54764" lon="3.05375">
        <ele>629.1</ele>
      </trkpt>
      <trkpt lat="43.54751" lon="3.05414">
        <ele>635.5</ele>
      </trkpt>
      <trkpt lat="43.54753" lon="3.05422">
        <ele>635.7</ele>
      </trkpt>
      <trkpt lat="43.54759" lon="3.05427">
        <ele>634.7</ele>
      </trkpt>
      <trkpt lat="43.54768" lon="3.05426">
        <ele>631.6</ele>
      </trkpt>
      <trkpt lat="43.54785" lon="3.05416">
        <ele>626.4</ele>
      </trkpt>
      <trkpt lat="43.54804" lon="3.054">
        <ele>626.1</ele>
      </trkpt>
      <trkpt lat="43.54827" lon="3.05384">
        <ele>624.8</ele>
      </trkpt>
      <trkpt lat="43.54851" lon="3.05385">
        <ele>624.6</ele>
      </trkpt>
      <trkpt lat="43.54865" lon="3.05401">
        <ele>625.8</ele>
      </trkpt>
      <trkpt lat="43.54879" lon="3.05425">
        <ele>626.3</ele>
      </trkpt>
      <trkpt lat="43.54881" lon="3.05441">
        <ele>626.4</ele>
      </trkpt>
      <trkpt lat="43.54878" lon="3.05461">
        <ele>628.2</ele>
      </trkpt>
      <trkpt lat="43.54881" lon="3.05472">
        <ele>628.3</ele>
      </trkpt>
      <trkpt lat="43.54899" lon="3.05474">
        <ele>626.5</ele>
      </trkpt>
      <trkpt lat="43.54908" lon="3.05481">
        <ele>626.4</ele>
      </trkpt>
      <trkpt lat="43.54918" lon="3.05505">
        <ele>627.5</ele>
      </trkpt>
      <trkpt lat="43.54929" lon="3.05533">
        <ele>629</ele>
      </trkpt>
      <trkpt lat="43.5493" lon="3.05554">
        <ele>630</ele>
      </trkpt>
      <trkpt lat="43.54927" lon="3.05571">
        <ele>630.4</ele>
      </trkpt>
      <trkpt lat="43.5491" lon="3.05602">
        <ele>633.5</ele>
      </trkpt>
      <trkpt lat="43.54908" lon="3.05624">
        <ele>635.9</ele>
      </trkpt>
      <trkpt lat="43.54912" lon="3.05658">
        <ele>638.5</ele>
      </trkpt>
      <trkpt lat="43.5492" lon="3.05673">
        <ele>637.5</ele>
      </trkpt>
      <trkpt lat="43.54952" lon="3.05703">
        <ele>635</ele>
      </trkpt>
      <trkpt lat="43.54965" lon="3.0573">
        <ele>636.2</ele>
      </trkpt>
      <trkpt lat="43.54969" lon="3.05764">
        <ele>636.6</ele>
      </trkpt>
      <trkpt lat="43.54946" lon="3.05863">
        <ele>640.3</ele>
      </trkpt>
      <trkpt lat="43.54945" lon="3.05881">
        <ele>639.5</ele>
      </trkpt>
      <trkpt lat="43.5495" lon="3.05897">
        <ele>637.7</ele>
      </trkpt>
      <trkpt lat="43.54973" lon="3.06001">
        <ele>633.9</ele>
      </trkpt>
      <trkpt lat="43.54977" lon="3.0604">
        <ele>635.1</ele>
      </trkpt>
      <trkpt lat="43.54976" lon="3.06067">
        <ele>636.9</ele>
      </trkpt>
      <trkpt lat="43.54979" lon="3.06084">
        <ele>637.3</ele>
      </trkpt>
      <trkpt lat="43.54988" lon="3.06113">
        <ele>637</ele>
      </trkpt>
      <trkpt lat="43.55004" lon="3.0619">
        <ele>636.9</ele>
      </trkpt>
      <trkpt lat="43.55007" lon="3.06223">
        <ele>638.1</ele>
      </trkpt>
      <trkpt lat="43.55006" lon="3.06261">
        <ele>638.9</ele>
      </trkpt>
      <trkpt lat="43.55003" lon="3.06288">
        <ele>638.9</ele>
      </trkpt>
      <trkpt lat="43.54998" lon="3.06308">
        <ele>639.6</ele>
      </trkpt>
      <trkpt lat="43.54989" lon="3.06326">
        <ele>640.8</ele>
      </trkpt>
      <trkpt lat="43.5497" lon="3.06408">
        <ele>639.5</ele>
      </trkpt>
      <trkpt lat="43.54968" lon="3.06437">
        <ele>638</ele>
      </trkpt>
      <trkpt lat="43.54969" lon="3.06464">
        <ele>639.2</ele>
      </trkpt>
      <trkpt lat="43.54965" lon="3.06487">
        <ele>639.3</ele>
      </trkpt>
      <trkpt lat="43.54955" lon="3.0651">
        <ele>638.6</ele>
      </trkpt>
      <trkpt lat="43.54932" lon="3.06544">
        <ele>637</ele>
      </trkpt>
      <trkpt lat="43.54917" lon="3.06571">
        <ele>633.4</ele>
      </trkpt>
      <trkpt lat="43.54906" lon="3.06596">
        <ele>632.5</ele>
      </trkpt>
      <trkpt lat="43.54898" lon="3.06616">
        <ele>631.4</ele>
      </trkpt>
      <trkpt lat="43.54895" lon="3.06634">
        <ele>630.5</ele>
      </trkpt>
      <trkpt lat="43.54898" lon="3.06695">
        <ele>631.7</ele>
      </trkpt>
      <trkpt lat="43.54906" lon="3.06781">
        <ele>625.8</ele>
      </trkpt>
      <trkpt lat="43.54913" lon="3.06825">
        <ele>623.3</ele>
      </trkpt>
      <trkpt lat="43.5494" lon="3.06969">
        <ele>620.9</ele>
      </trkpt>
      <trkpt lat="43.54944" lon="3.07013">
        <ele>620</ele>
      </trkpt>
      <trkpt lat="43.54943" lon="3.07052">
        <ele>619.9</ele>
      </trkpt>
      <trkpt lat="43.54933" lon="3.07091">
        <ele>618.7</ele>
      </trkpt>
      <trkpt lat="43.54916" lon="3.07147">
        <ele>619</ele>
      </trkpt>
      <trkpt lat="43.54913" lon="3.07168">
        <ele>619.1</ele>
      </trkpt>
      <trkpt lat="43.54913" lon="3.07189">
        <ele>619.2</ele>
      </trkpt>
      <trkpt lat="43.54931" lon="3.07294">
        <ele>622.5</ele>
      </trkpt>
      <trkpt lat="43.54985" lon="3.07425">
        <ele>626.4</ele>
      </trkpt>
      <trkpt lat="43.54996" lon="3.07443">
        <ele>627.4</ele>
      </trkpt>
      <trkpt lat="43.55026" lon="3.07484">
        <ele>627.4</ele>
      </trkpt>
      <trkpt lat="43.55037" lon="3.07502">
        <ele>628.6</ele>
      </trkpt>
      <trkpt lat="43.55044" lon="3.07526">
        <ele>630.7</ele>
      </trkpt>
      <trkpt lat="43.55051" lon="3.07577">
        <ele>630.8</ele>
      </trkpt>
      <trkpt lat="43.55065" lon="3.07614">
        <ele>630.8</ele>
      </trkpt>
      <trkpt lat="43.55083" lon="3.07647">
        <ele>634</ele>
      </trkpt>
      <trkpt lat="43.55088" lon="3.0767">
        <ele>635.6</ele>
      </trkpt>
      <trkpt lat="43.55089" lon="3.07688">
        <ele>636</ele>
      </trkpt>
      <trkpt lat="43.55084" lon="3.07748">
        <ele>636</ele>
      </trkpt>
      <trkpt lat="43.55085" lon="3.07772">
        <ele>636.5</ele>
      </trkpt>
      <trkpt lat="43.55091" lon="3.07787">
        <ele>635.9</ele>
      </trkpt>
      <trkpt lat="43.55103" lon="3.07801">
        <ele>633.8</ele>
      </trkpt>
      <trkpt lat="43.55111" lon="3.07814">
        <ele>632.3</ele>
      </trkpt>
      <trkpt lat="43.55113" lon="3.07836">
        <ele>632.9</ele>
      </trkpt>
      <trkpt lat="43.55106" lon="3.07895">
        <ele>636.5</ele>
      </trkpt>
      <trkpt lat="43.55104" lon="3.07928">
        <ele>635.5</ele>
      </trkpt>
      <trkpt lat="43.55113" lon="3.07982">
        <ele>632.7</ele>
      </trkpt>
      <trkpt lat="43.55109" lon="3.08004">
        <ele>632.2</ele>
      </trkpt>
      <trkpt lat="43.55084" lon="3.0805">
        <ele>633.2</ele>
      </trkpt>
      <trkpt lat="43.55068" lon="3.08057">
        <ele>632.9</ele>
      </trkpt>
      <trkpt lat="43.55044" lon="3.08058">
        <ele>632.9</ele>
      </trkpt>
      <trkpt lat="43.55034" lon="3.08062">
        <ele>632.6</ele>
      </trkpt>
      <trkpt lat="43.5502" lon="3.08079">
        <ele>631.4</ele>
      </trkpt>
      <trkpt lat="43.5501" lon="3.08105">
        <ele>629.7</ele>
      </trkpt>
      <trkpt lat="43.55006" lon="3.08137">
        <ele>627.5</ele>
      </trkpt>
      <trkpt lat="43.54998" lon="3.0816">
        <ele>625.7</ele>
      </trkpt>
      <trkpt lat="43.54963" lon="3.08194">
        <ele>628</ele>
      </trkpt>
      <trkpt lat="43.54945" lon="3.08206">
        <ele>627.2</ele>
      </trkpt>
      <trkpt lat="43.54919" lon="3.08204">
        <ele>626.4</ele>
      </trkpt>
      <trkpt lat="43.54874" lon="3.0819">
        <ele>625.8</ele>
      </trkpt>
      <trkpt lat="43.54777" lon="3.08132">
        <ele>620.6</ele>
      </trkpt>
      <trkpt lat="43.54745" lon="3.081">
        <ele>619.7</ele>
      </trkpt>
      <trkpt lat="43.54712" lon="3.08077">
        <ele>616.8</ele>
      </trkpt>
      <trkpt lat="43.54687" lon="3.08065">
        <ele>616.5</ele>
      </trkpt>
      <trkpt lat="43.54669" lon="3.08055">
        <ele>617.8</ele>
      </trkpt>
      <trkpt lat="43.54656" lon="3.0804">
        <ele>618.2</ele>
      </trkpt>
      <trkpt lat="43.54641" lon="3.08001">
        <ele>617.1</ele>
      </trkpt>
      <trkpt lat="43.54635" lon="3.07992">
        <ele>616.5</ele>
      </trkpt>
      <trkpt lat="43.54608" lon="3.07969">
        <ele>615.5</ele>
      </trkpt>
      <trkpt lat="43.54587" lon="3.07905">
        <ele>608.4</ele>
      </trkpt>
      <trkpt lat="43.54577" lon="3.0789">
        <ele>606.6</ele>
      </trkpt>
      <trkpt lat="43.54554" lon="3.07849">
        <ele>606.5</ele>
      </trkpt>
      <trkpt lat="43.54548" lon="3.07842">
        <ele>605.3</ele>
      </trkpt>
      <trkpt lat="43.54533" lon="3.0783">
        <ele>601.8</ele>
      </trkpt>
      <trkpt lat="43.5452" lon="3.07829">
        <ele>599.9</ele>
      </trkpt>
      <trkpt lat="43.5451" lon="3.07835">
        <ele>600</ele>
      </trkpt>
      <trkpt lat="43.54502" lon="3.07842">
        <ele>600.7</ele>
      </trkpt>
      <trkpt lat="43.54492" lon="3.07845">
        <ele>599.5</ele>
      </trkpt>
      <trkpt lat="43.54472" lon="3.07838">
        <ele>594.8</ele>
      </trkpt>
      <trkpt lat="43.54395" lon="3.07799">
        <ele>582.1</ele>
      </trkpt>
      <trkpt lat="43.54376" lon="3.07796">
        <ele>580</ele>
      </trkpt>
      <trkpt lat="43.54343" lon="3.07798">
        <ele>576</ele>
      </trkpt>
      <trkpt lat="43.54318" lon="3.07808">
        <ele>572.5</ele>
      </trkpt>
      <trkpt lat="43.54266" lon="3.07841">
        <ele>567.6</ele>
      </trkpt>
      <trkpt lat="43.54253" lon="3.07851">
        <ele>567.3</ele>
      </trkpt>
      <trkpt lat="43.5424" lon="3.07874">
        <ele>569.6</ele>
      </trkpt>
      <trkpt lat="43.54233" lon="3.07887">
        <ele>571</ele>
      </trkpt>
      <trkpt lat="43.5421" lon="3.07908">
        <ele>568.9</ele>
      </trkpt>
      <trkpt lat="43.54191" lon="3.07929">
        <ele>565.5</ele>
      </trkpt>
      <trkpt lat="43.54174" lon="3.07956">
        <ele>562.8</ele>
      </trkpt>
      <trkpt lat="43.54164" lon="3.07982">
        <ele>560.2</ele>
      </trkpt>
      <trkpt lat="43.54163" lon="3.08016">
        <ele>560.9</ele>
      </trkpt>
      <trkpt lat="43.54165" lon="3.08051">
        <ele>560.5</ele>
      </trkpt>
      <trkpt lat="43.54174" lon="3.08101">
        <ele>557.2</ele>
      </trkpt>
      <trkpt lat="43.54175" lon="3.08163">
        <ele>557.7</ele>
      </trkpt>
      <trkpt lat="43.54174" lon="3.08179">
        <ele>557.9</ele>
      </trkpt>
      <trkpt lat="43.5415" lon="3.08228">
        <ele>549.7</ele>
      </trkpt>
      <trkpt lat="43.54136" lon="3.08264">
        <ele>547.1</ele>
      </trkpt>
      <trkpt lat="43.54133" lon="3.08277">
        <ele>547.3</ele>
      </trkpt>
      <trkpt lat="43.54104" lon="3.08329">
        <ele>543.5</ele>
      </trkpt>
      <trkpt lat="43.54097" lon="3.0835">
        <ele>541.3</ele>
      </trkpt>
      <trkpt lat="43.54097" lon="3.08376">
        <ele>540.2</ele>
      </trkpt>
      <trkpt lat="43.54093" lon="3.08389">
        <ele>539.1</ele>
      </trkpt>
      <trkpt lat="43.54087" lon="3.08396">
        <ele>538.6</ele>
      </trkpt>
      <trkpt lat="43.54078" lon="3.08399">
        <ele>538.7</ele>
      </trkpt>
      <trkpt lat="43.54061" lon="3.08398">
        <ele>539.4</ele>
      </trkpt>
      <trkpt lat="43.54048" lon="3.0839">
        <ele>539.8</ele>
      </trkpt>
      <trkpt lat="43.54005" lon="3.08349">
        <ele>541.6</ele>
      </trkpt>
      <trkpt lat="43.53994" lon="3.08343">
        <ele>540.5</ele>
      </trkpt>
      <trkpt lat="43.53984" lon="3.08341">
        <ele>539</ele>
      </trkpt>
      <trkpt lat="43.5397" lon="3.08341">
        <ele>537.2</ele>
      </trkpt>
      <trkpt lat="43.53958" lon="3.08345">
        <ele>534.9</ele>
      </trkpt>
      <trkpt lat="43.5395" lon="3.08355">
        <ele>533</ele>
      </trkpt>
      <trkpt lat="43.53946" lon="3.08369">
        <ele>531</ele>
      </trkpt>
      <trkpt lat="43.53943" lon="3.08401">
        <ele>529.4</ele>
      </trkpt>
      <trkpt lat="43.53941" lon="3.08443">
        <ele>527.7</ele>
      </trkpt>
      <trkpt lat="43.53945" lon="3.08535">
        <ele>524.2</ele>
      </trkpt>
      <trkpt lat="43.53943" lon="3.08561">
        <ele>523.8</ele>
      </trkpt>
      <trkpt lat="43.53939" lon="3.08583">
        <ele>523</ele>
      </trkpt>
      <trkpt lat="43.53931" lon="3.08599">
        <ele>520.5</ele>
      </trkpt>
      <trkpt lat="43.5392" lon="3.08641">
        <ele>520.7</ele>
      </trkpt>
      <trkpt lat="43.53911" lon="3.08658">
        <ele>521.9</ele>
      </trkpt>
      <trkpt lat="43.53897" lon="3.08677">
        <ele>523</ele>
      </trkpt>
      <trkpt lat="43.53885" lon="3.08684">
        <ele>524.2</ele>
      </trkpt>
      <trkpt lat="43.53877" lon="3.08684">
        <ele>524.7</ele>
      </trkpt>
      <trkpt lat="43.53833" lon="3.08676">
        <ele>524.5</ele>
      </trkpt>
      <trkpt lat="43.53819" lon="3.08671">
        <ele>524</ele>
      </trkpt>
      <trkpt lat="43.53806" lon="3.08652">
        <ele>520.3</ele>
      </trkpt>
      <trkpt lat="43.53789" lon="3.08639">
        <ele>518.3</ele>
      </trkpt>
      <trkpt lat="43.53762" lon="3.08624">
        <ele>515.9</ele>
      </trkpt>
      <trkpt lat="43.53747" lon="3.08618">
        <ele>514.6</ele>
      </trkpt>
      <trkpt lat="43.53728" lon="3.08619">
        <ele>512.3</ele>
      </trkpt>
      <trkpt lat="43.53718" lon="3.08625">
        <ele>510.7</ele>
      </trkpt>
      <trkpt lat="43.53713" lon="3.08633">
        <ele>509.5</ele>
      </trkpt>
      <trkpt lat="43.5371" lon="3.08646">
        <ele>509.1</ele>
      </trkpt>
      <trkpt lat="43.53708" lon="3.08685">
        <ele>512.8</ele>
      </trkpt>
      <trkpt lat="43.53701" lon="3.087">
        <ele>512.1</ele>
      </trkpt>
      <trkpt lat="43.53691" lon="3.08714">
        <ele>512.1</ele>
      </trkpt>
      <trkpt lat="43.53678" lon="3.08721">
        <ele>510.9</ele>
      </trkpt>
      <trkpt lat="43.53659" lon="3.08724">
        <ele>507.8</ele>
      </trkpt>
      <trkpt lat="43.53636" lon="3.08734">
        <ele>505.7</ele>
      </trkpt>
      <trkpt lat="43.53611" lon="3.08757">
        <ele>505</ele>
      </trkpt>
      <trkpt lat="43.53588" lon="3.08794">
        <ele>503.1</ele>
      </trkpt>
      <trkpt lat="43.53573" lon="3.08817">
        <ele>501.7</ele>
      </trkpt>
      <trkpt lat="43.53519" lon="3.08879">
        <ele>499</ele>
      </trkpt>
      <trkpt lat="43.53465" lon="3.08912">
        <ele>493.4</ele>
      </trkpt>
      <trkpt lat="43.53417" lon="3.08952">
        <ele>491.8</ele>
      </trkpt>
      <trkpt lat="43.53403" lon="3.08961">
        <ele>490.6</ele>
      </trkpt>
      <trkpt lat="43.53376" lon="3.08976">
        <ele>488.2</ele>
      </trkpt>
      <trkpt lat="43.5336" lon="3.08991">
        <ele>487.4</ele>
      </trkpt>
      <trkpt lat="43.53349" lon="3.09008">
        <ele>485.8</ele>
      </trkpt>
      <trkpt lat="43.53331" lon="3.09069">
        <ele>484.7</ele>
      </trkpt>
      <trkpt lat="43.53323" lon="3.09087">
        <ele>484.4</ele>
      </trkpt>
      <trkpt lat="43.53311" lon="3.09106">
        <ele>482.4</ele>
      </trkpt>
      <trkpt lat="43.53296" lon="3.09117">
        <ele>480.7</ele>
      </trkpt>
      <trkpt lat="43.53285" lon="3.09119">
        <ele>480.2</ele>
      </trkpt>
      <trkpt lat="43.53251" lon="3.09122">
        <ele>480.9</ele>
      </trkpt>
      <trkpt lat="43.53233" lon="3.09122">
        <ele>479.9</ele>
      </trkpt>
      <trkpt lat="43.53214" lon="3.09125">
        <ele>480.2</ele>
      </trkpt>
      <trkpt lat="43.53197" lon="3.09122">
        <ele>480</ele>
      </trkpt>
      <trkpt lat="43.53175" lon="3.09115">
        <ele>480.6</ele>
      </trkpt>
      <trkpt lat="43.53157" lon="3.09096">
        <ele>479.9</ele>
      </trkpt>
      <trkpt lat="43.53137" lon="3.09069">
        <ele>478.3</ele>
      </trkpt>
      <trkpt lat="43.53103" lon="3.09038">
        <ele>475.1</ele>
      </trkpt>
      <trkpt lat="43.53079" lon="3.0902">
        <ele>471.7</ele>
      </trkpt>
      <trkpt lat="43.53065" lon="3.09014">
        <ele>470.1</ele>
      </trkpt>
      <trkpt lat="43.53034" lon="3.09013">
        <ele>470.7</ele>
      </trkpt>
      <trkpt lat="43.52985" lon="3.09021">
        <ele>471.9</ele>
      </trkpt>
      <trkpt lat="43.52968" lon="3.09019">
        <ele>470.9</ele>
      </trkpt>
      <trkpt lat="43.5295" lon="3.09013">
        <ele>469.6</ele>
      </trkpt>
      <trkpt lat="43.52934" lon="3.09004">
        <ele>468.9</ele>
      </trkpt>
      <trkpt lat="43.52922" lon="3.0899">
        <ele>466.3</ele>
      </trkpt>
      <trkpt lat="43.52901" lon="3.08936">
        <ele>459.2</ele>
      </trkpt>
      <trkpt lat="43.52892" lon="3.08921">
        <ele>458.7</ele>
      </trkpt>
      <trkpt lat="43.52886" lon="3.08914">
        <ele>458.2</ele>
      </trkpt>
      <trkpt lat="43.52878" lon="3.08909">
        <ele>456.8</ele>
      </trkpt>
      <trkpt lat="43.52868" lon="3.08907">
        <ele>455.8</ele>
      </trkpt>
      <trkpt lat="43.52858" lon="3.0891">
        <ele>455</ele>
      </trkpt>
      <trkpt lat="43.52844" lon="3.08926">
        <ele>453.8</ele>
      </trkpt>
      <trkpt lat="43.52822" lon="3.08958">
        <ele>456.9</ele>
      </trkpt>
      <trkpt lat="43.52813" lon="3.08966">
        <ele>457.4</ele>
      </trkpt>
      <trkpt lat="43.528" lon="3.08968">
        <ele>455.8</ele>
      </trkpt>
      <trkpt lat="43.52776" lon="3.0897">
        <ele>452.4</ele>
      </trkpt>
      <trkpt lat="43.52716" lon="3.08981">
        <ele>449.6</ele>
      </trkpt>
      <trkpt lat="43.52695" lon="3.08981">
        <ele>448.9</ele>
      </trkpt>
      <trkpt lat="43.52679" lon="3.08974">
        <ele>447.3</ele>
      </trkpt>
      <trkpt lat="43.52641" lon="3.08951">
        <ele>443.9</ele>
      </trkpt>
      <trkpt lat="43.52625" lon="3.08948">
        <ele>441.3</ele>
      </trkpt>
      <trkpt lat="43.52613" lon="3.08952">
        <ele>439.6</ele>
      </trkpt>
      <trkpt lat="43.52606" lon="3.08964">
        <ele>437.8</ele>
      </trkpt>
      <trkpt lat="43.52596" lon="3.08996">
        <ele>435.4</ele>
      </trkpt>
      <trkpt lat="43.52593" lon="3.0902">
        <ele>433.9</ele>
      </trkpt>
      <trkpt lat="43.52594" lon="3.09055">
        <ele>431.5</ele>
      </trkpt>
      <trkpt lat="43.52601" lon="3.0908">
        <ele>428.8</ele>
      </trkpt>
      <trkpt lat="43.52614" lon="3.09094">
        <ele>427.9</ele>
      </trkpt>
      <trkpt lat="43.52646" lon="3.09119">
        <ele>426.1</ele>
      </trkpt>
      <trkpt lat="43.52675" lon="3.09143">
        <ele>426.9</ele>
      </trkpt>
      <trkpt lat="43.52687" lon="3.09159">
        <ele>427.1</ele>
      </trkpt>
      <trkpt lat="43.52689" lon="3.09168">
        <ele>426.3</ele>
      </trkpt>
      <trkpt lat="43.52685" lon="3.0918">
        <ele>426.8</ele>
      </trkpt>
      <trkpt lat="43.52671" lon="3.09192">
        <ele>424.2</ele>
      </trkpt>
      <trkpt lat="43.52653" lon="3.0923">
        <ele>419.8</ele>
      </trkpt>
      <trkpt lat="43.5259" lon="3.09318">
        <ele>414.5</ele>
      </trkpt>
      <trkpt lat="43.52563" lon="3.09329">
        <ele>410.6</ele>
      </trkpt>
      <trkpt lat="43.52538" lon="3.09333">
        <ele>408</ele>
      </trkpt>
      <trkpt lat="43.5251" lon="3.0933">
        <ele>407</ele>
      </trkpt>
      <trkpt lat="43.52452" lon="3.09308">
        <ele>404.1</ele>
      </trkpt>
      <trkpt lat="43.5237" lon="3.09272">
        <ele>395.6</ele>
      </trkpt>
      <trkpt lat="43.52327" lon="3.0926">
        <ele>389.6</ele>
      </trkpt>
      <trkpt lat="43.52292" lon="3.09253">
        <ele>386</ele>
      </trkpt>
      <trkpt lat="43.5229" lon="3.0926">
        <ele>384.5</ele>
      </trkpt>
      <trkpt lat="43.52313" lon="3.09272">
        <ele>385.7</ele>
      </trkpt>
      <trkpt lat="43.52328" lon="3.0929">
        <ele>387.1</ele>
      </trkpt>
      <trkpt lat="43.52336" lon="3.09311">
        <ele>386.7</ele>
      </trkpt>
      <trkpt lat="43.52352" lon="3.09402">
        <ele>381.1</ele>
      </trkpt>
      <trkpt lat="43.52367" lon="3.09438">
        <ele>380.7</ele>
      </trkpt>
      <trkpt lat="43.52405" lon="3.09462">
        <ele>381.4</ele>
      </trkpt>
      <trkpt lat="43.52419" lon="3.09464">
        <ele>383</ele>
      </trkpt>
      <trkpt lat="43.52429" lon="3.09469">
        <ele>383.9</ele>
      </trkpt>
      <trkpt lat="43.52438" lon="3.09486">
        <ele>381.8</ele>
      </trkpt>
      <trkpt lat="43.52454" lon="3.09504">
        <ele>381.1</ele>
      </trkpt>
      <trkpt lat="43.52477" lon="3.09515">
        <ele>383.5</ele>
      </trkpt>
      <trkpt lat="43.52489" lon="3.09532">
        <ele>382.3</ele>
      </trkpt>
      <trkpt lat="43.52503" lon="3.0954">
        <ele>384.2</ele>
      </trkpt>
      <trkpt lat="43.52522" lon="3.09549">
        <ele>388.1</ele>
      </trkpt>
      <trkpt lat="43.5253" lon="3.09562">
        <ele>387.5</ele>
      </trkpt>
      <trkpt lat="43.52534" lon="3.09583">
        <ele>384.3</ele>
      </trkpt>
      <trkpt lat="43.52542" lon="3.09597">
        <ele>382.7</ele>
      </trkpt>
      <trkpt lat="43.52557" lon="3.09611">
        <ele>382.2</ele>
      </trkpt>
      <trkpt lat="43.52587" lon="3.09621">
        <ele>383.5</ele>
      </trkpt>
      <trkpt lat="43.52605" lon="3.0962">
        <ele>384.9</ele>
      </trkpt>
      <trkpt lat="43.52622" lon="3.09609">
        <ele>387.7</ele>
      </trkpt>
      <trkpt lat="43.52628" lon="3.09606">
        <ele>388.3</ele>
      </trkpt>
      <trkpt lat="43.52635" lon="3.09613">
        <ele>386.8</ele>
      </trkpt>
      <trkpt lat="43.52637" lon="3.09625">
        <ele>385.5</ele>
      </trkpt>
      <trkpt lat="43.52637" lon="3.09666">
        <ele>381.7</ele>
      </trkpt>
      <trkpt lat="43.5264" lon="3.09677">
        <ele>382.3</ele>
      </trkpt>
      <trkpt lat="43.52659" lon="3.09712">
        <ele>383.8</ele>
      </trkpt>
      <trkpt lat="43.52661" lon="3.09723">
        <ele>383.5</ele>
      </trkpt>
      <trkpt lat="43.52657" lon="3.0973">
        <ele>384.5</ele>
      </trkpt>
      <trkpt lat="43.52615" lon="3.09739">
        <ele>381.9</ele>
      </trkpt>
      <trkpt lat="43.52582" lon="3.09753">
        <ele>380.3</ele>
      </trkpt>
      <trkpt lat="43.52545" lon="3.09786">
        <ele>378.5</ele>
      </trkpt>
      <trkpt lat="43.52521" lon="3.09817">
        <ele>376</ele>
      </trkpt>
      <trkpt lat="43.52505" lon="3.09856">
        <ele>375.7</ele>
      </trkpt>
      <trkpt lat="43.52503" lon="3.09869">
        <ele>375.1</ele>
      </trkpt>
      <trkpt lat="43.52509" lon="3.09885">
        <ele>374.7</ele>
      </trkpt>
      <trkpt lat="43.52519" lon="3.09894">
        <ele>375</ele>
      </trkpt>
      <trkpt lat="43.5254" lon="3.09903">
        <ele>375.6</ele>
      </trkpt>
      <trkpt lat="43.52577" lon="3.09911">
        <ele>376.6</ele>
      </trkpt>
      <trkpt lat="43.52623" lon="3.09906">
        <ele>380.7</ele>
      </trkpt>
      <trkpt lat="43.52634" lon="3.09902">
        <ele>382.7</ele>
      </trkpt>
      <trkpt lat="43.52639" lon="3.09911">
        <ele>383.3</ele>
      </trkpt>
      <trkpt lat="43.52639" lon="3.09919">
        <ele>382.8</ele>
      </trkpt>
      <trkpt lat="43.52627" lon="3.0998">
        <ele>376.9</ele>
      </trkpt>
      <trkpt lat="43.52627" lon="3.10003">
        <ele>375.3</ele>
      </trkpt>
      <trkpt lat="43.52629" lon="3.10011">
        <ele>375.3</ele>
      </trkpt>
      <trkpt lat="43.52636" lon="3.10025">
        <ele>375.7</ele>
      </trkpt>
      <trkpt lat="43.5265" lon="3.10035">
        <ele>376.3</ele>
      </trkpt>
      <trkpt lat="43.52678" lon="3.10046">
        <ele>378.6</ele>
      </trkpt>
      <trkpt lat="43.52699" lon="3.10064">
        <ele>379</ele>
      </trkpt>
      <trkpt lat="43.52716" lon="3.10093">
        <ele>378.7</ele>
      </trkpt>
      <trkpt lat="43.52729" lon="3.10126">
        <ele>378.3</ele>
      </trkpt>
      <trkpt lat="43.52736" lon="3.10139">
        <ele>378</ele>
      </trkpt>
      <trkpt lat="43.52745" lon="3.10143">
        <ele>378.3</ele>
      </trkpt>
      <trkpt lat="43.52756" lon="3.10134">
        <ele>379.3</ele>
      </trkpt>
      <trkpt lat="43.52772" lon="3.10092">
        <ele>379.2</ele>
      </trkpt>
      <trkpt lat="43.52787" lon="3.10041">
        <ele>380.2</ele>
      </trkpt>
      <trkpt lat="43.52813" lon="3.09956">
        <ele>381.8</ele>
      </trkpt>
      <trkpt lat="43.52814" lon="3.09937">
        <ele>381.5</ele>
      </trkpt>
      <trkpt lat="43.52809" lon="3.09912">
        <ele>382.4</ele>
      </trkpt>
      <trkpt lat="43.52803" lon="3.09889">
        <ele>384.1</ele>
      </trkpt>
      <trkpt lat="43.52805" lon="3.09872">
        <ele>384</ele>
      </trkpt>
      <trkpt lat="43.52819" lon="3.09838">
        <ele>379.4</ele>
      </trkpt>
      <trkpt lat="43.52824" lon="3.09808">
        <ele>376.7</ele>
      </trkpt>
      <trkpt lat="43.52819" lon="3.09783">
        <ele>377.2</ele>
      </trkpt>
      <trkpt lat="43.528" lon="3.09752">
        <ele>380.2</ele>
      </trkpt>
      <trkpt lat="43.52798" lon="3.09745">
        <ele>380.9</ele>
      </trkpt>
      <trkpt lat="43.52801" lon="3.09737">
        <ele>379.9</ele>
      </trkpt>
      <trkpt lat="43.52839" lon="3.09709">
        <ele>373.1</ele>
      </trkpt>
      <trkpt lat="43.52851" lon="3.0969">
        <ele>374.5</ele>
      </trkpt>
      <trkpt lat="43.5286" lon="3.09664">
        <ele>376.6</ele>
      </trkpt>
      <trkpt lat="43.52866" lon="3.09622">
        <ele>379.2</ele>
      </trkpt>
      <trkpt lat="43.52867" lon="3.09602">
        <ele>379.8</ele>
      </trkpt>
      <trkpt lat="43.52868" lon="3.09596">
        <ele>380</ele>
      </trkpt>
      <trkpt lat="43.52873" lon="3.09595">
        <ele>379.6</ele>
      </trkpt>
      <trkpt lat="43.52878" lon="3.09598">
        <ele>379</ele>
      </trkpt>
      <trkpt lat="43.52886" lon="3.09622">
        <ele>375.9</ele>
      </trkpt>
      <trkpt lat="43.52904" lon="3.09658">
        <ele>371.5</ele>
      </trkpt>
      <trkpt lat="43.52917" lon="3.09665">
        <ele>370.3</ele>
      </trkpt>
      <trkpt lat="43.52932" lon="3.09655">
        <ele>371.4</ele>
      </trkpt>
      <trkpt lat="43.5295" lon="3.09628">
        <ele>374.4</ele>
      </trkpt>
      <trkpt lat="43.52963" lon="3.09597">
        <ele>376.3</ele>
      </trkpt>
      <trkpt lat="43.52971" lon="3.09595">
        <ele>375.7</ele>
      </trkpt>
      <trkpt lat="43.52973" lon="3.09604">
        <ele>375.4</ele>
      </trkpt>
      <trkpt lat="43.52973" lon="3.09638">
        <ele>372.2</ele>
      </trkpt>
      <trkpt lat="43.52981" lon="3.09674">
        <ele>369.5</ele>
      </trkpt>
      <trkpt lat="43.52991" lon="3.09712">
        <ele>367.3</ele>
      </trkpt>
      <trkpt lat="43.52999" lon="3.09734">
        <ele>368.5</ele>
      </trkpt>
      <trkpt lat="43.53003" lon="3.09755">
        <ele>369.7</ele>
      </trkpt>
      <trkpt lat="43.53" lon="3.09789">
        <ele>365.8</ele>
      </trkpt>
      <trkpt lat="43.52995" lon="3.09815">
        <ele>364</ele>
      </trkpt>
      <trkpt lat="43.52982" lon="3.0985">
        <ele>358.6</ele>
      </trkpt>
      <trkpt lat="43.52981" lon="3.09863">
        <ele>357</ele>
      </trkpt>
      <trkpt lat="43.52982" lon="3.09881">
        <ele>355.3</ele>
      </trkpt>
      <trkpt lat="43.52995" lon="3.09904">
        <ele>356.3</ele>
      </trkpt>
      <trkpt lat="43.53024" lon="3.09939">
        <ele>358.2</ele>
      </trkpt>
      <trkpt lat="43.53043" lon="3.09967">
        <ele>357.7</ele>
      </trkpt>
      <trkpt lat="43.53054" lon="3.09995">
        <ele>355.4</ele>
      </trkpt>
      <trkpt lat="43.53072" lon="3.10025">
        <ele>355.4</ele>
      </trkpt>
      <trkpt lat="43.5309" lon="3.10091">
        <ele>351.8</ele>
      </trkpt>
      <trkpt lat="43.53119" lon="3.10199">
        <ele>350.6</ele>
      </trkpt>
      <trkpt lat="43.53129" lon="3.10226">
        <ele>349.1</ele>
      </trkpt>
      <trkpt lat="43.53153" lon="3.1027">
        <ele>349.1</ele>
      </trkpt>
      <trkpt lat="43.53162" lon="3.10308">
        <ele>346</ele>
      </trkpt>
      <trkpt lat="43.53174" lon="3.10327">
        <ele>346.9</ele>
      </trkpt>
      <trkpt lat="43.53189" lon="3.10324">
        <ele>348.3</ele>
      </trkpt>
      <trkpt lat="43.5321" lon="3.10301">
        <ele>350</ele>
      </trkpt>
      <trkpt lat="43.53228" lon="3.10268">
        <ele>349.9</ele>
      </trkpt>
      <trkpt lat="43.53239" lon="3.10233">
        <ele>349.6</ele>
      </trkpt>
      <trkpt lat="43.53251" lon="3.10169">
        <ele>348.5</ele>
      </trkpt>
      <trkpt lat="43.53252" lon="3.10122">
        <ele>345.8</ele>
      </trkpt>
      <trkpt lat="43.5324" lon="3.10007">
        <ele>348.6</ele>
      </trkpt>
      <trkpt lat="43.53243" lon="3.09999">
        <ele>348.1</ele>
      </trkpt>
      <trkpt lat="43.53251" lon="3.09997">
        <ele>345.5</ele>
      </trkpt>
      <trkpt lat="43.5328" lon="3.1001">
        <ele>338.5</ele>
      </trkpt>
      <trkpt lat="43.53297" lon="3.10003">
        <ele>338.3</ele>
      </trkpt>
      <trkpt lat="43.53319" lon="3.09977">
        <ele>338.7</ele>
      </trkpt>
      <trkpt lat="43.53343" lon="3.09916">
        <ele>341.8</ele>
      </trkpt>
      <trkpt lat="43.53373" lon="3.09856">
        <ele>342.1</ele>
      </trkpt>
      <trkpt lat="43.53381" lon="3.09828">
        <ele>342.9</ele>
      </trkpt>
      <trkpt lat="43.53386" lon="3.09824">
        <ele>341.9</ele>
      </trkpt>
      <trkpt lat="43.53391" lon="3.09827">
        <ele>341</ele>
      </trkpt>
      <trkpt lat="43.53395" lon="3.09836">
        <ele>340.4</ele>
      </trkpt>
      <trkpt lat="43.53399" lon="3.09857">
        <ele>338.9</ele>
      </trkpt>
      <trkpt lat="43.53404" lon="3.09909">
        <ele>333</ele>
      </trkpt>
      <trkpt lat="43.53422" lon="3.10001">
        <ele>326.5</ele>
      </trkpt>
      <trkpt lat="43.53428" lon="3.10016">
        <ele>325.7</ele>
      </trkpt>
      <trkpt lat="43.53434" lon="3.10022">
        <ele>326.3</ele>
      </trkpt>
      <trkpt lat="43.53442" lon="3.10026">
        <ele>327.7</ele>
      </trkpt>
      <trkpt lat="43.53449" lon="3.10032">
        <ele>329.4</ele>
      </trkpt>
      <trkpt lat="43.53449" lon="3.10047">
        <ele>328.5</ele>
      </trkpt>
      <trkpt lat="43.53445" lon="3.1008">
        <ele>325.5</ele>
      </trkpt>
      <trkpt lat="43.53441" lon="3.10167">
        <ele>320.5</ele>
      </trkpt>
      <trkpt lat="43.53434" lon="3.10261">
        <ele>316.2</ele>
      </trkpt>
      <trkpt lat="43.53437" lon="3.10281">
        <ele>316.3</ele>
      </trkpt>
      <trkpt lat="43.53443" lon="3.10297">
        <ele>316.5</ele>
      </trkpt>
      <trkpt lat="43.53452" lon="3.10305">
        <ele>317.5</ele>
      </trkpt>
      <trkpt lat="43.53481" lon="3.10319">
        <ele>318.3</ele>
      </trkpt>
      <trkpt lat="43.53521" lon="3.10329">
        <ele>314</ele>
      </trkpt>
      <trkpt lat="43.53546" lon="3.10317">
        <ele>313.7</ele>
      </trkpt>
      <trkpt lat="43.53573" lon="3.10296">
        <ele>314.1</ele>
      </trkpt>
      <trkpt lat="43.53578" lon="3.1028">
        <ele>316.5</ele>
      </trkpt>
      <trkpt lat="43.53584" lon="3.1027">
        <ele>318</ele>
      </trkpt>
      <trkpt lat="43.53609" lon="3.10271">
        <ele>315.4</ele>
      </trkpt>
      <trkpt lat="43.53629" lon="3.10271">
        <ele>313.8</ele>
      </trkpt>
      <trkpt lat="43.53647" lon="3.10263">
        <ele>313.7</ele>
      </trkpt>
      <trkpt lat="43.53662" lon="3.10251">
        <ele>313.9</ele>
      </trkpt>
      <trkpt lat="43.53695" lon="3.1021">
        <ele>313.7</ele>
      </trkpt>
      <trkpt lat="43.53714" lon="3.10177">
        <ele>315.3</ele>
      </trkpt>
      <trkpt lat="43.53743" lon="3.10134">
        <ele>313.6</ele>
      </trkpt>
      <trkpt lat="43.5377" lon="3.10081">
        <ele>313</ele>
      </trkpt>
      <trkpt lat="43.53782" lon="3.10043">
        <ele>311.4</ele>
      </trkpt>
      <trkpt lat="43.53782" lon="3.10024">
        <ele>312.3</ele>
      </trkpt>
      <trkpt lat="43.53781" lon="3.0999">
        <ele>313.8</ele>
      </trkpt>
      <trkpt lat="43.53782" lon="3.09952">
        <ele>313.8</ele>
      </trkpt>
      <trkpt lat="43.53786" lon="3.0993">
        <ele>312.9</ele>
      </trkpt>
      <trkpt lat="43.53792" lon="3.09906">
        <ele>311.7</ele>
      </trkpt>
      <trkpt lat="43.538" lon="3.0989">
        <ele>308.8</ele>
      </trkpt>
      <trkpt lat="43.53815" lon="3.09896">
        <ele>308.2</ele>
      </trkpt>
      <trkpt lat="43.53839" lon="3.09955">
        <ele>305.7</ele>
      </trkpt>
      <trkpt lat="43.53855" lon="3.10006">
        <ele>304.7</ele>
      </trkpt>
      <trkpt lat="43.53875" lon="3.10034">
        <ele>305.9</ele>
      </trkpt>
      <trkpt lat="43.5388" lon="3.10062">
        <ele>307.1</ele>
      </trkpt>
      <trkpt lat="43.53872" lon="3.10094">
        <ele>308.7</ele>
      </trkpt>
      <trkpt lat="43.53859" lon="3.10111">
        <ele>308.4</ele>
      </trkpt>
      <trkpt lat="43.5384" lon="3.10134">
        <ele>305.6</ele>
      </trkpt>
      <trkpt lat="43.53832" lon="3.1017">
        <ele>306.4</ele>
      </trkpt>
      <trkpt lat="43.5383" lon="3.10194">
        <ele>305.9</ele>
      </trkpt>
      <trkpt lat="43.53838" lon="3.10216">
        <ele>304.3</ele>
      </trkpt>
      <trkpt lat="43.5387" lon="3.10253">
        <ele>307.1</ele>
      </trkpt>
      <trkpt lat="43.53871" lon="3.1026">
        <ele>308.8</ele>
      </trkpt>
      <trkpt lat="43.5387" lon="3.10269">
        <ele>310.6</ele>
      </trkpt>
      <trkpt lat="43.53847" lon="3.10274">
        <ele>311.3</ele>
      </trkpt>
      <trkpt lat="43.53818" lon="3.10277">
        <ele>309.1</ele>
      </trkpt>
      <trkpt lat="43.53804" lon="3.10294">
        <ele>309.9</ele>
      </trkpt>
      <trkpt lat="43.53772" lon="3.10351">
        <ele>310.1</ele>
      </trkpt>
      <trkpt lat="43.53762" lon="3.10385">
        <ele>306.9</ele>
      </trkpt>
      <trkpt lat="43.53768" lon="3.10404">
        <ele>308.5</ele>
      </trkpt>
      <trkpt lat="43.53775" lon="3.1043">
        <ele>311.7</ele>
      </trkpt>
      <trkpt lat="43.53769" lon="3.10452">
        <ele>313.1</ele>
      </trkpt>
      <trkpt lat="43.53748" lon="3.10472">
        <ele>316.1</ele>
      </trkpt>
      <trkpt lat="43.53742" lon="3.10475">
        <ele>317.5</ele>
      </trkpt>
      <trkpt lat="43.5372" lon="3.10465">
        <ele>316</ele>
      </trkpt>
      <trkpt lat="43.53699" lon="3.10466">
        <ele>316.3</ele>
      </trkpt>
      <trkpt lat="43.53668" lon="3.10486">
        <ele>318.2</ele>
      </trkpt>
      <trkpt lat="43.53647" lon="3.10509">
        <ele>320.6</ele>
      </trkpt>
      <trkpt lat="43.53615" lon="3.10526">
        <ele>320.9</ele>
      </trkpt>
      <trkpt lat="43.53575" lon="3.10536">
        <ele>320.4</ele>
      </trkpt>
      <trkpt lat="43.53529" lon="3.10542">
        <ele>318.8</ele>
      </trkpt>
      <trkpt lat="43.53461" lon="3.10555">
        <ele>315.1</ele>
      </trkpt>
      <trkpt lat="43.53437" lon="3.10567">
        <ele>314.5</ele>
      </trkpt>
      <trkpt lat="43.53417" lon="3.10584">
        <ele>313.2</ele>
      </trkpt>
      <trkpt lat="43.53396" lon="3.10616">
        <ele>312.2</ele>
      </trkpt>
      <trkpt lat="43.53388" lon="3.10636">
        <ele>311.4</ele>
      </trkpt>
      <trkpt lat="43.53388" lon="3.10654">
        <ele>307.4</ele>
      </trkpt>
      <trkpt lat="43.53401" lon="3.10667">
        <ele>307.1</ele>
      </trkpt>
      <trkpt lat="43.53456" lon="3.10711">
        <ele>308.7</ele>
      </trkpt>
      <trkpt lat="43.5353" lon="3.10783">
        <ele>307.4</ele>
      </trkpt>
      <trkpt lat="43.53569" lon="3.10853">
        <ele>310.8</ele>
      </trkpt>
      <trkpt lat="43.53588" lon="3.10879">
        <ele>310.6</ele>
      </trkpt>
      <trkpt lat="43.53605" lon="3.10899">
        <ele>307.8</ele>
      </trkpt>
      <trkpt lat="43.53608" lon="3.10916">
        <ele>307</ele>
      </trkpt>
      <trkpt lat="43.53604" lon="3.10929">
        <ele>307.9</ele>
      </trkpt>
      <trkpt lat="43.53591" lon="3.10941">
        <ele>308.7</ele>
      </trkpt>
      <trkpt lat="43.53575" lon="3.10936">
        <ele>309.6</ele>
      </trkpt>
      <trkpt lat="43.53539" lon="3.10914">
        <ele>309.5</ele>
      </trkpt>
      <trkpt lat="43.53505" lon="3.10884">
        <ele>306.9</ele>
      </trkpt>
      <trkpt lat="43.53468" lon="3.10852">
        <ele>304.3</ele>
      </trkpt>
      <trkpt lat="43.53434" lon="3.10833">
        <ele>302.4</ele>
      </trkpt>
      <trkpt lat="43.53379" lon="3.10812">
        <ele>300.6</ele>
      </trkpt>
      <trkpt lat="43.53364" lon="3.1081">
        <ele>300</ele>
      </trkpt>
      <trkpt lat="43.53265" lon="3.10824">
        <ele>294</ele>
      </trkpt>
      <trkpt lat="43.53187" lon="3.10866">
        <ele>290.4</ele>
      </trkpt>
      <trkpt lat="43.53124" lon="3.10905">
        <ele>291.3</ele>
      </trkpt>
      <trkpt lat="43.53058" lon="3.10915">
        <ele>285.6</ele>
      </trkpt>
      <trkpt lat="43.5303" lon="3.10925">
        <ele>282.7</ele>
      </trkpt>
      <trkpt lat="43.53012" lon="3.10942">
        <ele>281.3</ele>
      </trkpt>
      <trkpt lat="43.53001" lon="3.10965">
        <ele>279.9</ele>
      </trkpt>
      <trkpt lat="43.52996" lon="3.10987">
        <ele>277.2</ele>
      </trkpt>
      <trkpt lat="43.53002" lon="3.11007">
        <ele>277.1</ele>
      </trkpt>
      <trkpt lat="43.53036" lon="3.11063">
        <ele>274.5</ele>
      </trkpt>
      <trkpt lat="43.53085" lon="3.11122">
        <ele>273.1</ele>
      </trkpt>
      <trkpt lat="43.53106" lon="3.11152">
        <ele>275.8</ele>
      </trkpt>
      <trkpt lat="43.53108" lon="3.11162">
        <ele>275.9</ele>
      </trkpt>
      <trkpt lat="43.53105" lon="3.11169">
        <ele>276.5</ele>
      </trkpt>
      <trkpt lat="43.53098" lon="3.11173">
        <ele>277.4</ele>
      </trkpt>
      <trkpt lat="43.53076" lon="3.11164">
        <ele>274.2</ele>
      </trkpt>
      <trkpt lat="43.53036" lon="3.11159">
        <ele>271.7</ele>
      </trkpt>
      <trkpt lat="43.52998" lon="3.11157">
        <ele>271.5</ele>
      </trkpt>
      <trkpt lat="43.52945" lon="3.11147">
        <ele>268.8</ele>
      </trkpt>
      <trkpt lat="43.52916" lon="3.11145">
        <ele>267.1</ele>
      </trkpt>
      <trkpt lat="43.52893" lon="3.11152">
        <ele>266.2</ele>
      </trkpt>
      <trkpt lat="43.52864" lon="3.1117">
        <ele>263.9</ele>
      </trkpt>
      <trkpt lat="43.52801" lon="3.11231">
        <ele>261.9</ele>
      </trkpt>
      <trkpt lat="43.52787" lon="3.11241">
        <ele>262.9</ele>
      </trkpt>
      <trkpt lat="43.52768" lon="3.11245">
        <ele>261.6</ele>
      </trkpt>
      <trkpt lat="43.52704" lon="3.1125">
        <ele>258.5</ele>
      </trkpt>
      <trkpt lat="43.52659" lon="3.11259">
        <ele>255.6</ele>
      </trkpt>
      <trkpt lat="43.52641" lon="3.11271">
        <ele>253.8</ele>
      </trkpt>
      <trkpt lat="43.5263" lon="3.11286">
        <ele>252.7</ele>
      </trkpt>
      <trkpt lat="43.52616" lon="3.11309">
        <ele>251.7</ele>
      </trkpt>
      <trkpt lat="43.52588" lon="3.11369">
        <ele>247.5</ele>
      </trkpt>
      <trkpt lat="43.52585" lon="3.11383">
        <ele>246.3</ele>
      </trkpt>
      <trkpt lat="43.52584" lon="3.11424">
        <ele>247.8</ele>
      </trkpt>
      <trkpt lat="43.52574" lon="3.11441">
        <ele>249.5</ele>
      </trkpt>
      <trkpt lat="43.52537" lon="3.11459">
        <ele>246.9</ele>
      </trkpt>
      <trkpt lat="43.52503" lon="3.11483">
        <ele>244.6</ele>
      </trkpt>
      <trkpt lat="43.52477" lon="3.11506">
        <ele>243.1</ele>
      </trkpt>
      <trkpt lat="43.5247" lon="3.11516">
        <ele>242.3</ele>
      </trkpt>
      <trkpt lat="43.52461" lon="3.11556">
        <ele>241.8</ele>
      </trkpt>
      <trkpt lat="43.52454" lon="3.11567">
        <ele>242.4</ele>
      </trkpt>
      <trkpt lat="43.52417" lon="3.11593">
        <ele>239.5</ele>
      </trkpt>
      <trkpt lat="43.52409" lon="3.11602">
        <ele>238.3</ele>
      </trkpt>
      <trkpt lat="43.52398" lon="3.11627">
        <ele>236.6</ele>
      </trkpt>
      <trkpt lat="43.52396" lon="3.11643">
        <ele>235.9</ele>
      </trkpt>
      <trkpt lat="43.52403" lon="3.11704">
        <ele>235.9</ele>
      </trkpt>
      <trkpt lat="43.52393" lon="3.11748">
        <ele>234</ele>
      </trkpt>
      <trkpt lat="43.52387" lon="3.11792">
        <ele>232.6</ele>
      </trkpt>
      <trkpt lat="43.5235" lon="3.11878">
        <ele>230.3</ele>
      </trkpt>
      <trkpt lat="43.52295" lon="3.11907">
        <ele>230.4</ele>
      </trkpt>
      <trkpt lat="43.52251" lon="3.11937">
        <ele>227.7</ele>
      </trkpt>
      <trkpt lat="43.52219" lon="3.11964">
        <ele>223.3</ele>
      </trkpt>
      <trkpt lat="43.52198" lon="3.11993">
        <ele>220.4</ele>
      </trkpt>
      <trkpt lat="43.52091" lon="3.12215">
        <ele>206.7</ele>
      </trkpt>
      <trkpt lat="43.52067" lon="3.12256">
        <ele>205.5</ele>
      </trkpt>
      <trkpt lat="43.52067" lon="3.12256">
        <ele>205.5</ele>
      </trkpt>
      <trkpt lat="43.52053" lon="3.12286">
        <ele>206</ele>
      </trkpt>
      <trkpt lat="43.52044" lon="3.12314">
        <ele>208.9</ele>
      </trkpt>
      <trkpt lat="43.5204" lon="3.12339">
        <ele>209.8</ele>
      </trkpt>
      <trkpt lat="43.52036" lon="3.12381">
        <ele>208.5</ele>
      </trkpt>
      <trkpt lat="43.5204" lon="3.12516">
        <ele>197.6</ele>
      </trkpt>
      <trkpt lat="43.52016" lon="3.12675">
        <ele>191.6</ele>
      </trkpt>
      <trkpt lat="43.51998" lon="3.12762">
        <ele>191</ele>
      </trkpt>
      <trkpt lat="43.51989" lon="3.12906">
        <ele>184.7</ele>
      </trkpt>
      <trkpt lat="43.51978" lon="3.12947">
        <ele>183.4</ele>
      </trkpt>
      <trkpt lat="43.51964" lon="3.12986">
        <ele>186.3</ele>
      </trkpt>
      <trkpt lat="43.51982" lon="3.1301">
        <ele>185.3</ele>
      </trkpt>
      <trkpt lat="43.52001" lon="3.13049">
        <ele>183.9</ele>
      </trkpt>
      <trkpt lat="43.52044" lon="3.1318">
        <ele>178.4</ele>
      </trkpt>
      <trkpt lat="43.52067" lon="3.13222">
        <ele>174.9</ele>
      </trkpt>
      <trkpt lat="43.52076" lon="3.13242">
        <ele>172.6</ele>
      </trkpt>
      <trkpt lat="43.52085" lon="3.13276">
        <ele>169.8</ele>
      </trkpt>
      <trkpt lat="43.52085" lon="3.1329">
        <ele>169.4</ele>
      </trkpt>
      <trkpt lat="43.52072" lon="3.13332">
        <ele>170.5</ele>
      </trkpt>
      <trkpt lat="43.52052" lon="3.13374">
        <ele>168.5</ele>
      </trkpt>
      <trkpt lat="43.5202" lon="3.13428">
        <ele>166.7</ele>
      </trkpt>
      <trkpt lat="43.52015" lon="3.1344">
        <ele>166</ele>
      </trkpt>
      <trkpt lat="43.52015" lon="3.13453">
        <ele>164.5</ele>
      </trkpt>
      <trkpt lat="43.5204" lon="3.13497">
        <ele>165.1</ele>
      </trkpt>
      <trkpt lat="43.52038" lon="3.13518">
        <ele>166.8</ele>
      </trkpt>
      <trkpt lat="43.52027" lon="3.13534">
        <ele>167.4</ele>
      </trkpt>
      <trkpt lat="43.51997" lon="3.13577">
        <ele>166.3</ele>
      </trkpt>
      <trkpt lat="43.51985" lon="3.13623">
        <ele>165.8</ele>
      </trkpt>
      <trkpt lat="43.51857" lon="3.14295">
        <ele>165.6</ele>
      </trkpt>
      <trkpt lat="43.51842" lon="3.14325">
        <ele>165.3</ele>
      </trkpt>
      <trkpt lat="43.51831" lon="3.14337">
        <ele>165.1</ele>
      </trkpt>
      <trkpt lat="43.51813" lon="3.14347">
        <ele>164.6</ele>
      </trkpt>
      <trkpt lat="43.51794" lon="3.14365">
        <ele>164.6</ele>
      </trkpt>
      <trkpt lat="43.51776" lon="3.14399">
        <ele>164.4</ele>
      </trkpt>
      <trkpt lat="43.5177" lon="3.14445">
        <ele>164.6</ele>
      </trkpt>
      <trkpt lat="43.51759" lon="3.14612">
        <ele>165.7</ele>
      </trkpt>
      <trkpt lat="43.51749" lon="3.14631">
        <ele>164.9</ele>
      </trkpt>
      <trkpt lat="43.5174" lon="3.14683">
        <ele>165.4</ele>
      </trkpt>
      <trkpt lat="43.51725" lon="3.14709">
        <ele>166</ele>
      </trkpt>
      <trkpt lat="43.51695" lon="3.14764">
        <ele>170.5</ele>
      </trkpt>
      <trkpt lat="43.51676" lon="3.148">
        <ele>175</ele>
      </trkpt>
      <trkpt lat="43.51644" lon="3.14847">
        <ele>178.8</ele>
      </trkpt>
      <trkpt lat="43.51624" lon="3.14876">
        <ele>179.5</ele>
      </trkpt>
      <trkpt lat="43.51578" lon="3.14922">
        <ele>175.1</ele>
      </trkpt>
      <trkpt lat="43.51559" lon="3.14942">
        <ele>171.7</ele>
      </trkpt>
      <trkpt lat="43.51544" lon="3.14969">
        <ele>170.9</ele>
      </trkpt>
      <trkpt lat="43.51528" lon="3.14988">
        <ele>168.2</ele>
      </trkpt>
      <trkpt lat="43.51503" lon="3.15032">
        <ele>163.5</ele>
      </trkpt>
      <trkpt lat="43.51482" lon="3.15078">
        <ele>159.3</ele>
      </trkpt>
      <trkpt lat="43.51472" lon="3.15107">
        <ele>156.2</ele>
      </trkpt>
      <trkpt lat="43.51467" lon="3.15119">
        <ele>155.7</ele>
      </trkpt>
      <trkpt lat="43.51456" lon="3.15125">
        <ele>155.3</ele>
      </trkpt>
      <trkpt lat="43.51443" lon="3.15133">
        <ele>154.4</ele>
      </trkpt>
      <trkpt lat="43.5143" lon="3.15155">
        <ele>153.4</ele>
      </trkpt>
      <trkpt lat="43.51397" lon="3.15198">
        <ele>151.7</ele>
      </trkpt>
      <trkpt lat="43.51352" lon="3.15248">
        <ele>148.4</ele>
      </trkpt>
      <trkpt lat="43.51329" lon="3.15268">
        <ele>147.7</ele>
      </trkpt>
      <trkpt lat="43.51304" lon="3.15274">
        <ele>148.1</ele>
      </trkpt>
      <trkpt lat="43.51274" lon="3.15282">
        <ele>148.9</ele>
      </trkpt>
      <trkpt lat="43.51242" lon="3.15305">
        <ele>147.4</ele>
      </trkpt>
      <trkpt lat="43.51227" lon="3.15312">
        <ele>147.1</ele>
      </trkpt>
      <trkpt lat="43.51213" lon="3.15314">
        <ele>148.3</ele>
      </trkpt>
      <trkpt lat="43.5115" lon="3.15365">
        <ele>147.2</ele>
      </trkpt>
      <trkpt lat="43.51101" lon="3.15394">
        <ele>146.7</ele>
      </trkpt>
      <trkpt lat="43.51082" lon="3.15404">
        <ele>147.5</ele>
      </trkpt>
      <trkpt lat="43.51051" lon="3.15415">
        <ele>148.2</ele>
      </trkpt>
      <trkpt lat="43.5102" lon="3.15437">
        <ele>148</ele>
      </trkpt>
      <trkpt lat="43.50998" lon="3.15471">
        <ele>143.6</ele>
      </trkpt>
      <trkpt lat="43.50968" lon="3.15508">
        <ele>141.6</ele>
      </trkpt>
      <trkpt lat="43.5093" lon="3.1555">
        <ele>139</ele>
      </trkpt>
      <trkpt lat="43.5089" lon="3.15581">
        <ele>136.7</ele>
      </trkpt>
      <trkpt lat="43.50884" lon="3.15596">
        <ele>135.5</ele>
      </trkpt>
      <trkpt lat="43.50877" lon="3.15617">
        <ele>134.8</ele>
      </trkpt>
      <trkpt lat="43.50881" lon="3.15626">
        <ele>135.2</ele>
      </trkpt>
      <trkpt lat="43.50894" lon="3.15651">
        <ele>136.4</ele>
      </trkpt>
      <trkpt lat="43.50902" lon="3.15677">
        <ele>137.7</ele>
      </trkpt>
      <trkpt lat="43.50905" lon="3.15694">
        <ele>138.9</ele>
      </trkpt>
      <trkpt lat="43.50902" lon="3.15702">
        <ele>140.5</ele>
      </trkpt>
      <trkpt lat="43.50877" lon="3.1571">
        <ele>141.6</ele>
      </trkpt>
      <trkpt lat="43.5084" lon="3.15723">
        <ele>141.6</ele>
      </trkpt>
      <trkpt lat="43.50824" lon="3.15736">
        <ele>144.6</ele>
      </trkpt>
      <trkpt lat="43.50819" lon="3.15751">
        <ele>147.1</ele>
      </trkpt>
      <trkpt lat="43.508" lon="3.1583">
        <ele>154.4</ele>
      </trkpt>
      <trkpt lat="43.50793" lon="3.15881">
        <ele>158.3</ele>
      </trkpt>
      <trkpt lat="43.50788" lon="3.15884">
        <ele>158.6</ele>
      </trkpt>
      <trkpt lat="43.50764" lon="3.15883">
        <ele>160</ele>
      </trkpt>
      <trkpt lat="43.5074" lon="3.15893">
        <ele>160.8</ele>
      </trkpt>
      <trkpt lat="43.50728" lon="3.15893">
        <ele>160.8</ele>
      </trkpt>
      <trkpt lat="43.50712" lon="3.15883">
        <ele>160.7</ele>
      </trkpt>
      <trkpt lat="43.50673" lon="3.15844">
        <ele>160.5</ele>
      </trkpt>
      <trkpt lat="43.50638" lon="3.15806">
        <ele>160.9</ele>
      </trkpt>
      <trkpt lat="43.50582" lon="3.1576">
        <ele>164.5</ele>
      </trkpt>
      <trkpt lat="43.50498" lon="3.15686">
        <ele>160.1</ele>
      </trkpt>
      <trkpt lat="43.50487" lon="3.15679">
        <ele>159.7</ele>
      </trkpt>
      <trkpt lat="43.50472" lon="3.1569">
        <ele>158.1</ele>
      </trkpt>
      <trkpt lat="43.50414" lon="3.1575">
        <ele>154</ele>
      </trkpt>
      <trkpt lat="43.50385" lon="3.15777">
        <ele>151.9</ele>
      </trkpt>
      <trkpt lat="43.50372" lon="3.15801">
        <ele>150.5</ele>
      </trkpt>
      <trkpt lat="43.50344" lon="3.15843">
        <ele>148.6</ele>
      </trkpt>
      <trkpt lat="43.50343" lon="3.15855">
        <ele>148.4</ele>
      </trkpt>
      <trkpt lat="43.5036" lon="3.15865">
        <ele>148.8</ele>
      </trkpt>
      <trkpt lat="43.50413" lon="3.15891">
        <ele>148.1</ele>
      </trkpt>
      <trkpt lat="43.5043" lon="3.15891">
        <ele>147.4</ele>
      </trkpt>
      <trkpt lat="43.50455" lon="3.15884">
        <ele>146.3</ele>
      </trkpt>
      <trkpt lat="43.50466" lon="3.15893">
        <ele>144.4</ele>
      </trkpt>
      <trkpt lat="43.50469" lon="3.15922">
        <ele>142.2</ele>
      </trkpt>
      <trkpt lat="43.50473" lon="3.15975">
        <ele>139.8</ele>
      </trkpt>
      <trkpt lat="43.50481" lon="3.16013">
        <ele>136.7</ele>
      </trkpt>
      <trkpt lat="43.5048" lon="3.16037">
        <ele>135.5</ele>
      </trkpt>
      <trkpt lat="43.50475" lon="3.16068">
        <ele>132</ele>
      </trkpt>
      <trkpt lat="43.50464" lon="3.16087">
        <ele>128.8</ele>
      </trkpt>
      <trkpt lat="43.50443" lon="3.16099">
        <ele>127.8</ele>
      </trkpt>
      <trkpt lat="43.5042" lon="3.16099">
        <ele>129.4</ele>
      </trkpt>
      <trkpt lat="43.50383" lon="3.1609">
        <ele>128.4</ele>
      </trkpt>
      <trkpt lat="43.50336" lon="3.16083">
        <ele>126.2</ele>
      </trkpt>
      <trkpt lat="43.50318" lon="3.16092">
        <ele>124.6</ele>
      </trkpt>
      <trkpt lat="43.50309" lon="3.1611">
        <ele>122.2</ele>
      </trkpt>
      <trkpt lat="43.50304" lon="3.16141">
        <ele>120.2</ele>
      </trkpt>
      <trkpt lat="43.5029" lon="3.16173">
        <ele>122.9</ele>
      </trkpt>
      <trkpt lat="43.50274" lon="3.16206">
        <ele>126.5</ele>
      </trkpt>
      <trkpt lat="43.5025" lon="3.16239">
        <ele>130.4</ele>
      </trkpt>
      <trkpt lat="43.50232" lon="3.16274">
        <ele>132.9</ele>
      </trkpt>
      <trkpt lat="43.50211" lon="3.16337">
        <ele>136</ele>
      </trkpt>
      <trkpt lat="43.50181" lon="3.16407">
        <ele>141.7</ele>
      </trkpt>
      <trkpt lat="43.50169" lon="3.16464">
        <ele>145.7</ele>
      </trkpt>
      <trkpt lat="43.50156" lon="3.16502">
        <ele>147.2</ele>
      </trkpt>
      <trkpt lat="43.50137" lon="3.16535">
        <ele>149.1</ele>
      </trkpt>
      <trkpt lat="43.5011" lon="3.16576">
        <ele>151.7</ele>
      </trkpt>
      <trkpt lat="43.50079" lon="3.16609">
        <ele>149.5</ele>
      </trkpt>
      <trkpt lat="43.50062" lon="3.16641">
        <ele>146.6</ele>
      </trkpt>
      <trkpt lat="43.50037" lon="3.1668">
        <ele>143.2</ele>
      </trkpt>
      <trkpt lat="43.50015" lon="3.16698">
        <ele>145</ele>
      </trkpt>
      <trkpt lat="43.49967" lon="3.16725">
        <ele>150.8</ele>
      </trkpt>
      <trkpt lat="43.49954" lon="3.16726">
        <ele>151.8</ele>
      </trkpt>
      <trkpt lat="43.49927" lon="3.16758">
        <ele>155.5</ele>
      </trkpt>
      <trkpt lat="43.49905" lon="3.16769">
        <ele>158.2</ele>
      </trkpt>
      <trkpt lat="43.4988" lon="3.16777">
        <ele>160</ele>
      </trkpt>
      <trkpt lat="43.49859" lon="3.16802">
        <ele>160.9</ele>
      </trkpt>
      <trkpt lat="43.49853" lon="3.16812">
        <ele>161</ele>
      </trkpt>
      <trkpt lat="43.4985" lon="3.16835">
        <ele>161</ele>
      </trkpt>
      <trkpt lat="43.49844" lon="3.16839">
        <ele>160.8</ele>
      </trkpt>
      <trkpt lat="43.49835" lon="3.16843">
        <ele>160.7</ele>
      </trkpt>
      <trkpt lat="43.49822" lon="3.16852">
        <ele>159.9</ele>
      </trkpt>
      <trkpt lat="43.49818" lon="3.16881">
        <ele>158.8</ele>
      </trkpt>
      <trkpt lat="43.49801" lon="3.1687">
        <ele>158.4</ele>
      </trkpt>
      <trkpt lat="43.49774" lon="3.16904">
        <ele>155.5</ele>
      </trkpt>
      <trkpt lat="43.49745" lon="3.16959">
        <ele>153.5</ele>
      </trkpt>
      <trkpt lat="43.4969" lon="3.17059">
        <ele>145.7</ele>
      </trkpt>
      <trkpt lat="43.4967" lon="3.17071">
        <ele>143.1</ele>
      </trkpt>
      <trkpt lat="43.496" lon="3.17135">
        <ele>132.1</ele>
      </trkpt>
      <trkpt lat="43.49474" lon="3.17246">
        <ele>118.2</ele>
      </trkpt>
      <trkpt lat="43.49326" lon="3.17395">
        <ele>113</ele>
      </trkpt>
      <trkpt lat="43.49273" lon="3.1744">
        <ele>112.8</ele>
      </trkpt>
      <trkpt lat="43.49263" lon="3.17463">
        <ele>113.7</ele>
      </trkpt>
      <trkpt lat="43.49264" lon="3.17507">
        <ele>115</ele>
      </trkpt>
      <trkpt lat="43.49267" lon="3.17535">
        <ele>115</ele>
      </trkpt>
      <trkpt lat="43.49274" lon="3.17567">
        <ele>115</ele>
      </trkpt>
      <trkpt lat="43.49259" lon="3.17587">
        <ele>114.9</ele>
      </trkpt>
      <trkpt lat="43.49254" lon="3.176">
        <ele>114.5</ele>
      </trkpt>
      <trkpt lat="43.49265" lon="3.17616">
        <ele>114.5</ele>
      </trkpt>
      <trkpt lat="43.49278" lon="3.17614">
        <ele>115</ele>
      </trkpt>
      <trkpt lat="43.49283" lon="3.17645">
        <ele>115.2</ele>
      </trkpt>
      <trkpt lat="43.49272" lon="3.17732">
        <ele>114.8</ele>
      </trkpt>
      <trkpt lat="43.4927" lon="3.17777">
        <ele>115.7</ele>
      </trkpt>
      <trkpt lat="43.49271" lon="3.17905">
        <ele>114.7</ele>
      </trkpt>
      <trkpt lat="43.49267" lon="3.17932">
        <ele>114.4</ele>
      </trkpt>
      <trkpt lat="43.49248" lon="3.17949">
        <ele>113.2</ele>
      </trkpt>
      <trkpt lat="43.49188" lon="3.17993">
        <ele>112.8</ele>
      </trkpt>
      <trkpt lat="43.49119" lon="3.18047">
        <ele>111.3</ele>
      </trkpt>
      <trkpt lat="43.49048" lon="3.18104">
        <ele>110.2</ele>
      </trkpt>
      <trkpt lat="43.49024" lon="3.18122">
        <ele>111</ele>
      </trkpt>
      <trkpt lat="43.49006" lon="3.18147">
        <ele>111.9</ele>
      </trkpt>
      <trkpt lat="43.49001" lon="3.18161">
        <ele>112</ele>
      </trkpt>
      <trkpt lat="43.49001" lon="3.18184">
        <ele>112.6</ele>
      </trkpt>
      <trkpt lat="43.49002" lon="3.18221">
        <ele>113.9</ele>
      </trkpt>
      <trkpt lat="43.48993" lon="3.1826">
        <ele>115</ele>
      </trkpt>
      <trkpt lat="43.48975" lon="3.18327">
        <ele>117.7</ele>
      </trkpt>
      <trkpt lat="43.48963" lon="3.18349">
        <ele>119.2</ele>
      </trkpt>
      <trkpt lat="43.48924" lon="3.18397">
        <ele>121.4</ele>
      </trkpt>
      <trkpt lat="43.48911" lon="3.18421">
        <ele>122.2</ele>
      </trkpt>
      <trkpt lat="43.48897" lon="3.18443">
        <ele>122.7</ele>
      </trkpt>
      <trkpt lat="43.48872" lon="3.18478">
        <ele>123.5</ele>
      </trkpt>
      <trkpt lat="43.48845" lon="3.18524">
        <ele>123.7</ele>
      </trkpt>
      <trkpt lat="43.48823" lon="3.18551">
        <ele>123.2</ele>
      </trkpt>
      <trkpt lat="43.48789" lon="3.18574">
        <ele>122.1</ele>
      </trkpt>
      <trkpt lat="43.48767" lon="3.18577">
        <ele>122.6</ele>
      </trkpt>
      <trkpt lat="43.48728" lon="3.18597">
        <ele>123.3</ele>
      </trkpt>
      <trkpt lat="43.4867" lon="3.18624">
        <ele>123.5</ele>
      </trkpt>
      <trkpt lat="43.48629" lon="3.18646">
        <ele>123.8</ele>
      </trkpt>
      <trkpt lat="43.4859" lon="3.18671">
        <ele>123.8</ele>
      </trkpt>
      <trkpt lat="43.48542" lon="3.18703">
        <ele>124.5</ele>
      </trkpt>
      <trkpt lat="43.48457" lon="3.18762">
        <ele>126.8</ele>
      </trkpt>
      <trkpt lat="43.48419" lon="3.1879">
        <ele>128.9</ele>
      </trkpt>
      <trkpt lat="43.48376" lon="3.18828">
        <ele>132.4</ele>
      </trkpt>
      <trkpt lat="43.48351" lon="3.18864">
        <ele>133.8</ele>
      </trkpt>
      <trkpt lat="43.48321" lon="3.18898">
        <ele>135.6</ele>
      </trkpt>
      <trkpt lat="43.48303" lon="3.18906">
        <ele>136.7</ele>
      </trkpt>
      <trkpt lat="43.48271" lon="3.18899">
        <ele>137.5</ele>
      </trkpt>
      <trkpt lat="43.48254" lon="3.18906">
        <ele>138</ele>
      </trkpt>
      <trkpt lat="43.48218" lon="3.18946">
        <ele>139.2</ele>
      </trkpt>
      <trkpt lat="43.48155" lon="3.19018">
        <ele>142.4</ele>
      </trkpt>
      <trkpt lat="43.48088" lon="3.19095">
        <ele>144.9</ele>
      </trkpt>
      <trkpt lat="43.48061" lon="3.19145">
        <ele>146.8</ele>
      </trkpt>
      <trkpt lat="43.48035" lon="3.19199">
        <ele>148.6</ele>
      </trkpt>
      <trkpt lat="43.48006" lon="3.19243">
        <ele>149.9</ele>
      </trkpt>
      <trkpt lat="43.47962" lon="3.19318">
        <ele>150.2</ele>
      </trkpt>
      <trkpt lat="43.47956" lon="3.19324">
        <ele>150.4</ele>
      </trkpt>
      <trkpt lat="43.47928" lon="3.1932">
        <ele>149.9</ele>
      </trkpt>
      <trkpt lat="43.47898" lon="3.19331">
        <ele>149.3</ele>
      </trkpt>
      <trkpt lat="43.47852" lon="3.19342">
        <ele>146.8</ele>
      </trkpt>
      <trkpt lat="43.478" lon="3.19362">
        <ele>144.8</ele>
      </trkpt>
      <trkpt lat="43.47731" lon="3.19386">
        <ele>144.1</ele>
      </trkpt>
      <trkpt lat="43.47683" lon="3.19402">
        <ele>143.5</ele>
      </trkpt>
      <trkpt lat="43.47646" lon="3.1942">
        <ele>143.3</ele>
      </trkpt>
      <trkpt lat="43.47635" lon="3.19434">
        <ele>142.6</ele>
      </trkpt>
      <trkpt lat="43.47621" lon="3.19465">
        <ele>141.8</ele>
      </trkpt>
      <trkpt lat="43.47604" lon="3.19475">
        <ele>140.5</ele>
      </trkpt>
      <trkpt lat="43.47539" lon="3.195">
        <ele>139</ele>
      </trkpt>
      <trkpt lat="43.47535" lon="3.19505">
        <ele>139.7</ele>
      </trkpt>
      <trkpt lat="43.4754" lon="3.19514">
        <ele>140.6</ele>
      </trkpt>
      <trkpt lat="43.47548" lon="3.19544">
        <ele>142.4</ele>
      </trkpt>
      <trkpt lat="43.47555" lon="3.19574">
        <ele>143.7</ele>
      </trkpt>
      <trkpt lat="43.47555" lon="3.19598">
        <ele>143.4</ele>
      </trkpt>
      <trkpt lat="43.47561" lon="3.19628">
        <ele>143.3</ele>
      </trkpt>
      <trkpt lat="43.47562" lon="3.19655">
        <ele>144.5</ele>
      </trkpt>
      <trkpt lat="43.47566" lon="3.19665">
        <ele>145.3</ele>
      </trkpt>
      <trkpt lat="43.47595" lon="3.1972">
        <ele>148.8</ele>
      </trkpt>
      <trkpt lat="43.47613" lon="3.19764">
        <ele>150.6</ele>
      </trkpt>
      <trkpt lat="43.47618" lon="3.19797">
        <ele>151.5</ele>
      </trkpt>
      <trkpt lat="43.47622" lon="3.19828">
        <ele>152.1</ele>
      </trkpt>
      <trkpt lat="43.47637" lon="3.19855">
        <ele>154.5</ele>
      </trkpt>
      <trkpt lat="43.47637" lon="3.19866">
        <ele>154.9</ele>
      </trkpt>
      <trkpt lat="43.47631" lon="3.19932">
        <ele>156.1</ele>
      </trkpt>
      <trkpt lat="43.4763" lon="3.19956">
        <ele>156.8</ele>
      </trkpt>
      <trkpt lat="43.47631" lon="3.19985">
        <ele>159.4</ele>
      </trkpt>
      <trkpt lat="43.4763" lon="3.20005">
        <ele>159.4</ele>
      </trkpt>
      <trkpt lat="43.47636" lon="3.20032">
        <ele>162.1</ele>
      </trkpt>
      <trkpt lat="43.47636" lon="3.20055">
        <ele>164.5</ele>
      </trkpt>
      <trkpt lat="43.47639" lon="3.20072">
        <ele>165</ele>
      </trkpt>
      <trkpt lat="43.4765" lon="3.20095">
        <ele>164.4</ele>
      </trkpt>
      <trkpt lat="43.47656" lon="3.20215">
        <ele>164.1</ele>
      </trkpt>
      <trkpt lat="43.4766" lon="3.20256">
        <ele>163.3</ele>
      </trkpt>
      <trkpt lat="43.47661" lon="3.20295">
        <ele>162.1</ele>
      </trkpt>
      <trkpt lat="43.47675" lon="3.20352">
        <ele>159.4</ele>
      </trkpt>
      <trkpt lat="43.47678" lon="3.20395">
        <ele>157</ele>
      </trkpt>
      <trkpt lat="43.47677" lon="3.20437">
        <ele>153.3</ele>
      </trkpt>
      <trkpt lat="43.47673" lon="3.20457">
        <ele>151.4</ele>
      </trkpt>
      <trkpt lat="43.47669" lon="3.20459">
        <ele>151</ele>
      </trkpt>
      <trkpt lat="43.47643" lon="3.20461">
        <ele>148.9</ele>
      </trkpt>
      <trkpt lat="43.4761" lon="3.2046">
        <ele>149</ele>
      </trkpt>
      <trkpt lat="43.47529" lon="3.20473">
        <ele>146</ele>
      </trkpt>
      <trkpt lat="43.47478" lon="3.20493">
        <ele>144.1</ele>
      </trkpt>
      <trkpt lat="43.4743" lon="3.20519">
        <ele>142.2</ele>
      </trkpt>
      <trkpt lat="43.47391" lon="3.2054">
        <ele>140.2</ele>
      </trkpt>
      <trkpt lat="43.47327" lon="3.20558">
        <ele>134.2</ele>
      </trkpt>
      <trkpt lat="43.47288" lon="3.20591">
        <ele>131.3</ele>
      </trkpt>
      <trkpt lat="43.47284" lon="3.20608">
        <ele>130.8</ele>
      </trkpt>
      <trkpt lat="43.47283" lon="3.20651">
        <ele>128</ele>
      </trkpt>
      <trkpt lat="43.4728" lon="3.20679">
        <ele>125.2</ele>
      </trkpt>
      <trkpt lat="43.47283" lon="3.20715">
        <ele>122.5</ele>
      </trkpt>
      <trkpt lat="43.47276" lon="3.20762">
        <ele>117.4</ele>
      </trkpt>
      <trkpt lat="43.47273" lon="3.20779">
        <ele>114.9</ele>
      </trkpt>
      <trkpt lat="43.47286" lon="3.20835">
        <ele>110.8</ele>
      </trkpt>
      <trkpt lat="43.47364" lon="3.20797">
        <ele>106</ele>
      </trkpt>
      <trkpt lat="43.47366" lon="3.20805">
        <ele>105.2</ele>
      </trkpt>
      <trkpt lat="43.4736" lon="3.20814">
        <ele>104.6</ele>
      </trkpt>
      <trkpt lat="43.473" lon="3.20844">
        <ele>108.3</ele>
      </trkpt>
      <trkpt lat="43.47301" lon="3.20855">
        <ele>106.8</ele>
      </trkpt>
      <trkpt lat="43.47325" lon="3.20931">
        <ele>103.5</ele>
      </trkpt>
      <trkpt lat="43.47328" lon="3.20969">
        <ele>103</ele>
      </trkpt>
      <trkpt lat="43.47331" lon="3.21037">
        <ele>101.7</ele>
      </trkpt>
      <trkpt lat="43.47326" lon="3.21057">
        <ele>101</ele>
      </trkpt>
      <trkpt lat="43.47305" lon="3.2111">
        <ele>100.1</ele>
      </trkpt>
      <trkpt lat="43.47304" lon="3.2112">
        <ele>100.1</ele>
      </trkpt>
      <trkpt lat="43.47302" lon="3.2115">
        <ele>100.1</ele>
      </trkpt>
      <trkpt lat="43.47292" lon="3.21205">
        <ele>99.1</ele>
      </trkpt>
      <trkpt lat="43.47295" lon="3.21228">
        <ele>98.2</ele>
      </trkpt>
      <trkpt lat="43.47302" lon="3.21268">
        <ele>96.6</ele>
      </trkpt>
      <trkpt lat="43.47317" lon="3.21305">
        <ele>95.9</ele>
      </trkpt>
      <trkpt lat="43.47323" lon="3.21331">
        <ele>86.2</ele>
      </trkpt>
      <trkpt lat="43.47354" lon="3.21412">
        <ele>84</ele>
      </trkpt>
      <trkpt lat="43.47367" lon="3.21423">
        <ele>85.2</ele>
      </trkpt>
      <trkpt lat="43.47375" lon="3.21424">
        <ele>85.6</ele>
      </trkpt>
      <trkpt lat="43.4738" lon="3.2142">
        <ele>85.8</ele>
      </trkpt>
      <trkpt lat="43.47389" lon="3.21389">
        <ele>86</ele>
      </trkpt>
      <trkpt lat="43.47405" lon="3.21321">
        <ele>89.6</ele>
      </trkpt>
      <trkpt lat="43.47408" lon="3.21292">
        <ele>90</ele>
      </trkpt>
      <trkpt lat="43.47415" lon="3.21256">
        <ele>90.3</ele>
      </trkpt>
      <trkpt lat="43.47427" lon="3.2125">
        <ele>90.7</ele>
      </trkpt>
      <trkpt lat="43.47443" lon="3.21252">
        <ele>92.4</ele>
      </trkpt>
      <trkpt lat="43.47505" lon="3.21293">
        <ele>97.9</ele>
      </trkpt>
      <trkpt lat="43.47512" lon="3.21311">
        <ele>99.4</ele>
      </trkpt>
      <trkpt lat="43.47503" lon="3.2136">
        <ele>100.1</ele>
      </trkpt>
      <trkpt lat="43.47523" lon="3.214">
        <ele>99.9</ele>
      </trkpt>
      <trkpt lat="43.47535" lon="3.21423">
        <ele>100</ele>
      </trkpt>
      <trkpt lat="43.47518" lon="3.21488">
        <ele>100</ele>
      </trkpt>
      <trkpt lat="43.47567" lon="3.21575">
        <ele>101.4</ele>
      </trkpt>
      <trkpt lat="43.4756" lon="3.21605">
        <ele>102.8</ele>
      </trkpt>
      <trkpt lat="43.47561" lon="3.21632">
        <ele>103.1</ele>
      </trkpt>
      <trkpt lat="43.47568" lon="3.21657">
        <ele>104.1</ele>
      </trkpt>
      <trkpt lat="43.47675" lon="3.21793">
        <ele>110.8</ele>
      </trkpt>
      <trkpt lat="43.47736" lon="3.21897">
        <ele>115.6</ele>
      </trkpt>
      <trkpt lat="43.47736" lon="3.21909">
        <ele>115.9</ele>
      </trkpt>
      <trkpt lat="43.47724" lon="3.21966">
        <ele>118.8</ele>
      </trkpt>
      <trkpt lat="43.47818" lon="3.22178">
        <ele>124.4</ele>
      </trkpt>
      <trkpt lat="43.47835" lon="3.22191">
        <ele>124</ele>
      </trkpt>
      <trkpt lat="43.47894" lon="3.22192">
        <ele>130.1</ele>
      </trkpt>
      <trkpt lat="43.47898" lon="3.22194">
        <ele>130.3</ele>
      </trkpt>
      <trkpt lat="43.47901" lon="3.22243">
        <ele>132.6</ele>
      </trkpt>
      <trkpt lat="43.47917" lon="3.22314">
        <ele>125.2</ele>
      </trkpt>
      <trkpt lat="43.47929" lon="3.22359">
        <ele>131</ele>
      </trkpt>
      <trkpt lat="43.47952" lon="3.22413">
        <ele>129.4</ele>
      </trkpt>
      <trkpt lat="43.47962" lon="3.22449">
        <ele>130.8</ele>
      </trkpt>
      <trkpt lat="43.47971" lon="3.22507">
        <ele>133.2</ele>
      </trkpt>
      <trkpt lat="43.47979" lon="3.22565">
        <ele>134.3</ele>
      </trkpt>
      <trkpt lat="43.48009" lon="3.22679">
        <ele>133.9</ele>
      </trkpt>
      <trkpt lat="43.48027" lon="3.22736">
        <ele>132.5</ele>
      </trkpt>
      <trkpt lat="43.48045" lon="3.22771">
        <ele>131.9</ele>
      </trkpt>
      <trkpt lat="43.48044" lon="3.22791">
        <ele>124.8</ele>
      </trkpt>
      <trkpt lat="43.48038" lon="3.22823">
        <ele>130.5</ele>
      </trkpt>
      <trkpt lat="43.4804" lon="3.22846">
        <ele>130.2</ele>
      </trkpt>
      <trkpt lat="43.48051" lon="3.22898">
        <ele>128.7</ele>
      </trkpt>
      <trkpt lat="43.48056" lon="3.22969">
        <ele>119</ele>
      </trkpt>
      <trkpt lat="43.48055" lon="3.23068">
        <ele>122.7</ele>
      </trkpt>
      <trkpt lat="43.4805" lon="3.23083">
        <ele>121.2</ele>
      </trkpt>
      <trkpt lat="43.48042" lon="3.23098">
        <ele>119.9</ele>
      </trkpt>
      <trkpt lat="43.48028" lon="3.23136">
        <ele>110</ele>
      </trkpt>
      <trkpt lat="43.4802" lon="3.23164">
        <ele>114.9</ele>
      </trkpt>
      <trkpt lat="43.48022" lon="3.23174">
        <ele>114.8</ele>
      </trkpt>
      <trkpt lat="43.48057" lon="3.23198">
        <ele>114.5</ele>
      </trkpt>
      <trkpt lat="43.48061" lon="3.23212">
        <ele>116.3</ele>
      </trkpt>
      <trkpt lat="43.4804" lon="3.23273">
        <ele>116.8</ele>
      </trkpt>
      <trkpt lat="43.48045" lon="3.23286">
        <ele>120.6</ele>
      </trkpt>
      <trkpt lat="43.48083" lon="3.23345">
        <ele>123.4</ele>
      </trkpt>
      <trkpt lat="43.48126" lon="3.23378">
        <ele>119.8</ele>
      </trkpt>
      <trkpt lat="43.4814" lon="3.23401">
        <ele>124.4</ele>
      </trkpt>
      <trkpt lat="43.48173" lon="3.23487">
        <ele>126</ele>
      </trkpt>
      <trkpt lat="43.4819" lon="3.23542">
        <ele>126.5</ele>
      </trkpt>
      <trkpt lat="43.48243" lon="3.23697">
        <ele>132.2</ele>
      </trkpt>
      <trkpt lat="43.48265" lon="3.237">
        <ele>132.3</ele>
      </trkpt>
      <trkpt lat="43.48283" lon="3.23721">
        <ele>133.7</ele>
      </trkpt>
      <trkpt lat="43.48318" lon="3.23764">
        <ele>135.3</ele>
      </trkpt>
      <trkpt lat="43.48339" lon="3.23801">
        <ele>128.2</ele>
      </trkpt>
      <trkpt lat="43.48361" lon="3.23852">
        <ele>134.7</ele>
      </trkpt>
      <trkpt lat="43.4837" lon="3.23881">
        <ele>124.4</ele>
      </trkpt>
      <trkpt lat="43.48376" lon="3.23934">
        <ele>132.6</ele>
      </trkpt>
      <trkpt lat="43.48404" lon="3.23991">
        <ele>129.2</ele>
      </trkpt>
      <trkpt lat="43.48411" lon="3.24015">
        <ele>127.8</ele>
      </trkpt>
      <trkpt lat="43.48446" lon="3.24153">
        <ele>126.1</ele>
      </trkpt>
      <trkpt lat="43.48451" lon="3.24186">
        <ele>126.3</ele>
      </trkpt>
      <trkpt lat="43.48473" lon="3.24251">
        <ele>128.2</ele>
      </trkpt>
      <trkpt lat="43.48505" lon="3.2431">
        <ele>132.3</ele>
      </trkpt>
      <trkpt lat="43.48577" lon="3.24447">
        <ele>131.7</ele>
      </trkpt>
      <trkpt lat="43.48578" lon="3.24465">
        <ele>131.1</ele>
      </trkpt>
      <trkpt lat="43.48567" lon="3.24475">
        <ele>123.4</ele>
      </trkpt>
      <trkpt lat="43.4856" lon="3.24485">
        <ele>130.2</ele>
      </trkpt>
      <trkpt lat="43.48572" lon="3.24537">
        <ele>130</ele>
      </trkpt>
      <trkpt lat="43.48589" lon="3.24592">
        <ele>130</ele>
      </trkpt>
      <trkpt lat="43.48609" lon="3.24644">
        <ele>129.7</ele>
      </trkpt>
      <trkpt lat="43.48632" lon="3.24728">
        <ele>126.2</ele>
      </trkpt>
      <trkpt lat="43.48634" lon="3.24763">
        <ele>123.1</ele>
      </trkpt>
      <trkpt lat="43.48628" lon="3.24847">
        <ele>118.3</ele>
      </trkpt>
      <trkpt lat="43.48627" lon="3.24884">
        <ele>114.4</ele>
      </trkpt>
      <trkpt lat="43.4862" lon="3.24899">
        <ele>113.5</ele>
      </trkpt>
      <trkpt lat="43.4861" lon="3.2491">
        <ele>113</ele>
      </trkpt>
      <trkpt lat="43.48596" lon="3.24915">
        <ele>113.3</ele>
      </trkpt>
      <trkpt lat="43.48591" lon="3.24937">
        <ele>111.4</ele>
      </trkpt>
      <trkpt lat="43.48626" lon="3.24995">
        <ele>112.1</ele>
      </trkpt>
      <trkpt lat="43.48644" lon="3.25035">
        <ele>113.4</ele>
      </trkpt>
      <trkpt lat="43.48704" lon="3.2514">
        <ele>116.7</ele>
      </trkpt>
      <trkpt lat="43.48733" lon="3.25185">
        <ele>118.7</ele>
      </trkpt>
      <trkpt lat="43.48735" lon="3.25193">
        <ele>112.6</ele>
      </trkpt>
      <trkpt lat="43.48697" lon="3.25253">
        <ele>117.4</ele>
      </trkpt>
      <trkpt lat="43.48659" lon="3.25309">
        <ele>116.4</ele>
      </trkpt>
      <trkpt lat="43.48645" lon="3.25317">
        <ele>115.4</ele>
      </trkpt>
      <trkpt lat="43.48622" lon="3.25326">
        <ele>114.4</ele>
      </trkpt>
      <trkpt lat="43.48565" lon="3.25363">
        <ele>112.3</ele>
      </trkpt>
      <trkpt lat="43.48528" lon="3.25396">
        <ele>110.3</ele>
      </trkpt>
      <trkpt lat="43.48496" lon="3.25429">
        <ele>109.4</ele>
      </trkpt>
      <trkpt lat="43.48464" lon="3.25469">
        <ele>107.5</ele>
      </trkpt>
      <trkpt lat="43.48462" lon="3.25477">
        <ele>107.4</ele>
      </trkpt>
      <trkpt lat="43.48461" lon="3.25497">
        <ele>108.1</ele>
      </trkpt>
      <trkpt lat="43.48456" lon="3.25509">
        <ele>102.4</ele>
      </trkpt>
      <trkpt lat="43.48435" lon="3.25526">
        <ele>109.2</ele>
      </trkpt>
      <trkpt lat="43.4839" lon="3.25587">
        <ele>109.2</ele>
      </trkpt>
      <trkpt lat="43.48392" lon="3.25593">
        <ele>109.7</ele>
      </trkpt>
      <trkpt lat="43.48414" lon="3.25648">
        <ele>115.3</ele>
      </trkpt>
      <trkpt lat="43.48439" lon="3.25693">
        <ele>118.6</ele>
      </trkpt>
      <trkpt lat="43.48448" lon="3.25728">
        <ele>110.8</ele>
      </trkpt>
      <trkpt lat="43.48443" lon="3.2574">
        <ele>118</ele>
      </trkpt>
      <trkpt lat="43.48432" lon="3.25752">
        <ele>116.2</ele>
      </trkpt>
      <trkpt lat="43.48431" lon="3.25766">
        <ele>115.7</ele>
      </trkpt>
      <trkpt lat="43.4847" lon="3.25835">
        <ele>118.5</ele>
      </trkpt>
      <trkpt lat="43.4848" lon="3.25844">
        <ele>118.6</ele>
      </trkpt>
      <trkpt lat="43.48472" lon="3.25852">
        <ele>116.9</ele>
      </trkpt>
      <trkpt lat="43.48462" lon="3.25849">
        <ele>115.9</ele>
      </trkpt>
      <trkpt lat="43.48405" lon="3.25877">
        <ele>101</ele>
      </trkpt>
      <trkpt lat="43.48384" lon="3.25884">
        <ele>109</ele>
      </trkpt>
      <trkpt lat="43.48342" lon="3.25889">
        <ele>99.4</ele>
      </trkpt>
      <trkpt lat="43.48335" lon="3.25894">
        <ele>106.1</ele>
      </trkpt>
      <trkpt lat="43.48358" lon="3.25935">
        <ele>99.2</ele>
      </trkpt>
      <trkpt lat="43.48391" lon="3.25986">
        <ele>106.6</ele>
      </trkpt>
      <trkpt lat="43.48434" lon="3.2606">
        <ele>97.4</ele>
      </trkpt>
      <trkpt lat="43.48451" lon="3.26093">
        <ele>104.4</ele>
      </trkpt>
      <trkpt lat="43.48462" lon="3.26136">
        <ele>105.6</ele>
      </trkpt>
      <trkpt lat="43.4851" lon="3.26243">
        <ele>96.4</ele>
      </trkpt>
      <trkpt lat="43.48515" lon="3.26262">
        <ele>103.6</ele>
      </trkpt>
      <trkpt lat="43.48511" lon="3.26277">
        <ele>95.2</ele>
      </trkpt>
      <trkpt lat="43.48384" lon="3.26429">
        <ele>87.8</ele>
      </trkpt>
      <trkpt lat="43.48376" lon="3.26447">
        <ele>96</ele>
      </trkpt>
      <trkpt lat="43.48374" lon="3.26493">
        <ele>87.4</ele>
      </trkpt>
      <trkpt lat="43.4838" lon="3.26525">
        <ele>95</ele>
      </trkpt>
      <trkpt lat="43.48385" lon="3.26575">
        <ele>87.6</ele>
      </trkpt>
      <trkpt lat="43.48388" lon="3.26609">
        <ele>93.1</ele>
      </trkpt>
      <trkpt lat="43.48385" lon="3.26648">
        <ele>92.8</ele>
      </trkpt>
      <trkpt lat="43.48391" lon="3.26661">
        <ele>92.3</ele>
      </trkpt>
      <trkpt lat="43.48424" lon="3.26699">
        <ele>94.2</ele>
      </trkpt>
      <trkpt lat="43.4846" lon="3.26731">
        <ele>88.6</ele>
      </trkpt>
      <trkpt lat="43.48469" lon="3.26743">
        <ele>94.9</ele>
      </trkpt>
      <trkpt lat="43.48464" lon="3.26776">
        <ele>94.7</ele>
      </trkpt>
      <trkpt lat="43.48462" lon="3.26793">
        <ele>94.9</ele>
      </trkpt>
      <trkpt lat="43.48464" lon="3.26812">
        <ele>87.4</ele>
      </trkpt>
      <trkpt lat="43.48489" lon="3.26888">
        <ele>94.6</ele>
      </trkpt>
      <trkpt lat="43.48505" lon="3.26948">
        <ele>91.6</ele>
      </trkpt>
      <trkpt lat="43.48552" lon="3.27105">
        <ele>90.7</ele>
      </trkpt>
      <trkpt lat="43.48564" lon="3.27153">
        <ele>83</ele>
      </trkpt>
      <trkpt lat="43.48571" lon="3.27191">
        <ele>90</ele>
      </trkpt>
      <trkpt lat="43.48571" lon="3.27253">
        <ele>81</ele>
      </trkpt>
      <trkpt lat="43.48569" lon="3.27298">
        <ele>88</ele>
      </trkpt>
      <trkpt lat="43.48559" lon="3.27339">
        <ele>78.8</ele>
      </trkpt>
      <trkpt lat="43.48526" lon="3.27406">
        <ele>85.4</ele>
      </trkpt>
      <trkpt lat="43.48503" lon="3.27454">
        <ele>82.8</ele>
      </trkpt>
      <trkpt lat="43.48478" lon="3.27537">
        <ele>80.7</ele>
      </trkpt>
      <trkpt lat="43.48468" lon="3.27561">
        <ele>80.1</ele>
      </trkpt>
      <trkpt lat="43.48466" lon="3.27602">
        <ele>82.6</ele>
      </trkpt>
      <trkpt lat="43.48435" lon="3.27691">
        <ele>84.2</ele>
      </trkpt>
      <trkpt lat="43.48404" lon="3.27778">
        <ele>84.5</ele>
      </trkpt>
      <trkpt lat="43.48408" lon="3.27806">
        <ele>84.4</ele>
      </trkpt>
      <trkpt lat="43.484" lon="3.2781">
        <ele>83.9</ele>
      </trkpt>
      <trkpt lat="43.48385" lon="3.27812">
        <ele>82.6</ele>
      </trkpt>
      <trkpt lat="43.48375" lon="3.27811">
        <ele>81</ele>
      </trkpt>
      <trkpt lat="43.48361" lon="3.27807">
        <ele>79</ele>
      </trkpt>
      <trkpt lat="43.48334" lon="3.2783">
        <ele>74.3</ele>
      </trkpt>
      <trkpt lat="43.48329" lon="3.27836">
        <ele>73.7</ele>
      </trkpt>
      <trkpt lat="43.48321" lon="3.2784">
        <ele>73.2</ele>
      </trkpt>
      <trkpt lat="43.483" lon="3.27874">
        <ele>72.7</ele>
      </trkpt>
      <trkpt lat="43.48297" lon="3.27889">
        <ele>72</ele>
      </trkpt>
      <trkpt lat="43.48306" lon="3.27926">
        <ele>71.8</ele>
      </trkpt>
      <trkpt lat="43.48309" lon="3.2796">
        <ele>71.3</ele>
      </trkpt>
      <trkpt lat="43.4826" lon="3.27961">
        <ele>71.9</ele>
      </trkpt>
      <trkpt lat="43.48258" lon="3.27977">
        <ele>70.3</ele>
      </trkpt>
      <trkpt lat="43.48216" lon="3.28034">
        <ele>68.6</ele>
      </trkpt>
      <trkpt lat="43.4821" lon="3.2805">
        <ele>69.7</ele>
      </trkpt>
      <trkpt lat="43.48212" lon="3.28084">
        <ele>70.4</ele>
      </trkpt>
      <trkpt lat="43.48206" lon="3.28094">
        <ele>70.7</ele>
      </trkpt>
      <trkpt lat="43.48182" lon="3.28111">
        <ele>71</ele>
      </trkpt>
      <trkpt lat="43.48109" lon="3.28189">
        <ele>65.6</ele>
      </trkpt>
      <trkpt lat="43.48101" lon="3.28207">
        <ele>71.1</ele>
      </trkpt>
      <trkpt lat="43.48105" lon="3.28218">
        <ele>72</ele>
      </trkpt>
      <trkpt lat="43.48159" lon="3.28268">
        <ele>74.6</ele>
      </trkpt>
      <trkpt lat="43.48164" lon="3.28281">
        <ele>68</ele>
      </trkpt>
      <trkpt lat="43.48152" lon="3.2829">
        <ele>75.5</ele>
      </trkpt>
      <trkpt lat="43.48133" lon="3.28307">
        <ele>74.7</ele>
      </trkpt>
      <trkpt lat="43.48095" lon="3.28331">
        <ele>75.1</ele>
      </trkpt>
      <trkpt lat="43.48057" lon="3.28348">
        <ele>68.4</ele>
      </trkpt>
      <trkpt lat="43.48041" lon="3.28354">
        <ele>73.2</ele>
      </trkpt>
      <trkpt lat="43.48032" lon="3.2837">
        <ele>73.9</ele>
      </trkpt>
      <trkpt lat="43.48" lon="3.28447">
        <ele>74.8</ele>
      </trkpt>
      <trkpt lat="43.47996" lon="3.28464">
        <ele>73.4</ele>
      </trkpt>
      <trkpt lat="43.48003" lon="3.28502">
        <ele>74.1</ele>
      </trkpt>
      <trkpt lat="43.47999" lon="3.28514">
        <ele>73.5</ele>
      </trkpt>
      <trkpt lat="43.4795" lon="3.2856">
        <ele>71.7</ele>
      </trkpt>
      <trkpt lat="43.47923" lon="3.28592">
        <ele>71.1</ele>
      </trkpt>
      <trkpt lat="43.47892" lon="3.28643">
        <ele>60.4</ele>
      </trkpt>
      <trkpt lat="43.47761" lon="3.2875">
        <ele>57.6</ele>
      </trkpt>
      <trkpt lat="43.47757" lon="3.28761">
        <ele>65.1</ele>
      </trkpt>
      <trkpt lat="43.47759" lon="3.28771">
        <ele>57.8</ele>
      </trkpt>
      <trkpt lat="43.47774" lon="3.28808">
        <ele>64.9</ele>
      </trkpt>
      <trkpt lat="43.47806" lon="3.2886">
        <ele>65.9</ele>
      </trkpt>
      <trkpt lat="43.47846" lon="3.28931">
        <ele>59</ele>
      </trkpt>
      <trkpt lat="43.47852" lon="3.28973">
        <ele>59</ele>
      </trkpt>
      <trkpt lat="43.47848" lon="3.28996">
        <ele>66.4</ele>
      </trkpt>
      <trkpt lat="43.47845" lon="3.29006">
        <ele>58.8</ele>
      </trkpt>
      <trkpt lat="43.47812" lon="3.29037">
        <ele>58.8</ele>
      </trkpt>
      <trkpt lat="43.47764" lon="3.29065">
        <ele>65.9</ele>
      </trkpt>
      <trkpt lat="43.47746" lon="3.29075">
        <ele>65.7</ele>
      </trkpt>
      <trkpt lat="43.47725" lon="3.29076">
        <ele>65.3</ele>
      </trkpt>
      <trkpt lat="43.4771" lon="3.29087">
        <ele>65.6</ele>
      </trkpt>
      <trkpt lat="43.47699" lon="3.29108">
        <ele>65.2</ele>
      </trkpt>
      <trkpt lat="43.47653" lon="3.29196">
        <ele>65</ele>
      </trkpt>
      <trkpt lat="43.47619" lon="3.29255">
        <ele>65</ele>
      </trkpt>
      <trkpt lat="43.47601" lon="3.29275">
        <ele>65</ele>
      </trkpt>
      <trkpt lat="43.47581" lon="3.29285">
        <ele>65</ele>
      </trkpt>
      <trkpt lat="43.47495" lon="3.29313">
        <ele>55</ele>
      </trkpt>
      <trkpt lat="43.47489" lon="3.29325">
        <ele>55.6</ele>
      </trkpt>
      <trkpt lat="43.4749" lon="3.29335">
        <ele>62.1</ele>
      </trkpt>
      <trkpt lat="43.47529" lon="3.29385">
        <ele>63.7</ele>
      </trkpt>
      <trkpt lat="43.47531" lon="3.29394">
        <ele>59</ele>
      </trkpt>
      <trkpt lat="43.47513" lon="3.29425">
        <ele>65.9</ele>
      </trkpt>
      <trkpt lat="43.47498" lon="3.29462">
        <ele>67.5</ele>
      </trkpt>
      <trkpt lat="43.47492" lon="3.29462">
        <ele>67.2</ele>
      </trkpt>
      <trkpt lat="43.47484" lon="3.29458">
        <ele>66.6</ele>
      </trkpt>
      <trkpt lat="43.47478" lon="3.29465">
        <ele>66.8</ele>
      </trkpt>
      <trkpt lat="43.47453" lon="3.29502">
        <ele>67.7</ele>
      </trkpt>
      <trkpt lat="43.47435" lon="3.2952">
        <ele>66.2</ele>
      </trkpt>
      <trkpt lat="43.47417" lon="3.29545">
        <ele>64.8</ele>
      </trkpt>
      <trkpt lat="43.47393" lon="3.29601">
        <ele>56.4</ele>
      </trkpt>
      <trkpt lat="43.47381" lon="3.29612">
        <ele>65.6</ele>
      </trkpt>
      <trkpt lat="43.47324" lon="3.29661">
        <ele>65.8</ele>
      </trkpt>
      <trkpt lat="43.47315" lon="3.29663">
        <ele>65.8</ele>
      </trkpt>
      <trkpt lat="43.4724" lon="3.29627">
        <ele>62.6</ele>
      </trkpt>
      <trkpt lat="43.47231" lon="3.29623">
        <ele>62.4</ele>
      </trkpt>
      <trkpt lat="43.47214" lon="3.29628">
        <ele>64</ele>
      </trkpt>
      <trkpt lat="43.47205" lon="3.29625">
        <ele>64</ele>
      </trkpt>
      <trkpt lat="43.47186" lon="3.29616">
        <ele>62</ele>
      </trkpt>
      <trkpt lat="43.47162" lon="3.29611">
        <ele>61</ele>
      </trkpt>
      <trkpt lat="43.47145" lon="3.29613">
        <ele>61.1</ele>
      </trkpt>
      <trkpt lat="43.47125" lon="3.29612">
        <ele>61</ele>
      </trkpt>
      <trkpt lat="43.47076" lon="3.2964">
        <ele>61.5</ele>
      </trkpt>
      <trkpt lat="43.47112" lon="3.29693">
        <ele>63</ele>
      </trkpt>
      <trkpt lat="43.47127" lon="3.29703">
        <ele>64.5</ele>
      </trkpt>
      <trkpt lat="43.47146" lon="3.29704">
        <ele>66.8</ele>
      </trkpt>
      <trkpt lat="43.47166" lon="3.29712">
        <ele>70.6</ele>
      </trkpt>
      <trkpt lat="43.47192" lon="3.29738">
        <ele>75.3</ele>
      </trkpt>
      <trkpt lat="43.47232" lon="3.29786">
        <ele>79.7</ele>
      </trkpt>
      <trkpt lat="43.47243" lon="3.29796">
        <ele>80.4</ele>
      </trkpt>
      <trkpt lat="43.473" lon="3.29842">
        <ele>81.3</ele>
      </trkpt>
      <trkpt lat="43.47302" lon="3.29849">
        <ele>81.6</ele>
      </trkpt>
      <trkpt lat="43.47266" lon="3.29901">
        <ele>82.4</ele>
      </trkpt>
      <trkpt lat="43.47253" lon="3.29926">
        <ele>78</ele>
      </trkpt>
      <trkpt lat="43.47237" lon="3.29948">
        <ele>83.6</ele>
      </trkpt>
      <trkpt lat="43.47214" lon="3.29972">
        <ele>77.8</ele>
      </trkpt>
      <trkpt lat="43.47163" lon="3.30014">
        <ele>78.6</ele>
      </trkpt>
      <trkpt lat="43.47149" lon="3.30029">
        <ele>83.4</ele>
      </trkpt>
      <trkpt lat="43.47135" lon="3.30061">
        <ele>84</ele>
      </trkpt>
      <trkpt lat="43.47107" lon="3.30173">
        <ele>85.1</ele>
      </trkpt>
      <trkpt lat="43.47091" lon="3.30212">
        <ele>85.9</ele>
      </trkpt>
      <trkpt lat="43.47076" lon="3.3024">
        <ele>86.2</ele>
      </trkpt>
      <trkpt lat="43.47025" lon="3.30326">
        <ele>84</ele>
      </trkpt>
      <trkpt lat="43.46995" lon="3.30371">
        <ele>89.5</ele>
      </trkpt>
      <trkpt lat="43.46967" lon="3.30406">
        <ele>91.5</ele>
      </trkpt>
      <trkpt lat="43.46931" lon="3.30465">
        <ele>93.3</ele>
      </trkpt>
      <trkpt lat="43.46927" lon="3.30476">
        <ele>93.4</ele>
      </trkpt>
      <trkpt lat="43.46896" lon="3.30521">
        <ele>92.8</ele>
      </trkpt>
      <trkpt lat="43.46872" lon="3.30561">
        <ele>93.1</ele>
      </trkpt>
      <trkpt lat="43.46849" lon="3.30593">
        <ele>87.4</ele>
      </trkpt>
      <trkpt lat="43.4681" lon="3.30653">
        <ele>93.5</ele>
      </trkpt>
      <trkpt lat="43.46784" lon="3.30707">
        <ele>88.4</ele>
      </trkpt>
      <trkpt lat="43.46769" lon="3.30733">
        <ele>94.5</ele>
      </trkpt>
      <trkpt lat="43.46753" lon="3.30768">
        <ele>95.3</ele>
      </trkpt>
      <trkpt lat="43.4674" lon="3.30825">
        <ele>96.2</ele>
      </trkpt>
      <trkpt lat="43.46731" lon="3.30844">
        <ele>89.2</ele>
      </trkpt>
      <trkpt lat="43.46718" lon="3.30879">
        <ele>96.4</ele>
      </trkpt>
      <trkpt lat="43.46717" lon="3.30907">
        <ele>96</ele>
      </trkpt>
      <trkpt lat="43.46712" lon="3.30932">
        <ele>95.9</ele>
      </trkpt>
      <trkpt lat="43.467" lon="3.30976">
        <ele>96.3</ele>
      </trkpt>
      <trkpt lat="43.46694" lon="3.31011">
        <ele>93</ele>
      </trkpt>
      <trkpt lat="43.46688" lon="3.3102">
        <ele>97.8</ele>
      </trkpt>
      <trkpt lat="43.46634" lon="3.31049">
        <ele>95.8</ele>
      </trkpt>
      <trkpt lat="43.46622" lon="3.31063">
        <ele>100.7</ele>
      </trkpt>
      <trkpt lat="43.46617" lon="3.3109">
        <ele>102.8</ele>
      </trkpt>
      <trkpt lat="43.46617" lon="3.31133">
        <ele>104.2</ele>
      </trkpt>
      <trkpt lat="43.46606" lon="3.31187">
        <ele>103.8</ele>
      </trkpt>
      <trkpt lat="43.46595" lon="3.3122">
        <ele>103</ele>
      </trkpt>
      <trkpt lat="43.46551" lon="3.31339">
        <ele>102.9</ele>
      </trkpt>
      <trkpt lat="43.46553" lon="3.31351">
        <ele>103.5</ele>
      </trkpt>
      <trkpt lat="43.46571" lon="3.31386">
        <ele>104.5</ele>
      </trkpt>
      <trkpt lat="43.46595" lon="3.31453">
        <ele>105.5</ele>
      </trkpt>
      <trkpt lat="43.46612" lon="3.31526">
        <ele>105.9</ele>
      </trkpt>
      <trkpt lat="43.46636" lon="3.31605">
        <ele>107.8</ele>
      </trkpt>
      <trkpt lat="43.46666" lon="3.31677">
        <ele>100.8</ele>
      </trkpt>
      <trkpt lat="43.46724" lon="3.31802">
        <ele>108.1</ele>
      </trkpt>
      <trkpt lat="43.4673" lon="3.31815">
        <ele>107.9</ele>
      </trkpt>
      <trkpt lat="43.46796" lon="3.3198">
        <ele>103.8</ele>
      </trkpt>
      <trkpt lat="43.46822" lon="3.32034">
        <ele>102.8</ele>
      </trkpt>
      <trkpt lat="43.46841" lon="3.32086">
        <ele>102.2</ele>
      </trkpt>
      <trkpt lat="43.46841" lon="3.32095">
        <ele>101.9</ele>
      </trkpt>
      <trkpt lat="43.46822" lon="3.32137">
        <ele>100.5</ele>
      </trkpt>
      <trkpt lat="43.46818" lon="3.32155">
        <ele>100.3</ele>
      </trkpt>
      <trkpt lat="43.46822" lon="3.32194">
        <ele>93.6</ele>
      </trkpt>
      <trkpt lat="43.46817" lon="3.32198">
        <ele>99.1</ele>
      </trkpt>
      <trkpt lat="43.46807" lon="3.32211">
        <ele>99.3</ele>
      </trkpt>
      <trkpt lat="43.46799" lon="3.32209">
        <ele>100.1</ele>
      </trkpt>
      <trkpt lat="43.46753" lon="3.32134">
        <ele>102</ele>
      </trkpt>
      <trkpt lat="43.46735" lon="3.32106">
        <ele>102.2</ele>
      </trkpt>
      <trkpt lat="43.4672" lon="3.32086">
        <ele>94.8</ele>
      </trkpt>
      <trkpt lat="43.46704" lon="3.32069">
        <ele>102.7</ele>
      </trkpt>
      <trkpt lat="43.46695" lon="3.3207">
        <ele>102.5</ele>
      </trkpt>
      <trkpt lat="43.46673" lon="3.3212">
        <ele>101.7</ele>
      </trkpt>
      <trkpt lat="43.46646" lon="3.32195">
        <ele>100</ele>
      </trkpt>
      <trkpt lat="43.46617" lon="3.3228">
        <ele>90.8</ele>
      </trkpt>
      <trkpt lat="43.46617" lon="3.32292">
        <ele>98.4</ele>
      </trkpt>
      <trkpt lat="43.46625" lon="3.323">
        <ele>98.1</ele>
      </trkpt>
      <trkpt lat="43.46685" lon="3.32351">
        <ele>90.8</ele>
      </trkpt>
      <trkpt lat="43.46689" lon="3.32359">
        <ele>98.9</ele>
      </trkpt>
      <trkpt lat="43.46688" lon="3.32368">
        <ele>90.2</ele>
      </trkpt>
      <trkpt lat="43.46635" lon="3.32481">
        <ele>95.6</ele>
      </trkpt>
      <trkpt lat="43.46635" lon="3.32488">
        <ele>87.2</ele>
      </trkpt>
      <trkpt lat="43.46637" lon="3.32495">
        <ele>95.2</ele>
      </trkpt>
      <trkpt lat="43.46657" lon="3.32514">
        <ele>86.6</ele>
      </trkpt>
      <trkpt lat="43.46659" lon="3.32526">
        <ele>95</ele>
      </trkpt>
      <trkpt lat="43.46607" lon="3.32628">
        <ele>91</ele>
      </trkpt>
      <trkpt lat="43.46607" lon="3.32637">
        <ele>90.4</ele>
      </trkpt>
      <trkpt lat="43.46629" lon="3.32676">
        <ele>88.2</ele>
      </trkpt>
      <trkpt lat="43.46628" lon="3.32689">
        <ele>87.5</ele>
      </trkpt>
      <trkpt lat="43.46591" lon="3.32738">
        <ele>85.8</ele>
      </trkpt>
      <trkpt lat="43.46591" lon="3.32746">
        <ele>85.2</ele>
      </trkpt>
      <trkpt lat="43.46625" lon="3.32823">
        <ele>81.1</ele>
      </trkpt>
      <trkpt lat="43.46629" lon="3.32849">
        <ele>80</ele>
      </trkpt>
      <trkpt lat="43.46626" lon="3.32855">
        <ele>71.8</ele>
      </trkpt>
      <trkpt lat="43.46594" lon="3.3293">
        <ele>76</ele>
      </trkpt>
      <trkpt lat="43.46597" lon="3.32938">
        <ele>79.7</ele>
      </trkpt>
      <trkpt lat="43.46622" lon="3.32958">
        <ele>81.3</ele>
      </trkpt>
      <trkpt lat="43.46629" lon="3.32969">
        <ele>81.7</ele>
      </trkpt>
      <trkpt lat="43.46647" lon="3.33011">
        <ele>82.4</ele>
      </trkpt>
      <trkpt lat="43.46678" lon="3.33074">
        <ele>85.1</ele>
      </trkpt>
      <trkpt lat="43.46685" lon="3.33102">
        <ele>86.7</ele>
      </trkpt>
      <trkpt lat="43.46687" lon="3.33124">
        <ele>87.2</ele>
      </trkpt>
      <trkpt lat="43.46696" lon="3.33161">
        <ele>88</ele>
      </trkpt>
      <trkpt lat="43.46711" lon="3.33207">
        <ele>85.6</ele>
      </trkpt>
      <trkpt lat="43.4674" lon="3.33271">
        <ele>93.8</ele>
      </trkpt>
      <trkpt lat="43.4677" lon="3.33317">
        <ele>93.7</ele>
      </trkpt>
      <trkpt lat="43.46789" lon="3.33376">
        <ele>96.2</ele>
      </trkpt>
      <trkpt lat="43.46804" lon="3.33444">
        <ele>88.8</ele>
      </trkpt>
      <trkpt lat="43.4681" lon="3.33553">
        <ele>95.2</ele>
      </trkpt>
      <trkpt lat="43.46816" lon="3.33587">
        <ele>87.6</ele>
      </trkpt>
      <trkpt lat="43.46837" lon="3.33623">
        <ele>94.1</ele>
      </trkpt>
      <trkpt lat="43.46841" lon="3.33645">
        <ele>94.1</ele>
      </trkpt>
      <trkpt lat="43.46839" lon="3.33717">
        <ele>93.9</ele>
      </trkpt>
      <trkpt lat="43.46844" lon="3.33729">
        <ele>94</ele>
      </trkpt>
      <trkpt lat="43.46893" lon="3.33745">
        <ele>86.8</ele>
      </trkpt>
      <trkpt lat="43.46961" lon="3.33757">
        <ele>93.8</ele>
      </trkpt>
      <trkpt lat="43.47021" lon="3.33772">
        <ele>87.6</ele>
      </trkpt>
      <trkpt lat="43.4703" lon="3.33786">
        <ele>87.6</ele>
      </trkpt>
      <trkpt lat="43.46994" lon="3.33965">
        <ele>94.7</ele>
      </trkpt>
      <trkpt lat="43.46976" lon="3.34017">
        <ele>96.4</ele>
      </trkpt>
      <trkpt lat="43.47023" lon="3.34036">
        <ele>97.7</ele>
      </trkpt>
      <trkpt lat="43.47013" lon="3.34058">
        <ele>99</ele>
      </trkpt>
      <trkpt lat="43.47029" lon="3.34098">
        <ele>99.9</ele>
      </trkpt>
      <trkpt lat="43.47026" lon="3.34128">
        <ele>99.4</ele>
      </trkpt>
      <trkpt lat="43.47024" lon="3.34144">
        <ele>98.8</ele>
      </trkpt>
      <trkpt lat="43.47013" lon="3.34148">
        <ele>98.7</ele>
      </trkpt>
      <trkpt lat="43.47014" lon="3.34157">
        <ele>98.3</ele>
      </trkpt>
      <trkpt lat="43.46988" lon="3.34204">
        <ele>97.9</ele>
      </trkpt>
      <trkpt lat="43.46996" lon="3.34216">
        <ele>97.9</ele>
      </trkpt>
      <trkpt lat="43.47031" lon="3.3425">
        <ele>96.9</ele>
      </trkpt>
      <trkpt lat="43.47038" lon="3.3425">
        <ele>96.6</ele>
      </trkpt>
      <trkpt lat="43.4707" lon="3.34291">
        <ele>96.9</ele>
      </trkpt>
      <trkpt lat="43.47087" lon="3.34297">
        <ele>96.7</ele>
      </trkpt>
      <trkpt lat="43.47102" lon="3.34322">
        <ele>97.6</ele>
      </trkpt>
      <trkpt lat="43.47099" lon="3.34385">
        <ele>98.4</ele>
      </trkpt>
      <trkpt lat="43.47087" lon="3.34456">
        <ele>97.8</ele>
      </trkpt>
      <trkpt lat="43.47048" lon="3.34547">
        <ele>95.8</ele>
      </trkpt>
      <trkpt lat="43.46987" lon="3.3463">
        <ele>93.8</ele>
      </trkpt>
      <trkpt lat="43.46981" lon="3.34678">
        <ele>92.5</ele>
      </trkpt>
      <trkpt lat="43.46982" lon="3.34727">
        <ele>90.3</ele>
      </trkpt>
      <trkpt lat="43.46984" lon="3.34812">
        <ele>87.4</ele>
      </trkpt>
      <trkpt lat="43.46981" lon="3.34862">
        <ele>78</ele>
      </trkpt>
      <trkpt lat="43.46964" lon="3.34948">
        <ele>83.9</ele>
      </trkpt>
      <trkpt lat="43.46947" lon="3.35015">
        <ele>73.2</ele>
      </trkpt>
      <trkpt lat="43.4691" lon="3.35123">
        <ele>78.1</ele>
      </trkpt>
      <trkpt lat="43.4686" lon="3.35234">
        <ele>75.2</ele>
      </trkpt>
      <trkpt lat="43.46844" lon="3.35331">
        <ele>71.7</ele>
      </trkpt>
      <trkpt lat="43.46842" lon="3.35356">
        <ele>70.9</ele>
      </trkpt>
      <trkpt lat="43.46818" lon="3.35452">
        <ele>62</ele>
      </trkpt>
      <trkpt lat="43.46801" lon="3.35496">
        <ele>68</ele>
      </trkpt>
      <trkpt lat="43.46724" lon="3.35621">
        <ele>65.6</ele>
      </trkpt>
      <trkpt lat="43.4667" lon="3.35712">
        <ele>64.4</ele>
      </trkpt>
      <trkpt lat="43.46601" lon="3.35849">
        <ele>62</ele>
      </trkpt>
      <trkpt lat="43.46543" lon="3.35962">
        <ele>60.4</ele>
      </trkpt>
      <trkpt lat="43.46521" lon="3.36025">
        <ele>52</ele>
      </trkpt>
      <trkpt lat="43.46509" lon="3.36074">
        <ele>59.3</ele>
      </trkpt>
      <trkpt lat="43.46492" lon="3.36169">
        <ele>58.7</ele>
      </trkpt>
      <trkpt lat="43.46472" lon="3.36255">
        <ele>57</ele>
      </trkpt>
      <trkpt lat="43.46454" lon="3.36321">
        <ele>56.3</ele>
      </trkpt>
      <trkpt lat="43.4645" lon="3.36358">
        <ele>55.5</ele>
      </trkpt>
      <trkpt lat="43.46453" lon="3.36371">
        <ele>55.3</ele>
      </trkpt>
      <trkpt lat="43.46473" lon="3.3643">
        <ele>55</ele>
      </trkpt>
      <trkpt lat="43.46478" lon="3.36503">
        <ele>53.9</ele>
      </trkpt>
      <trkpt lat="43.46393" lon="3.36509">
        <ele>48.6</ele>
      </trkpt>
      <trkpt lat="43.46379" lon="3.36521">
        <ele>54.4</ele>
      </trkpt>
      <trkpt lat="43.46364" lon="3.36564">
        <ele>53.6</ele>
      </trkpt>
      <trkpt lat="43.46358" lon="3.36581">
        <ele>53.1</ele>
      </trkpt>
      <trkpt lat="43.46359" lon="3.36599">
        <ele>51.9</ele>
      </trkpt>
      <trkpt lat="43.46369" lon="3.36625">
        <ele>50.2</ele>
      </trkpt>
      <trkpt lat="43.46372" lon="3.36655">
        <ele>49.1</ele>
      </trkpt>
      <trkpt lat="43.46364" lon="3.3669">
        <ele>41</ele>
      </trkpt>
      <trkpt lat="43.46334" lon="3.36821">
        <ele>44.4</ele>
      </trkpt>
      <trkpt lat="43.46312" lon="3.36854">
        <ele>45</ele>
      </trkpt>
      <trkpt lat="43.4631" lon="3.36864">
        <ele>45.6</ele>
      </trkpt>
      <trkpt lat="43.46367" lon="3.36924">
        <ele>45.6</ele>
      </trkpt>
      <trkpt lat="43.46373" lon="3.3694">
        <ele>47</ele>
      </trkpt>
      <trkpt lat="43.46375" lon="3.3696">
        <ele>48.9</ele>
      </trkpt>
      <trkpt lat="43.46373" lon="3.36979">
        <ele>51</ele>
      </trkpt>
      <trkpt lat="43.46364" lon="3.36999">
        <ele>53</ele>
      </trkpt>
      <trkpt lat="43.46346" lon="3.37025">
        <ele>53.4</ele>
      </trkpt>
      <trkpt lat="43.46344" lon="3.37035">
        <ele>54.2</ele>
      </trkpt>
      <trkpt lat="43.46348" lon="3.37037">
        <ele>53.6</ele>
      </trkpt>
      <trkpt lat="43.46371" lon="3.37029">
        <ele>57.2</ele>
      </trkpt>
      <trkpt lat="43.46394" lon="3.37031">
        <ele>59.4</ele>
      </trkpt>
      <trkpt lat="43.46437" lon="3.37008">
        <ele>62.2</ele>
      </trkpt>
      <trkpt lat="43.46472" lon="3.37">
        <ele>67</ele>
      </trkpt>
      <trkpt lat="43.46478" lon="3.37003">
        <ele>62.8</ele>
      </trkpt>
      <trkpt lat="43.46529" lon="3.37061">
        <ele>66.6</ele>
      </trkpt>
      <trkpt lat="43.46541" lon="3.37076">
        <ele>69.7</ele>
      </trkpt>
      <trkpt lat="43.46546" lon="3.37101">
        <ele>70.4</ele>
      </trkpt>
      <trkpt lat="43.46553" lon="3.37117">
        <ele>71.3</ele>
      </trkpt>
      <trkpt lat="43.46573" lon="3.37132">
        <ele>73</ele>
      </trkpt>
      <trkpt lat="43.46595" lon="3.37159">
        <ele>76.1</ele>
      </trkpt>
      <trkpt lat="43.46602" lon="3.3718">
        <ele>78.6</ele>
      </trkpt>
      <trkpt lat="43.46611" lon="3.37192">
        <ele>80.7</ele>
      </trkpt>
      <trkpt lat="43.4662" lon="3.37204">
        <ele>81.3</ele>
      </trkpt>
      <trkpt lat="43.46622" lon="3.37218">
        <ele>80</ele>
      </trkpt>
      <trkpt lat="43.4662" lon="3.37232">
        <ele>83.3</ele>
      </trkpt>
      <trkpt lat="43.46607" lon="3.37257">
        <ele>85.4</ele>
      </trkpt>
      <trkpt lat="43.466" lon="3.37287">
        <ele>80.2</ele>
      </trkpt>
      <trkpt lat="43.46583" lon="3.37319">
        <ele>85</ele>
      </trkpt>
      <trkpt lat="43.46568" lon="3.37333">
        <ele>79.8</ele>
      </trkpt>
      <trkpt lat="43.46555" lon="3.37345">
        <ele>85</ele>
      </trkpt>
      <trkpt lat="43.46532" lon="3.37361">
        <ele>86.7</ele>
      </trkpt>
      <trkpt lat="43.46528" lon="3.37374">
        <ele>85.6</ele>
      </trkpt>
      <trkpt lat="43.4652" lon="3.37375">
        <ele>85.8</ele>
      </trkpt>
      <trkpt lat="43.46503" lon="3.3738">
        <ele>86.5</ele>
      </trkpt>
      <trkpt lat="43.46499" lon="3.37384">
        <ele>86.7</ele>
      </trkpt>
      <trkpt lat="43.46487" lon="3.37392">
        <ele>85.5</ele>
      </trkpt>
      <trkpt lat="43.46485" lon="3.37401">
        <ele>85</ele>
      </trkpt>
      <trkpt lat="43.46478" lon="3.37405">
        <ele>84.7</ele>
      </trkpt>
      <trkpt lat="43.46475" lon="3.37413">
        <ele>84.8</ele>
      </trkpt>
      <trkpt lat="43.46475" lon="3.3742">
        <ele>84.8</ele>
      </trkpt>
      <trkpt lat="43.4647" lon="3.37432">
        <ele>84.2</ele>
      </trkpt>
      <trkpt lat="43.46462" lon="3.37446">
        <ele>83.6</ele>
      </trkpt>
      <trkpt lat="43.46452" lon="3.37457">
        <ele>83.7</ele>
      </trkpt>
      <trkpt lat="43.46434" lon="3.37484">
        <ele>83.2</ele>
      </trkpt>
      <trkpt lat="43.46427" lon="3.37496">
        <ele>82.6</ele>
      </trkpt>
      <trkpt lat="43.46424" lon="3.37511">
        <ele>82.3</ele>
      </trkpt>
      <trkpt lat="43.46415" lon="3.3753">
        <ele>81.7</ele>
      </trkpt>
      <trkpt lat="43.46414" lon="3.37547">
        <ele>80.4</ele>
      </trkpt>
      <trkpt lat="43.46418" lon="3.37558">
        <ele>79.7</ele>
      </trkpt>
      <trkpt lat="43.46428" lon="3.37574">
        <ele>72</ele>
      </trkpt>
      <trkpt lat="43.46431" lon="3.37577">
        <ele>77.9</ele>
      </trkpt>
      <trkpt lat="43.46447" lon="3.37583">
        <ele>77.8</ele>
      </trkpt>
      <trkpt lat="43.46453" lon="3.37589">
        <ele>77.2</ele>
      </trkpt>
      <trkpt lat="43.46477" lon="3.37641">
        <ele>71.2</ele>
      </trkpt>
      <trkpt lat="43.46519" lon="3.3769">
        <ele>78</ele>
      </trkpt>
      <trkpt lat="43.46547" lon="3.37718">
        <ele>78.7</ele>
      </trkpt>
      <trkpt lat="43.46585" lon="3.37775">
        <ele>65.2</ele>
      </trkpt>
      <trkpt lat="43.46588" lon="3.37781">
        <ele>74</ele>
      </trkpt>
      <trkpt lat="43.46583" lon="3.37801">
        <ele>72.3</ele>
      </trkpt>
      <trkpt lat="43.46582" lon="3.37819">
        <ele>61.2</ele>
      </trkpt>
      <trkpt lat="43.46554" lon="3.37891">
        <ele>56.2</ele>
      </trkpt>
      <trkpt lat="43.46551" lon="3.37914">
        <ele>62.8</ele>
      </trkpt>
      <trkpt lat="43.46552" lon="3.37937">
        <ele>55.2</ele>
      </trkpt>
      <trkpt lat="43.46556" lon="3.37949">
        <ele>61.7</ele>
      </trkpt>
      <trkpt lat="43.46572" lon="3.37975">
        <ele>61.6</ele>
      </trkpt>
      <trkpt lat="43.46597" lon="3.38">
        <ele>55.2</ele>
      </trkpt>
      <trkpt lat="43.46612" lon="3.38002">
        <ele>55.4</ele>
      </trkpt>
      <trkpt lat="43.4667" lon="3.37963">
        <ele>62.3</ele>
      </trkpt>
      <trkpt lat="43.46699" lon="3.37936">
        <ele>61.7</ele>
      </trkpt>
      <trkpt lat="43.46705" lon="3.37937">
        <ele>48.2</ele>
      </trkpt>
      <trkpt lat="43.46732" lon="3.37944">
        <ele>57.1</ele>
      </trkpt>
      <trkpt lat="43.4677" lon="3.37937">
        <ele>53.4</ele>
      </trkpt>
      <trkpt lat="43.46776" lon="3.37948">
        <ele>51</ele>
      </trkpt>
      <trkpt lat="43.46728" lon="3.38081">
        <ele>46.6</ele>
      </trkpt>
      <trkpt lat="43.46727" lon="3.38096">
        <ele>45.3</ele>
      </trkpt>
      <trkpt lat="43.46739" lon="3.3813">
        <ele>41.6</ele>
      </trkpt>
      <trkpt lat="43.46749" lon="3.38142">
        <ele>33</ele>
      </trkpt>
      <trkpt lat="43.4676" lon="3.38145">
        <ele>40.8</ele>
      </trkpt>
      <trkpt lat="43.46763" lon="3.38149">
        <ele>33.4</ele>
      </trkpt>
      <trkpt lat="43.46698" lon="3.38173">
        <ele>41.9</ele>
      </trkpt>
      <trkpt lat="43.46673" lon="3.38176">
        <ele>43.3</ele>
      </trkpt>
      <trkpt lat="43.46581" lon="3.38169">
        <ele>48</ele>
      </trkpt>
      <trkpt lat="43.46532" lon="3.3818">
        <ele>49.4</ele>
      </trkpt>
      <trkpt lat="43.4651" lon="3.3818">
        <ele>49.5</ele>
      </trkpt>
      <trkpt lat="43.46498" lon="3.38186">
        <ele>49.4</ele>
      </trkpt>
      <trkpt lat="43.46471" lon="3.38189">
        <ele>50.2</ele>
      </trkpt>
      <trkpt lat="43.46453" lon="3.38198">
        <ele>50.7</ele>
      </trkpt>
      <trkpt lat="43.46428" lon="3.38217">
        <ele>51.6</ele>
      </trkpt>
      <trkpt lat="43.464" lon="3.38232">
        <ele>53</ele>
      </trkpt>
      <trkpt lat="43.4638" lon="3.38237">
        <ele>54</ele>
      </trkpt>
      <trkpt lat="43.46344" lon="3.38368">
        <ele>59.5</ele>
      </trkpt>
      <trkpt lat="43.46296" lon="3.38513">
        <ele>63.5</ele>
      </trkpt>
      <trkpt lat="43.463" lon="3.38531">
        <ele>62.9</ele>
      </trkpt>
      <trkpt lat="43.46309" lon="3.38539">
        <ele>62.2</ele>
      </trkpt>
      <trkpt lat="43.46356" lon="3.38569">
        <ele>62.4</ele>
      </trkpt>
      <trkpt lat="43.46261" lon="3.38859">
        <ele>68.4</ele>
      </trkpt>
      <trkpt lat="43.46246" lon="3.38921">
        <ele>69</ele>
      </trkpt>
      <trkpt lat="43.46226" lon="3.3898">
        <ele>67.6</ele>
      </trkpt>
      <trkpt lat="43.46184" lon="3.39097">
        <ele>64.7</ele>
      </trkpt>
      <trkpt lat="43.46177" lon="3.39118">
        <ele>63.4</ele>
      </trkpt>
      <trkpt lat="43.46158" lon="3.39148">
        <ele>59.1</ele>
      </trkpt>
      <trkpt lat="43.46134" lon="3.39179">
        <ele>55.4</ele>
      </trkpt>
      <trkpt lat="43.46118" lon="3.39199">
        <ele>53</ele>
      </trkpt>
      <trkpt lat="43.46115" lon="3.39208">
        <ele>51.4</ele>
      </trkpt>
      <trkpt lat="43.4612" lon="3.3923">
        <ele>49.7</ele>
      </trkpt>
      <trkpt lat="43.46196" lon="3.39308">
        <ele>36.6</ele>
      </trkpt>
      <trkpt lat="43.46204" lon="3.39321">
        <ele>47.4</ele>
      </trkpt>
      <trkpt lat="43.46213" lon="3.39346">
        <ele>46.5</ele>
      </trkpt>
      <trkpt lat="43.46218" lon="3.3938">
        <ele>44.2</ele>
      </trkpt>
      <trkpt lat="43.46216" lon="3.39461">
        <ele>41.4</ele>
      </trkpt>
      <trkpt lat="43.46217" lon="3.39559">
        <ele>32.6</ele>
      </trkpt>
      <trkpt lat="43.4622" lon="3.39593">
        <ele>38.7</ele>
      </trkpt>
      <trkpt lat="43.46227" lon="3.39626">
        <ele>38.2</ele>
      </trkpt>
      <trkpt lat="43.46235" lon="3.39642">
        <ele>38.3</ele>
      </trkpt>
      <trkpt lat="43.46247" lon="3.39653">
        <ele>38.4</ele>
      </trkpt>
      <trkpt lat="43.46277" lon="3.39702">
        <ele>31.4</ele>
      </trkpt>
      <trkpt lat="43.46279" lon="3.39733">
        <ele>36</ele>
      </trkpt>
      <trkpt lat="43.46273" lon="3.39816">
        <ele>35.6</ele>
      </trkpt>
      <trkpt lat="43.46269" lon="3.39838">
        <ele>35</ele>
      </trkpt>
      <trkpt lat="43.46252" lon="3.39874">
        <ele>34.5</ele>
      </trkpt>
      <trkpt lat="43.46238" lon="3.39938">
        <ele>34.8</ele>
      </trkpt>
      <trkpt lat="43.4623" lon="3.39989">
        <ele>36.3</ele>
      </trkpt>
      <trkpt lat="43.46213" lon="3.40068">
        <ele>37.4</ele>
      </trkpt>
      <trkpt lat="43.46215" lon="3.40078">
        <ele>38.1</ele>
      </trkpt>
      <trkpt lat="43.46267" lon="3.40104">
        <ele>31.8</ele>
      </trkpt>
      <trkpt lat="43.46277" lon="3.40111">
        <ele>37</ele>
      </trkpt>
      <trkpt lat="43.46279" lon="3.40123">
        <ele>36.9</ele>
      </trkpt>
      <trkpt lat="43.46253" lon="3.40246">
        <ele>34.8</ele>
      </trkpt>
      <trkpt lat="43.46246" lon="3.40353">
        <ele>41.3</ele>
      </trkpt>
      <trkpt lat="43.46243" lon="3.40386">
        <ele>42.4</ele>
      </trkpt>
      <trkpt lat="43.46233" lon="3.40422">
        <ele>39.4</ele>
      </trkpt>
      <trkpt lat="43.46213" lon="3.40505">
        <ele>46.8</ele>
      </trkpt>
      <trkpt lat="43.4618" lon="3.40665">
        <ele>53</ele>
      </trkpt>
      <trkpt lat="43.46171" lon="3.40702">
        <ele>54.1</ele>
      </trkpt>
      <trkpt lat="43.4617" lon="3.40753">
        <ele>52.7</ele>
      </trkpt>
      <trkpt lat="43.46159" lon="3.40835">
        <ele>46.2</ele>
      </trkpt>
      <trkpt lat="43.46141" lon="3.40872">
        <ele>44.1</ele>
      </trkpt>
      <trkpt lat="43.46108" lon="3.40927">
        <ele>38.5</ele>
      </trkpt>
      <trkpt lat="43.46093" lon="3.40964">
        <ele>37.3</ele>
      </trkpt>
      <trkpt lat="43.4608" lon="3.4097">
        <ele>36.1</ele>
      </trkpt>
      <trkpt lat="43.46056" lon="3.40974">
        <ele>36</ele>
      </trkpt>
      <trkpt lat="43.46055" lon="3.41015">
        <ele>36</ele>
      </trkpt>
      <trkpt lat="43.46049" lon="3.41031">
        <ele>36.2</ele>
      </trkpt>
      <trkpt lat="43.4603" lon="3.41055">
        <ele>36</ele>
      </trkpt>
      <trkpt lat="43.46026" lon="3.41072">
        <ele>35.4</ele>
      </trkpt>
      <trkpt lat="43.4604" lon="3.41132">
        <ele>32.9</ele>
      </trkpt>
      <trkpt lat="43.46043" lon="3.41162">
        <ele>32.5</ele>
      </trkpt>
      <trkpt lat="43.46045" lon="3.41268">
        <ele>32.1</ele>
      </trkpt>
      <trkpt lat="43.46038" lon="3.41282">
        <ele>32</ele>
      </trkpt>
      <trkpt lat="43.46045" lon="3.41303">
        <ele>32</ele>
      </trkpt>
      <trkpt lat="43.46047" lon="3.41329">
        <ele>26.8</ele>
      </trkpt>
      <trkpt lat="43.46038" lon="3.41527">
        <ele>32.6</ele>
      </trkpt>
      <trkpt lat="43.46019" lon="3.41647">
        <ele>32.3</ele>
      </trkpt>
      <trkpt lat="43.46006" lon="3.41725">
        <ele>33</ele>
      </trkpt>
      <trkpt lat="43.45996" lon="3.41767">
        <ele>33.2</ele>
      </trkpt>
      <trkpt lat="43.45975" lon="3.41805">
        <ele>33</ele>
      </trkpt>
      <trkpt lat="43.45951" lon="3.41874">
        <ele>30.6</ele>
      </trkpt>
      <trkpt lat="43.45989" lon="3.41889">
        <ele>24</ele>
      </trkpt>
      <trkpt lat="43.46074" lon="3.42085">
        <ele>18</ele>
      </trkpt>
      <trkpt lat="43.46084" lon="3.42108">
        <ele>23</ele>
      </trkpt>
      <trkpt lat="43.46022" lon="3.42213">
        <ele>21.9</ele>
      </trkpt>
      <trkpt lat="43.45979" lon="3.4229">
        <ele>20.6</ele>
      </trkpt>
      <trkpt lat="43.45984" lon="3.42297">
        <ele>20.3</ele>
      </trkpt>
      <trkpt lat="43.45991" lon="3.42296">
        <ele>20.4</ele>
      </trkpt>
      <trkpt lat="43.4601" lon="3.4232">
        <ele>19.8</ele>
      </trkpt>
      <trkpt lat="43.46032" lon="3.42287">
        <ele>20.1</ele>
      </trkpt>
      <trkpt lat="43.46046" lon="3.42302">
        <ele>20.6</ele>
      </trkpt>
      <trkpt lat="43.46059" lon="3.42307">
        <ele>20.9</ele>
      </trkpt>
      <trkpt lat="43.46067" lon="3.42302">
        <ele>21.1</ele>
      </trkpt>
      <trkpt lat="43.46086" lon="3.42294">
        <ele>21.5</ele>
      </trkpt>
      <trkpt lat="43.46153" lon="3.42329">
        <ele>21.9</ele>
      </trkpt>
      <trkpt lat="43.46183" lon="3.42362">
        <ele>19.6</ele>
      </trkpt>
      <trkpt lat="43.46245" lon="3.42484">
        <ele>19.9</ele>
      </trkpt>
      <trkpt lat="43.4621" lon="3.42518">
        <ele>18.7</ele>
      </trkpt>
      <trkpt lat="43.46205" lon="3.42532">
        <ele>18.9</ele>
      </trkpt>
      <trkpt lat="43.46165" lon="3.42565">
        <ele>17.9</ele>
      </trkpt>
      <trkpt lat="43.46186" lon="3.42595">
        <ele>18</ele>
      </trkpt>
      <trkpt lat="43.46163" lon="3.42629">
        <ele>17.5</ele>
      </trkpt>
      <trkpt lat="43.46118" lon="3.42732">
        <ele>16.8</ele>
      </trkpt>
      <trkpt lat="43.46107" lon="3.42797">
        <ele>16.9</ele>
      </trkpt>
      <trkpt lat="43.46089" lon="3.42879">
        <ele>16</ele>
      </trkpt>
      <trkpt lat="43.4607" lon="3.42888">
        <ele>16</ele>
      </trkpt>
      <trkpt lat="43.4604" lon="3.43037">
        <ele>15.9</ele>
      </trkpt>
      <trkpt lat="43.4599" lon="3.43228">
        <ele>16.1</ele>
      </trkpt>
      <trkpt lat="43.46019" lon="3.43249">
        <ele>15</ele>
      </trkpt>
      <trkpt lat="43.46036" lon="3.43259">
        <ele>15</ele>
      </trkpt>
      <trkpt lat="43.46168" lon="3.43267">
        <ele>15</ele>
      </trkpt>
      <trkpt lat="43.46333" lon="3.43264">
        <ele>15</ele>
      </trkpt>
      <trkpt lat="43.46449" lon="3.43285">
        <ele>15</ele>
      </trkpt>
      <trkpt lat="43.46463" lon="3.43282">
        <ele>15</ele>
      </trkpt>
      <trkpt lat="43.46492" lon="3.43265">
        <ele>16.6</ele>
      </trkpt>
      <trkpt lat="43.46552" lon="3.43284">
        <ele>15.7</ele>
      </trkpt>
      <trkpt lat="43.46576" lon="3.43325">
        <ele>15</ele>
      </trkpt>
      <trkpt lat="43.46737" lon="3.43391">
        <ele>15</ele>
      </trkpt>
      <trkpt lat="43.46949" lon="3.43484">
        <ele>15</ele>
      </trkpt>
      <trkpt lat="43.46967" lon="3.43488">
        <ele>15</ele>
      </trkpt>
      <trkpt lat="43.4699" lon="3.43471">
        <ele>15.2</ele>
      </trkpt>
      <trkpt lat="43.47291" lon="3.43609">
        <ele>15.4</ele>
      </trkpt>
      <trkpt lat="43.47343" lon="3.43643">
        <ele>15.9</ele>
      </trkpt>
      <trkpt lat="43.47326" lon="3.43775">
        <ele>15</ele>
      </trkpt>
      <trkpt lat="43.47333" lon="3.43827">
        <ele>15</ele>
      </trkpt>
      <trkpt lat="43.47333" lon="3.4388">
        <ele>15</ele>
      </trkpt>
      <trkpt lat="43.4733" lon="3.43942">
        <ele>15.8</ele>
      </trkpt>
      <trkpt lat="43.47316" lon="3.44081">
        <ele>15.4</ele>
      </trkpt>
      <trkpt lat="43.47294" lon="3.44322">
        <ele>16.6</ele>
      </trkpt>
      <trkpt lat="43.47358" lon="3.44367">
        <ele>16.3</ele>
      </trkpt>
      <trkpt lat="43.47491" lon="3.44427">
        <ele>19.3</ele>
      </trkpt>
      <trkpt lat="43.47448" lon="3.4466">
        <ele>19.4</ele>
      </trkpt>
      <trkpt lat="43.47439" lon="3.44684">
        <ele>19.5</ele>
      </trkpt>
      <trkpt lat="43.47422" lon="3.44686">
        <ele>17.6</ele>
      </trkpt>
      <trkpt lat="43.47372" lon="3.44647">
        <ele>17</ele>
      </trkpt>
      <trkpt lat="43.47337" lon="3.44836">
        <ele>16</ele>
      </trkpt>
      <trkpt lat="43.47303" lon="3.45039">
        <ele>16</ele>
      </trkpt>
      <trkpt lat="43.47291" lon="3.45094">
        <ele>15.2</ele>
      </trkpt>
      <trkpt lat="43.47275" lon="3.45221">
        <ele>16</ele>
      </trkpt>
      <trkpt lat="43.47259" lon="3.45213">
        <ele>15.9</ele>
      </trkpt>
      <trkpt lat="43.47209" lon="3.45171">
        <ele>15.6</ele>
      </trkpt>
      <trkpt lat="43.47167" lon="3.45155">
        <ele>15.6</ele>
      </trkpt>
      <trkpt lat="43.47121" lon="3.4515">
        <ele>16.4</ele>
      </trkpt>
      <trkpt lat="43.47085" lon="3.45159">
        <ele>16.7</ele>
      </trkpt>
      <trkpt lat="43.47079" lon="3.45165">
        <ele>16.8</ele>
      </trkpt>
      <trkpt lat="43.47078" lon="3.45177">
        <ele>16.9</ele>
      </trkpt>
      <trkpt lat="43.47062" lon="3.45267">
        <ele>18.5</ele>
      </trkpt>
      <trkpt lat="43.4705" lon="3.45302">
        <ele>22</ele>
      </trkpt>
      <trkpt lat="43.47024" lon="3.45363">
        <ele>25.7</ele>
      </trkpt>
      <trkpt lat="43.4702" lon="3.45384">
        <ele>30.2</ele>
      </trkpt>
      <trkpt lat="43.4702" lon="3.45422">
        <ele>34.5</ele>
      </trkpt>
      <trkpt lat="43.47007" lon="3.45468">
        <ele>34</ele>
      </trkpt>
      <trkpt lat="43.47002" lon="3.455">
        <ele>32.4</ele>
      </trkpt>
      <trkpt lat="43.47001" lon="3.45536">
        <ele>31.9</ele>
      </trkpt>
      <trkpt lat="43.47005" lon="3.45616">
        <ele>32.4</ele>
      </trkpt>
      <trkpt lat="43.46998" lon="3.45665">
        <ele>32.8</ele>
      </trkpt>
      <trkpt lat="43.46985" lon="3.45726">
        <ele>32.9</ele>
      </trkpt>
      <trkpt lat="43.46965" lon="3.458">
        <ele>35.5</ele>
      </trkpt>
      <trkpt lat="43.46956" lon="3.45826">
        <ele>35.6</ele>
      </trkpt>
      <trkpt lat="43.46945" lon="3.45853">
        <ele>35.7</ele>
      </trkpt>
      <trkpt lat="43.46927" lon="3.45869">
        <ele>37.1</ele>
      </trkpt>
      <trkpt lat="43.46899" lon="3.45922">
        <ele>38</ele>
      </trkpt>
      <trkpt lat="43.46877" lon="3.45977">
        <ele>39.7</ele>
      </trkpt>
      <trkpt lat="43.46857" lon="3.46012">
        <ele>40.8</ele>
      </trkpt>
      <trkpt lat="43.46829" lon="3.46044">
        <ele>42.5</ele>
      </trkpt>
      <trkpt lat="43.4681" lon="3.46051">
        <ele>42.3</ele>
      </trkpt>
      <trkpt lat="43.4679" lon="3.46052">
        <ele>43.4</ele>
      </trkpt>
      <trkpt lat="43.46754" lon="3.46045">
        <ele>46.1</ele>
      </trkpt>
      <trkpt lat="43.46675" lon="3.46029">
        <ele>51.7</ele>
      </trkpt>
      <trkpt lat="43.46657" lon="3.46032">
        <ele>52.1</ele>
      </trkpt>
      <trkpt lat="43.46653" lon="3.46178">
        <ele>51.7</ele>
      </trkpt>
      <trkpt lat="43.46644" lon="3.46221">
        <ele>52</ele>
      </trkpt>
      <trkpt lat="43.46644" lon="3.46251">
        <ele>51.8</ele>
      </trkpt>
      <trkpt lat="43.46638" lon="3.46259">
        <ele>52.3</ele>
      </trkpt>
      <trkpt lat="43.46625" lon="3.46259">
        <ele>52.3</ele>
      </trkpt>
      <trkpt lat="43.46621" lon="3.46294">
        <ele>53</ele>
      </trkpt>
      <trkpt lat="43.46621" lon="3.46332">
        <ele>52.4</ele>
      </trkpt>
      <trkpt lat="43.46638" lon="3.46338">
        <ele>53</ele>
      </trkpt>
      <trkpt lat="43.46654" lon="3.46423">
        <ele>53.1</ele>
      </trkpt>
      <trkpt lat="43.46653" lon="3.46435">
        <ele>53.3</ele>
      </trkpt>
      <trkpt lat="43.46663" lon="3.46448">
        <ele>53.9</ele>
      </trkpt>
      <trkpt lat="43.46657" lon="3.46523">
        <ele>54.9</ele>
      </trkpt>
      <trkpt lat="43.4665" lon="3.46562">
        <ele>56</ele>
      </trkpt>
      <trkpt lat="43.46654" lon="3.46608">
        <ele>56.4</ele>
      </trkpt>
      <trkpt lat="43.46705" lon="3.46733">
        <ele>56.6</ele>
      </trkpt>
      <trkpt lat="43.46716" lon="3.46771">
        <ele>56.2</ele>
      </trkpt>
      <trkpt lat="43.4671" lon="3.46789">
        <ele>56.3</ele>
      </trkpt>
      <trkpt lat="43.46642" lon="3.46842">
        <ele>56.3</ele>
      </trkpt>
      <trkpt lat="43.46626" lon="3.46868">
        <ele>56.5</ele>
      </trkpt>
      <trkpt lat="43.46618" lon="3.46898">
        <ele>56.2</ele>
      </trkpt>
      <trkpt lat="43.46612" lon="3.46961">
        <ele>56</ele>
      </trkpt>
      <trkpt lat="43.46601" lon="3.46991">
        <ele>55.6</ele>
      </trkpt>
      <trkpt lat="43.46514" lon="3.47189">
        <ele>54.8</ele>
      </trkpt>
      <trkpt lat="43.46502" lon="3.47228">
        <ele>55.1</ele>
      </trkpt>
      <trkpt lat="43.46488" lon="3.47308">
        <ele>59.3</ele>
      </trkpt>
      <trkpt lat="43.46473" lon="3.47364">
        <ele>59.1</ele>
      </trkpt>
      <trkpt lat="43.46351" lon="3.47675">
        <ele>70.5</ele>
      </trkpt>
      <trkpt lat="43.46341" lon="3.47706">
        <ele>72.3</ele>
      </trkpt>
      <trkpt lat="43.46334" lon="3.47747">
        <ele>73</ele>
      </trkpt>
      <trkpt lat="43.46322" lon="3.47856">
        <ele>76.7</ele>
      </trkpt>
      <trkpt lat="43.4631" lon="3.47905">
        <ele>77.2</ele>
      </trkpt>
      <trkpt lat="43.46296" lon="3.47938">
        <ele>78.5</ele>
      </trkpt>
      <trkpt lat="43.46232" lon="3.48051">
        <ele>81.8</ele>
      </trkpt>
      <trkpt lat="43.46206" lon="3.48078">
        <ele>83</ele>
      </trkpt>
      <trkpt lat="43.46202" lon="3.48094">
        <ele>83.8</ele>
      </trkpt>
      <trkpt lat="43.46172" lon="3.48176">
        <ele>89.9</ele>
      </trkpt>
      <trkpt lat="43.46166" lon="3.4821">
        <ele>92.7</ele>
      </trkpt>
      <trkpt lat="43.46156" lon="3.48285">
        <ele>95.4</ele>
      </trkpt>
      <trkpt lat="43.46147" lon="3.48318">
        <ele>95.3</ele>
      </trkpt>
      <trkpt lat="43.46108" lon="3.48438">
        <ele>95</ele>
      </trkpt>
      <trkpt lat="43.46087" lon="3.48478">
        <ele>95.2</ele>
      </trkpt>
      <trkpt lat="43.46071" lon="3.48516">
        <ele>96</ele>
      </trkpt>
      <trkpt lat="43.46044" lon="3.48582">
        <ele>97</ele>
      </trkpt>
      <trkpt lat="43.45991" lon="3.48688">
        <ele>95.2</ele>
      </trkpt>
      <trkpt lat="43.45965" lon="3.4873">
        <ele>95</ele>
      </trkpt>
      <trkpt lat="43.45933" lon="3.4879">
        <ele>95.4</ele>
      </trkpt>
      <trkpt lat="43.45911" lon="3.48817">
        <ele>96</ele>
      </trkpt>
      <trkpt lat="43.45805" lon="3.4892">
        <ele>96</ele>
      </trkpt>
      <trkpt lat="43.45804" lon="3.48951">
        <ele>96.3</ele>
      </trkpt>
      <trkpt lat="43.45818" lon="3.48995">
        <ele>97</ele>
      </trkpt>
      <trkpt lat="43.45824" lon="3.49036">
        <ele>97.1</ele>
      </trkpt>
      <trkpt lat="43.45831" lon="3.49053">
        <ele>97.1</ele>
      </trkpt>
      <trkpt lat="43.45857" lon="3.49095">
        <ele>98</ele>
      </trkpt>
      <trkpt lat="43.45881" lon="3.49143">
        <ele>98</ele>
      </trkpt>
      <trkpt lat="43.45885" lon="3.49174">
        <ele>97.9</ele>
      </trkpt>
      <trkpt lat="43.45891" lon="3.49206">
        <ele>97</ele>
      </trkpt>
      <trkpt lat="43.45903" lon="3.49248">
        <ele>97</ele>
      </trkpt>
      <trkpt lat="43.45904" lon="3.49267">
        <ele>96.7</ele>
      </trkpt>
      <trkpt lat="43.45897" lon="3.49275">
        <ele>96.7</ele>
      </trkpt>
      <trkpt lat="43.45893" lon="3.49284">
        <ele>96.6</ele>
      </trkpt>
      <trkpt lat="43.45893" lon="3.49299">
        <ele>96.1</ele>
      </trkpt>
      <trkpt lat="43.45896" lon="3.49327">
        <ele>95.8</ele>
      </trkpt>
      <trkpt lat="43.45892" lon="3.49349">
        <ele>95.9</ele>
      </trkpt>
      <trkpt lat="43.45884" lon="3.49361">
        <ele>96.2</ele>
      </trkpt>
      <trkpt lat="43.4587" lon="3.49371">
        <ele>96.7</ele>
      </trkpt>
      <trkpt lat="43.45848" lon="3.49377">
        <ele>97.5</ele>
      </trkpt>
      <trkpt lat="43.45833" lon="3.49378">
        <ele>98</ele>
      </trkpt>
      <trkpt lat="43.45805" lon="3.49374">
        <ele>97.5</ele>
      </trkpt>
      <trkpt lat="43.45783" lon="3.4937">
        <ele>97.7</ele>
      </trkpt>
      <trkpt lat="43.45769" lon="3.49362">
        <ele>97.6</ele>
      </trkpt>
      <trkpt lat="43.4575" lon="3.49345">
        <ele>97</ele>
      </trkpt>
      <trkpt lat="43.45741" lon="3.49351">
        <ele>96.5</ele>
      </trkpt>
      <trkpt lat="43.45726" lon="3.494">
        <ele>94.8</ele>
      </trkpt>
      <trkpt lat="43.45695" lon="3.49506">
        <ele>93</ele>
      </trkpt>
      <trkpt lat="43.45676" lon="3.49581">
        <ele>92</ele>
      </trkpt>
      <trkpt lat="43.45668" lon="3.49626">
        <ele>90.5</ele>
      </trkpt>
      <trkpt lat="43.45653" lon="3.49711">
        <ele>89</ele>
      </trkpt>
      <trkpt lat="43.45648" lon="3.49749">
        <ele>89</ele>
      </trkpt>
      <trkpt lat="43.45639" lon="3.49848">
        <ele>89</ele>
      </trkpt>
      <trkpt lat="43.45638" lon="3.49876">
        <ele>89</ele>
      </trkpt>
      <trkpt lat="43.45652" lon="3.49923">
        <ele>88.6</ele>
      </trkpt>
      <trkpt lat="43.45655" lon="3.49963">
        <ele>89.3</ele>
      </trkpt>
      <trkpt lat="43.4565" lon="3.50184">
        <ele>82.4</ele>
      </trkpt>
      <trkpt lat="43.45655" lon="3.50196">
        <ele>81.9</ele>
      </trkpt>
      <trkpt lat="43.45669" lon="3.50219">
        <ele>81</ele>
      </trkpt>
      <trkpt lat="43.45669" lon="3.50233">
        <ele>80.2</ele>
      </trkpt>
      <trkpt lat="43.45652" lon="3.50283">
        <ele>78.2</ele>
      </trkpt>
      <trkpt lat="43.45614" lon="3.50404">
        <ele>72.9</ele>
      </trkpt>
      <trkpt lat="43.45609" lon="3.50434">
        <ele>71.4</ele>
      </trkpt>
      <trkpt lat="43.45587" lon="3.50618">
        <ele>64.6</ele>
      </trkpt>
      <trkpt lat="43.45578" lon="3.50711">
        <ele>64.1</ele>
      </trkpt>
      <trkpt lat="43.45586" lon="3.50722">
        <ele>63.8</ele>
      </trkpt>
      <trkpt lat="43.45656" lon="3.50768">
        <ele>59.9</ele>
      </trkpt>
      <trkpt lat="43.45685" lon="3.5079">
        <ele>58.4</ele>
      </trkpt>
      <trkpt lat="43.4569" lon="3.50802">
        <ele>58</ele>
      </trkpt>
      <trkpt lat="43.45694" lon="3.50819">
        <ele>58.5</ele>
      </trkpt>
      <trkpt lat="43.45661" lon="3.50834">
        <ele>56.7</ele>
      </trkpt>
      <trkpt lat="43.45642" lon="3.50847">
        <ele>55.9</ele>
      </trkpt>
      <trkpt lat="43.45621" lon="3.50868">
        <ele>54.6</ele>
      </trkpt>
      <trkpt lat="43.456" lon="3.50911">
        <ele>54.8</ele>
      </trkpt>
      <trkpt lat="43.45581" lon="3.50968">
        <ele>53.6</ele>
      </trkpt>
      <trkpt lat="43.4553" lon="3.51057">
        <ele>52.4</ele>
      </trkpt>
      <trkpt lat="43.4552" lon="3.51082">
        <ele>52.7</ele>
      </trkpt>
      <trkpt lat="43.45508" lon="3.51129">
        <ele>52.5</ele>
      </trkpt>
      <trkpt lat="43.45487" lon="3.51238">
        <ele>49.8</ele>
      </trkpt>
      <trkpt lat="43.45486" lon="3.5126">
        <ele>50</ele>
      </trkpt>
      <trkpt lat="43.4549" lon="3.51292">
        <ele>50.3</ele>
      </trkpt>
      <trkpt lat="43.45485" lon="3.51315">
        <ele>50</ele>
      </trkpt>
      <trkpt lat="43.45459" lon="3.51392">
        <ele>47.5</ele>
      </trkpt>
      <trkpt lat="43.4538" lon="3.5164">
        <ele>43.7</ele>
      </trkpt>
      <trkpt lat="43.45367" lon="3.5169">
        <ele>42.4</ele>
      </trkpt>
      <trkpt lat="43.45354" lon="3.51758">
        <ele>41.8</ele>
      </trkpt>
      <trkpt lat="43.45341" lon="3.51845">
        <ele>40</ele>
      </trkpt>
      <trkpt lat="43.4531" lon="3.52024">
        <ele>37.1</ele>
      </trkpt>
      <trkpt lat="43.45299" lon="3.52072">
        <ele>36.6</ele>
      </trkpt>
      <trkpt lat="43.45273" lon="3.52163">
        <ele>35.3</ele>
      </trkpt>
      <trkpt lat="43.45265" lon="3.52199">
        <ele>35</ele>
      </trkpt>
      <trkpt lat="43.45243" lon="3.52262">
        <ele>34.2</ele>
      </trkpt>
      <trkpt lat="43.45227" lon="3.52305">
        <ele>33</ele>
      </trkpt>
      <trkpt lat="43.45208" lon="3.52364">
        <ele>32.9</ele>
      </trkpt>
      <trkpt lat="43.45183" lon="3.5245">
        <ele>31.3</ele>
      </trkpt>
      <trkpt lat="43.45152" lon="3.52588">
        <ele>29.9</ele>
      </trkpt>
      <trkpt lat="43.45114" lon="3.52732">
        <ele>28.6</ele>
      </trkpt>
      <trkpt lat="43.45089" lon="3.52848">
        <ele>26.9</ele>
      </trkpt>
      <trkpt lat="43.45064" lon="3.52944">
        <ele>25.7</ele>
      </trkpt>
      <trkpt lat="43.45052" lon="3.52978">
        <ele>25.1</ele>
      </trkpt>
      <trkpt lat="43.45008" lon="3.53062">
        <ele>24.5</ele>
      </trkpt>
      <trkpt lat="43.45007" lon="3.53079">
        <ele>24.1</ele>
      </trkpt>
      <trkpt lat="43.45023" lon="3.53112">
        <ele>23.8</ele>
      </trkpt>
      <trkpt lat="43.45039" lon="3.53114">
        <ele>23.9</ele>
      </trkpt>
      <trkpt lat="43.45066" lon="3.53103">
        <ele>24</ele>
      </trkpt>
      <trkpt lat="43.45116" lon="3.53094">
        <ele>24.7</ele>
      </trkpt>
      <trkpt lat="43.45126" lon="3.53097">
        <ele>24.8</ele>
      </trkpt>
      <trkpt lat="43.45139" lon="3.53112">
        <ele>25</ele>
      </trkpt>
      <trkpt lat="43.45156" lon="3.53143">
        <ele>25.6</ele>
      </trkpt>
      <trkpt lat="43.45166" lon="3.53156">
        <ele>26</ele>
      </trkpt>
      <trkpt lat="43.45179" lon="3.53165">
        <ele>26</ele>
      </trkpt>
      <trkpt lat="43.45191" lon="3.53171">
        <ele>26</ele>
      </trkpt>
      <trkpt lat="43.45224" lon="3.53181">
        <ele>26</ele>
      </trkpt>
      <trkpt lat="43.45287" lon="3.53204">
        <ele>26.3</ele>
      </trkpt>
      <trkpt lat="43.45293" lon="3.53215">
        <ele>26.6</ele>
      </trkpt>
      <trkpt lat="43.45299" lon="3.5326">
        <ele>27</ele>
      </trkpt>
      <trkpt lat="43.45314" lon="3.53361">
        <ele>30.4</ele>
      </trkpt>
      <trkpt lat="43.45321" lon="3.53377">
        <ele>31.3</ele>
      </trkpt>
      <trkpt lat="43.45329" lon="3.53382">
        <ele>31.5</ele>
      </trkpt>
      <trkpt lat="43.45378" lon="3.53384">
        <ele>30.6</ele>
      </trkpt>
      <trkpt lat="43.45447" lon="3.53383">
        <ele>31.9</ele>
      </trkpt>
      <trkpt lat="43.45461" lon="3.53385">
        <ele>32.4</ele>
      </trkpt>
      <trkpt lat="43.45481" lon="3.53396">
        <ele>33</ele>
      </trkpt>
      <trkpt lat="43.45495" lon="3.53397">
        <ele>32.7</ele>
      </trkpt>
      <trkpt lat="43.45538" lon="3.53393">
        <ele>33.2</ele>
      </trkpt>
      <trkpt lat="43.45547" lon="3.53396">
        <ele>33.4</ele>
      </trkpt>
      <trkpt lat="43.45561" lon="3.53408">
        <ele>34.4</ele>
      </trkpt>
      <trkpt lat="43.45579" lon="3.53416">
        <ele>35</ele>
      </trkpt>
      <trkpt lat="43.45592" lon="3.5341">
        <ele>34.8</ele>
      </trkpt>
      <trkpt lat="43.45601" lon="3.53415">
        <ele>34.9</ele>
      </trkpt>
      <trkpt lat="43.45662" lon="3.53455">
        <ele>36.3</ele>
      </trkpt>
      <trkpt lat="43.45723" lon="3.5348">
        <ele>38.3</ele>
      </trkpt>
      <trkpt lat="43.4574" lon="3.53493">
        <ele>39.2</ele>
      </trkpt>
      <trkpt lat="43.45747" lon="3.53506">
        <ele>40.1</ele>
      </trkpt>
      <trkpt lat="43.45748" lon="3.53527">
        <ele>40.9</ele>
      </trkpt>
      <trkpt lat="43.45739" lon="3.53624">
        <ele>42.6</ele>
      </trkpt>
      <trkpt lat="43.45742" lon="3.53635">
        <ele>42.7</ele>
      </trkpt>
      <trkpt lat="43.4575" lon="3.53635">
        <ele>43</ele>
      </trkpt>
      <trkpt lat="43.45766" lon="3.5363">
        <ele>43.6</ele>
      </trkpt>
      <trkpt lat="43.45788" lon="3.5362">
        <ele>44.5</ele>
      </trkpt>
      <trkpt lat="43.45797" lon="3.53623">
        <ele>45</ele>
      </trkpt>
      <trkpt lat="43.45858" lon="3.5373">
        <ele>47</ele>
      </trkpt>
      <trkpt lat="43.45883" lon="3.53754">
        <ele>46.9</ele>
      </trkpt>
      <trkpt lat="43.45895" lon="3.53761">
        <ele>46.6</ele>
      </trkpt>
      <trkpt lat="43.4592" lon="3.53767">
        <ele>46.3</ele>
      </trkpt>
      <trkpt lat="43.45943" lon="3.53779">
        <ele>46</ele>
      </trkpt>
      <trkpt lat="43.45954" lon="3.53774">
        <ele>45.9</ele>
      </trkpt>
      <trkpt lat="43.45994" lon="3.53718">
        <ele>44</ele>
      </trkpt>
      <trkpt lat="43.46003" lon="3.53712">
        <ele>43.8</ele>
      </trkpt>
      <trkpt lat="43.4601" lon="3.53715">
        <ele>44.2</ele>
      </trkpt>
      <trkpt lat="43.46024" lon="3.53745">
        <ele>44.2</ele>
      </trkpt>
      <trkpt lat="43.46057" lon="3.53776">
        <ele>45.1</ele>
      </trkpt>
      <trkpt lat="43.46094" lon="3.53809">
        <ele>46</ele>
      </trkpt>
      <trkpt lat="43.46105" lon="3.53829">
        <ele>46</ele>
      </trkpt>
      <trkpt lat="43.46114" lon="3.53884">
        <ele>47.8</ele>
      </trkpt>
      <trkpt lat="43.46136" lon="3.53913">
        <ele>48.8</ele>
      </trkpt>
      <trkpt lat="43.46142" lon="3.5393">
        <ele>49.6</ele>
      </trkpt>
      <trkpt lat="43.46151" lon="3.53975">
        <ele>50.4</ele>
      </trkpt>
      <trkpt lat="43.46173" lon="3.54013">
        <ele>51.2</ele>
      </trkpt>
      <trkpt lat="43.46262" lon="3.54085">
        <ele>52.4</ele>
      </trkpt>
      <trkpt lat="43.46271" lon="3.5409">
        <ele>52.7</ele>
      </trkpt>
      <trkpt lat="43.46303" lon="3.54087">
        <ele>53</ele>
      </trkpt>
      <trkpt lat="43.46315" lon="3.54089">
        <ele>53.3</ele>
      </trkpt>
      <trkpt lat="43.4633" lon="3.54096">
        <ele>53.9</ele>
      </trkpt>
      <trkpt lat="43.46355" lon="3.54121">
        <ele>53.9</ele>
      </trkpt>
      <trkpt lat="43.46401" lon="3.54175">
        <ele>54.3</ele>
      </trkpt>
      <trkpt lat="43.46407" lon="3.54191">
        <ele>54.3</ele>
      </trkpt>
      <trkpt lat="43.4641" lon="3.54211">
        <ele>54.5</ele>
      </trkpt>
      <trkpt lat="43.46416" lon="3.54223">
        <ele>54.9</ele>
      </trkpt>
      <trkpt lat="43.46454" lon="3.54265">
        <ele>56</ele>
      </trkpt>
      <trkpt lat="43.46476" lon="3.54311">
        <ele>57.1</ele>
      </trkpt>
      <trkpt lat="43.46506" lon="3.5435">
        <ele>58.2</ele>
      </trkpt>
      <trkpt lat="43.46606" lon="3.54493">
        <ele>58.8</ele>
      </trkpt>
      <trkpt lat="43.46617" lon="3.545">
        <ele>59</ele>
      </trkpt>
      <trkpt lat="43.46632" lon="3.54499">
        <ele>59</ele>
      </trkpt>
      <trkpt lat="43.46666" lon="3.5449">
        <ele>60</ele>
      </trkpt>
      <trkpt lat="43.46718" lon="3.54463">
        <ele>60.9</ele>
      </trkpt>
      <trkpt lat="43.46733" lon="3.54462">
        <ele>61</ele>
      </trkpt>
      <trkpt lat="43.46747" lon="3.54475">
        <ele>61</ele>
      </trkpt>
      <trkpt lat="43.46821" lon="3.54541">
        <ele>63.3</ele>
      </trkpt>
      <trkpt lat="43.46808" lon="3.5456">
        <ele>63.1</ele>
      </trkpt>
      <trkpt lat="43.46779" lon="3.54608">
        <ele>62</ele>
      </trkpt>
      <trkpt lat="43.46757" lon="3.54654">
        <ele>60.6</ele>
      </trkpt>
      <trkpt lat="43.46738" lon="3.547">
        <ele>58.9</ele>
      </trkpt>
      <trkpt lat="43.46716" lon="3.54779">
        <ele>58</ele>
      </trkpt>
      <trkpt lat="43.46706" lon="3.54801">
        <ele>57.2</ele>
      </trkpt>
      <trkpt lat="43.4662" lon="3.54961">
        <ele>53</ele>
      </trkpt>
      <trkpt lat="43.46583" lon="3.55017">
        <ele>53</ele>
      </trkpt>
      <trkpt lat="43.46555" lon="3.55049">
        <ele>53.5</ele>
      </trkpt>
      <trkpt lat="43.46493" lon="3.55111">
        <ele>58.2</ele>
      </trkpt>
      <trkpt lat="43.46465" lon="3.55141">
        <ele>60.3</ele>
      </trkpt>
      <trkpt lat="43.46427" lon="3.55208">
        <ele>63.7</ele>
      </trkpt>
      <trkpt lat="43.464" lon="3.55237">
        <ele>67.3</ele>
      </trkpt>
      <trkpt lat="43.46395" lon="3.55262">
        <ele>69.1</ele>
      </trkpt>
      <trkpt lat="43.46389" lon="3.55309">
        <ele>71</ele>
      </trkpt>
      <trkpt lat="43.46378" lon="3.55347">
        <ele>70.3</ele>
      </trkpt>
      <trkpt lat="43.46361" lon="3.55414">
        <ele>67.2</ele>
      </trkpt>
      <trkpt lat="43.46357" lon="3.55526">
        <ele>62.2</ele>
      </trkpt>
      <trkpt lat="43.46351" lon="3.55606">
        <ele>59.8</ele>
      </trkpt>
      <trkpt lat="43.4634" lon="3.55691">
        <ele>57.2</ele>
      </trkpt>
      <trkpt lat="43.46338" lon="3.55737">
        <ele>53.6</ele>
      </trkpt>
      <trkpt lat="43.4635" lon="3.5577">
        <ele>51.8</ele>
      </trkpt>
      <trkpt lat="43.46347" lon="3.55795">
        <ele>49.7</ele>
      </trkpt>
      <trkpt lat="43.46318" lon="3.55893">
        <ele>44.2</ele>
      </trkpt>
      <trkpt lat="43.46321" lon="3.55907">
        <ele>44</ele>
      </trkpt>
      <trkpt lat="43.46364" lon="3.55951">
        <ele>46.9</ele>
      </trkpt>
      <trkpt lat="43.46384" lon="3.55968">
        <ele>47.7</ele>
      </trkpt>
      <trkpt lat="43.46476" lon="3.56013">
        <ele>47.1</ele>
      </trkpt>
      <trkpt lat="43.46506" lon="3.56043">
        <ele>44.9</ele>
      </trkpt>
      <trkpt lat="43.46556" lon="3.5606">
        <ele>43.5</ele>
      </trkpt>
      <trkpt lat="43.46583" lon="3.5608">
        <ele>41.2</ele>
      </trkpt>
      <trkpt lat="43.46607" lon="3.56103">
        <ele>40.4</ele>
      </trkpt>
      <trkpt lat="43.46642" lon="3.5614">
        <ele>38.9</ele>
      </trkpt>
      <trkpt lat="43.4673" lon="3.56263">
        <ele>35.7</ele>
      </trkpt>
      <trkpt lat="43.46945" lon="3.56572">
        <ele>39</ele>
      </trkpt>
      <trkpt lat="43.47044" lon="3.56711">
        <ele>38.6</ele>
      </trkpt>
      <trkpt lat="43.47206" lon="3.56946">
        <ele>41</ele>
      </trkpt>
      <trkpt lat="43.47206" lon="3.56959">
        <ele>41.5</ele>
      </trkpt>
      <trkpt lat="43.46852" lon="3.57149">
        <ele>42.7</ele>
      </trkpt>
      <trkpt lat="43.46809" lon="3.57172">
        <ele>45.1</ele>
      </trkpt>
      <trkpt lat="43.46792" lon="3.57184">
        <ele>45.6</ele>
      </trkpt>
      <trkpt lat="43.46782" lon="3.57201">
        <ele>46.2</ele>
      </trkpt>
      <trkpt lat="43.46776" lon="3.57232">
        <ele>47.3</ele>
      </trkpt>
      <trkpt lat="43.46779" lon="3.573">
        <ele>49.8</ele>
      </trkpt>
      <trkpt lat="43.46792" lon="3.57355">
        <ele>53.2</ele>
      </trkpt>
      <trkpt lat="43.46804" lon="3.57391">
        <ele>54.9</ele>
      </trkpt>
      <trkpt lat="43.46806" lon="3.57414">
        <ele>55.9</ele>
      </trkpt>
      <trkpt lat="43.46795" lon="3.57442">
        <ele>55.4</ele>
      </trkpt>
      <trkpt lat="43.46563" lon="3.57827">
        <ele>46</ele>
      </trkpt>
      <trkpt lat="43.46541" lon="3.57851">
        <ele>46</ele>
      </trkpt>
      <trkpt lat="43.46456" lon="3.57896">
        <ele>45.7</ele>
      </trkpt>
      <trkpt lat="43.4645" lon="3.57903">
        <ele>46</ele>
      </trkpt>
      <trkpt lat="43.46453" lon="3.57914">
        <ele>46.5</ele>
      </trkpt>
      <trkpt lat="43.46468" lon="3.57921">
        <ele>46.4</ele>
      </trkpt>
      <trkpt lat="43.46561" lon="3.57975">
        <ele>45.6</ele>
      </trkpt>
      <trkpt lat="43.46634" lon="3.58018">
        <ele>42.3</ele>
      </trkpt>
      <trkpt lat="43.46695" lon="3.58048">
        <ele>40.2</ele>
      </trkpt>
      <trkpt lat="43.46723" lon="3.58079">
        <ele>38.1</ele>
      </trkpt>
      <trkpt lat="43.46802" lon="3.5813">
        <ele>34.4</ele>
      </trkpt>
      <trkpt lat="43.46887" lon="3.58143">
        <ele>32.7</ele>
      </trkpt>
      <trkpt lat="43.46895" lon="3.58129">
        <ele>33.1</ele>
      </trkpt>
      <trkpt lat="43.46905" lon="3.58133">
        <ele>32.5</ele>
      </trkpt>
      <trkpt lat="43.4692" lon="3.58148">
        <ele>31.2</ele>
      </trkpt>
      <trkpt lat="43.46944" lon="3.58179">
        <ele>29.1</ele>
      </trkpt>
      <trkpt lat="43.46969" lon="3.58237">
        <ele>24.1</ele>
      </trkpt>
      <trkpt lat="43.47017" lon="3.58281">
        <ele>22.5</ele>
      </trkpt>
      <trkpt lat="43.47083" lon="3.58342">
        <ele>22</ele>
      </trkpt>
      <trkpt lat="43.47131" lon="3.58394">
        <ele>20.1</ele>
      </trkpt>
      <trkpt lat="43.47168" lon="3.58437">
        <ele>17.5</ele>
      </trkpt>
      <trkpt lat="43.47191" lon="3.58457">
        <ele>17.5</ele>
      </trkpt>
      <trkpt lat="43.47256" lon="3.58503">
        <ele>21.1</ele>
      </trkpt>
      <trkpt lat="43.47284" lon="3.58503">
        <ele>21.3</ele>
      </trkpt>
      <trkpt lat="43.47304" lon="3.58515">
        <ele>22.5</ele>
      </trkpt>
      <trkpt lat="43.47319" lon="3.58533">
        <ele>22.6</ele>
      </trkpt>
      <trkpt lat="43.47357" lon="3.58596">
        <ele>24.4</ele>
      </trkpt>
      <trkpt lat="43.47368" lon="3.58634">
        <ele>25.2</ele>
      </trkpt>
      <trkpt lat="43.47402" lon="3.58633">
        <ele>26.5</ele>
      </trkpt>
      <trkpt lat="43.47433" lon="3.58637">
        <ele>27.6</ele>
      </trkpt>
      <trkpt lat="43.47428" lon="3.58652">
        <ele>27.7</ele>
      </trkpt>
      <trkpt lat="43.47395" lon="3.58686">
        <ele>27</ele>
      </trkpt>
      <trkpt lat="43.47329" lon="3.58772">
        <ele>25</ele>
      </trkpt>
      <trkpt lat="43.47317" lon="3.5879">
        <ele>25</ele>
      </trkpt>
      <trkpt lat="43.47317" lon="3.58803">
        <ele>25</ele>
      </trkpt>
      <trkpt lat="43.4733" lon="3.58835">
        <ele>24.1</ele>
      </trkpt>
      <trkpt lat="43.47328" lon="3.58843">
        <ele>24.2</ele>
      </trkpt>
      <trkpt lat="43.47316" lon="3.58856">
        <ele>24.6</ele>
      </trkpt>
      <trkpt lat="43.47317" lon="3.58865">
        <ele>24.4</ele>
      </trkpt>
      <trkpt lat="43.47324" lon="3.58888">
        <ele>23.4</ele>
      </trkpt>
      <trkpt lat="43.47321" lon="3.58902">
        <ele>23</ele>
      </trkpt>
      <trkpt lat="43.47291" lon="3.58955">
        <ele>22</ele>
      </trkpt>
      <trkpt lat="43.47285" lon="3.58972">
        <ele>21.5</ele>
      </trkpt>
      <trkpt lat="43.47287" lon="3.58989">
        <ele>21</ele>
      </trkpt>
      <trkpt lat="43.47291" lon="3.59">
        <ele>20.5</ele>
      </trkpt>
      <trkpt lat="43.47305" lon="3.5902">
        <ele>19.3</ele>
      </trkpt>
      <trkpt lat="43.47304" lon="3.59032">
        <ele>18.8</ele>
      </trkpt>
      <trkpt lat="43.47144" lon="3.59186">
        <ele>17.2</ele>
      </trkpt>
      <trkpt lat="43.47134" lon="3.59194">
        <ele>17.2</ele>
      </trkpt>
      <trkpt lat="43.4707" lon="3.59253">
        <ele>17.9</ele>
      </trkpt>
      <trkpt lat="43.47037" lon="3.59287">
        <ele>18.9</ele>
      </trkpt>
      <trkpt lat="43.47031" lon="3.59298">
        <ele>18.5</ele>
      </trkpt>
      <trkpt lat="43.47037" lon="3.59308">
        <ele>18</ele>
      </trkpt>
      <trkpt lat="43.4712" lon="3.59397">
        <ele>17</ele>
      </trkpt>
      <trkpt lat="43.47138" lon="3.59419">
        <ele>17</ele>
      </trkpt>
      <trkpt lat="43.47306" lon="3.59485">
        <ele>17</ele>
      </trkpt>
      <trkpt lat="43.47312" lon="3.59495">
        <ele>17</ele>
      </trkpt>
      <trkpt lat="43.47314" lon="3.59505">
        <ele>17</ele>
      </trkpt>
      <trkpt lat="43.47316" lon="3.59586">
        <ele>16.4</ele>
      </trkpt>
      <trkpt lat="43.47317" lon="3.59679">
        <ele>16.4</ele>
      </trkpt>
      <trkpt lat="43.47317" lon="3.59718">
        <ele>16.4</ele>
      </trkpt>
      <trkpt lat="43.47322" lon="3.59745">
        <ele>17.4</ele>
      </trkpt>
      <trkpt lat="43.47345" lon="3.59832">
        <ele>19.9</ele>
      </trkpt>
      <trkpt lat="43.47351" lon="3.59841">
        <ele>20.7</ele>
      </trkpt>
      <trkpt lat="43.47368" lon="3.59843">
        <ele>20.7</ele>
      </trkpt>
      <trkpt lat="43.47447" lon="3.5984">
        <ele>20.5</ele>
      </trkpt>
      <trkpt lat="43.47466" lon="3.59849">
        <ele>20.7</ele>
      </trkpt>
      <trkpt lat="43.47507" lon="3.59883">
        <ele>20.2</ele>
      </trkpt>
      <trkpt lat="43.47602" lon="3.59977">
        <ele>19.5</ele>
      </trkpt>
      <trkpt lat="43.47695" lon="3.60062">
        <ele>23.7</ele>
      </trkpt>
      <trkpt lat="43.47709" lon="3.60082">
        <ele>24.8</ele>
      </trkpt>
      <trkpt lat="43.47723" lon="3.60114">
        <ele>24.9</ele>
      </trkpt>
      <trkpt lat="43.47738" lon="3.60157">
        <ele>24.6</ele>
      </trkpt>
      <trkpt lat="43.47751" lon="3.60179">
        <ele>25</ele>
      </trkpt>
      <trkpt lat="43.4787" lon="3.6044">
        <ele>32.8</ele>
      </trkpt>
      <trkpt lat="43.47883" lon="3.6046">
        <ele>33.6</ele>
      </trkpt>
      <trkpt lat="43.47937" lon="3.60514">
        <ele>34.8</ele>
      </trkpt>
      <trkpt lat="43.48199" lon="3.60749">
        <ele>39.9</ele>
      </trkpt>
      <trkpt lat="43.48234" lon="3.6079">
        <ele>41.2</ele>
      </trkpt>
      <trkpt lat="43.48224" lon="3.60802">
        <ele>41.9</ele>
      </trkpt>
      <trkpt lat="43.48149" lon="3.60936">
        <ele>48.3</ele>
      </trkpt>
      <trkpt lat="43.48221" lon="3.60991">
        <ele>51.4</ele>
      </trkpt>
      <trkpt lat="43.48241" lon="3.6099">
        <ele>50.1</ele>
      </trkpt>
      <trkpt lat="43.48257" lon="3.61026">
        <ele>54.2</ele>
      </trkpt>
      <trkpt lat="43.48277" lon="3.61044">
        <ele>55.4</ele>
      </trkpt>
      <trkpt lat="43.48275" lon="3.61049">
        <ele>56.3</ele>
      </trkpt>
      <trkpt lat="43.48175" lon="3.61039">
        <ele>61.4</ele>
      </trkpt>
      <trkpt lat="43.48153" lon="3.61043">
        <ele>61.6</ele>
      </trkpt>
      <trkpt lat="43.48141" lon="3.61051">
        <ele>62.4</ele>
      </trkpt>
      <trkpt lat="43.48127" lon="3.61068">
        <ele>63</ele>
      </trkpt>
      <trkpt lat="43.48119" lon="3.61083">
        <ele>64.1</ele>
      </trkpt>
      <trkpt lat="43.48078" lon="3.61184">
        <ele>68.4</ele>
      </trkpt>
      <trkpt lat="43.48063" lon="3.61201">
        <ele>69.5</ele>
      </trkpt>
      <trkpt lat="43.48048" lon="3.61212">
        <ele>70.3</ele>
      </trkpt>
      <trkpt lat="43.47969" lon="3.61237">
        <ele>73.2</ele>
      </trkpt>
      <trkpt lat="43.47972" lon="3.61267">
        <ele>74</ele>
      </trkpt>
      <trkpt lat="43.47988" lon="3.61362">
        <ele>74.6</ele>
      </trkpt>
      <trkpt lat="43.47981" lon="3.6155">
        <ele>79.4</ele>
      </trkpt>
      <trkpt lat="43.47975" lon="3.61588">
        <ele>80.5</ele>
      </trkpt>
      <trkpt lat="43.47979" lon="3.61609">
        <ele>82.3</ele>
      </trkpt>
      <trkpt lat="43.47978" lon="3.61629">
        <ele>83.1</ele>
      </trkpt>
      <trkpt lat="43.47969" lon="3.61667">
        <ele>83.7</ele>
      </trkpt>
      <trkpt lat="43.47961" lon="3.61716">
        <ele>85.8</ele>
      </trkpt>
      <trkpt lat="43.4796" lon="3.61747">
        <ele>87.5</ele>
      </trkpt>
      <trkpt lat="43.47961" lon="3.61763">
        <ele>88.5</ele>
      </trkpt>
      <trkpt lat="43.47958" lon="3.61803">
        <ele>89.9</ele>
      </trkpt>
      <trkpt lat="43.47955" lon="3.61832">
        <ele>91</ele>
      </trkpt>
      <trkpt lat="43.47946" lon="3.61863">
        <ele>92.2</ele>
      </trkpt>
      <trkpt lat="43.47944" lon="3.61876">
        <ele>93.1</ele>
      </trkpt>
      <trkpt lat="43.47945" lon="3.61914">
        <ele>94.9</ele>
      </trkpt>
      <trkpt lat="43.47938" lon="3.61954">
        <ele>97.8</ele>
      </trkpt>
      <trkpt lat="43.47937" lon="3.61998">
        <ele>100.9</ele>
      </trkpt>
      <trkpt lat="43.47934" lon="3.62017">
        <ele>102</ele>
      </trkpt>
      <trkpt lat="43.47928" lon="3.62035">
        <ele>102.9</ele>
      </trkpt>
      <trkpt lat="43.47912" lon="3.62064">
        <ele>104.1</ele>
      </trkpt>
      <trkpt lat="43.47906" lon="3.62082">
        <ele>104.6</ele>
      </trkpt>
      <trkpt lat="43.47902" lon="3.62112">
        <ele>105.5</ele>
      </trkpt>
      <trkpt lat="43.47891" lon="3.62149">
        <ele>105.5</ele>
      </trkpt>
      <trkpt lat="43.4788" lon="3.62195">
        <ele>105.7</ele>
      </trkpt>
      <trkpt lat="43.47869" lon="3.62211">
        <ele>104.7</ele>
      </trkpt>
      <trkpt lat="43.4786" lon="3.62232">
        <ele>103.7</ele>
      </trkpt>
      <trkpt lat="43.47854" lon="3.62257">
        <ele>103.2</ele>
      </trkpt>
      <trkpt lat="43.47839" lon="3.62297">
        <ele>102.4</ele>
      </trkpt>
      <trkpt lat="43.47832" lon="3.62311">
        <ele>102</ele>
      </trkpt>
      <trkpt lat="43.47822" lon="3.62333">
        <ele>102</ele>
      </trkpt>
      <trkpt lat="43.47797" lon="3.62358">
        <ele>101.7</ele>
      </trkpt>
      <trkpt lat="43.47777" lon="3.62365">
        <ele>101</ele>
      </trkpt>
      <trkpt lat="43.47758" lon="3.62368">
        <ele>101</ele>
      </trkpt>
      <trkpt lat="43.47738" lon="3.62383">
        <ele>101</ele>
      </trkpt>
      <trkpt lat="43.47726" lon="3.62399">
        <ele>101</ele>
      </trkpt>
      <trkpt lat="43.47719" lon="3.62436">
        <ele>100.9</ele>
      </trkpt>
      <trkpt lat="43.47675" lon="3.62471">
        <ele>101</ele>
      </trkpt>
      <trkpt lat="43.47643" lon="3.62491">
        <ele>100.8</ele>
      </trkpt>
      <trkpt lat="43.47627" lon="3.6251">
        <ele>101.4</ele>
      </trkpt>
      <trkpt lat="43.47606" lon="3.62546">
        <ele>102</ele>
      </trkpt>
      <trkpt lat="43.476" lon="3.62576">
        <ele>102.7</ele>
      </trkpt>
      <trkpt lat="43.47597" lon="3.62596">
        <ele>103.4</ele>
      </trkpt>
      <trkpt lat="43.47584" lon="3.62637">
        <ele>104.9</ele>
      </trkpt>
      <trkpt lat="43.47579" lon="3.62672">
        <ele>105.3</ele>
      </trkpt>
      <trkpt lat="43.47569" lon="3.62728">
        <ele>106.7</ele>
      </trkpt>
      <trkpt lat="43.47566" lon="3.62764">
        <ele>108.1</ele>
      </trkpt>
      <trkpt lat="43.47571" lon="3.62841">
        <ele>109.6</ele>
      </trkpt>
      <trkpt lat="43.47566" lon="3.62885">
        <ele>110.5</ele>
      </trkpt>
      <trkpt lat="43.47559" lon="3.62895">
        <ele>110.9</ele>
      </trkpt>
      <trkpt lat="43.4755" lon="3.62896">
        <ele>111.4</ele>
      </trkpt>
      <trkpt lat="43.47534" lon="3.62892">
        <ele>112.6</ele>
      </trkpt>
      <trkpt lat="43.47524" lon="3.62896">
        <ele>113.3</ele>
      </trkpt>
      <trkpt lat="43.4752" lon="3.62904">
        <ele>113.6</ele>
      </trkpt>
      <trkpt lat="43.47516" lon="3.62925">
        <ele>114.2</ele>
      </trkpt>
      <trkpt lat="43.47501" lon="3.62971">
        <ele>116</ele>
      </trkpt>
      <trkpt lat="43.47487" lon="3.63006">
        <ele>117.5</ele>
      </trkpt>
      <trkpt lat="43.47486" lon="3.6302">
        <ele>117.5</ele>
      </trkpt>
      <trkpt lat="43.47492" lon="3.63032">
        <ele>117.3</ele>
      </trkpt>
      <trkpt lat="43.47511" lon="3.63041">
        <ele>116.4</ele>
      </trkpt>
      <trkpt lat="43.47521" lon="3.63054">
        <ele>116.2</ele>
      </trkpt>
      <trkpt lat="43.47517" lon="3.63072">
        <ele>117.1</ele>
      </trkpt>
      <trkpt lat="43.4751" lon="3.63091">
        <ele>117.9</ele>
      </trkpt>
      <trkpt lat="43.47492" lon="3.63112">
        <ele>119</ele>
      </trkpt>
      <trkpt lat="43.47471" lon="3.63144">
        <ele>120.2</ele>
      </trkpt>
      <trkpt lat="43.47463" lon="3.63169">
        <ele>121.1</ele>
      </trkpt>
      <trkpt lat="43.47465" lon="3.63198">
        <ele>122.1</ele>
      </trkpt>
      <trkpt lat="43.47467" lon="3.63237">
        <ele>122.8</ele>
      </trkpt>
      <trkpt lat="43.47458" lon="3.63266">
        <ele>122.5</ele>
      </trkpt>
      <trkpt lat="43.47439" lon="3.63289">
        <ele>121.7</ele>
      </trkpt>
      <trkpt lat="43.47422" lon="3.63299">
        <ele>120.6</ele>
      </trkpt>
      <trkpt lat="43.47391" lon="3.63302">
        <ele>120.9</ele>
      </trkpt>
      <trkpt lat="43.47373" lon="3.63309">
        <ele>120.3</ele>
      </trkpt>
      <trkpt lat="43.47331" lon="3.63336">
        <ele>117.8</ele>
      </trkpt>
      <trkpt lat="43.47251" lon="3.63399">
        <ele>112.6</ele>
      </trkpt>
      <trkpt lat="43.47213" lon="3.63425">
        <ele>110.9</ele>
      </trkpt>
      <trkpt lat="43.47153" lon="3.63476">
        <ele>104.3</ele>
      </trkpt>
      <trkpt lat="43.47137" lon="3.63503">
        <ele>101.7</ele>
      </trkpt>
      <trkpt lat="43.47126" lon="3.63542">
        <ele>98.8</ele>
      </trkpt>
      <trkpt lat="43.47119" lon="3.63559">
        <ele>97.4</ele>
      </trkpt>
      <trkpt lat="43.47103" lon="3.63569">
        <ele>95.7</ele>
      </trkpt>
      <trkpt lat="43.47088" lon="3.63563">
        <ele>94.2</ele>
      </trkpt>
      <trkpt lat="43.47053" lon="3.63541">
        <ele>90.7</ele>
      </trkpt>
      <trkpt lat="43.46996" lon="3.63518">
        <ele>85</ele>
      </trkpt>
      <trkpt lat="43.46972" lon="3.63509">
        <ele>83</ele>
      </trkpt>
      <trkpt lat="43.46957" lon="3.63518">
        <ele>82.1</ele>
      </trkpt>
      <trkpt lat="43.46995" lon="3.6357">
        <ele>84.2</ele>
      </trkpt>
      <trkpt lat="43.47027" lon="3.63594">
        <ele>86</ele>
      </trkpt>
      <trkpt lat="43.47091" lon="3.63679">
        <ele>87.5</ele>
      </trkpt>
      <trkpt lat="43.47156" lon="3.63732">
        <ele>85.7</ele>
      </trkpt>
      <trkpt lat="43.47203" lon="3.63752">
        <ele>84.9</ele>
      </trkpt>
      <trkpt lat="43.47237" lon="3.63773">
        <ele>83.3</ele>
      </trkpt>
      <trkpt lat="43.47263" lon="3.63794">
        <ele>82.1</ele>
      </trkpt>
      <trkpt lat="43.4728" lon="3.63821">
        <ele>81</ele>
      </trkpt>
      <trkpt lat="43.47298" lon="3.63832">
        <ele>81</ele>
      </trkpt>
      <trkpt lat="43.47334" lon="3.63854">
        <ele>81.3</ele>
      </trkpt>
      <trkpt lat="43.47387" lon="3.63904">
        <ele>82</ele>
      </trkpt>
      <trkpt lat="43.47503" lon="3.63944">
        <ele>82.1</ele>
      </trkpt>
      <trkpt lat="43.47531" lon="3.63969">
        <ele>82.2</ele>
      </trkpt>
      <trkpt lat="43.47565" lon="3.64008">
        <ele>82.6</ele>
      </trkpt>
      <trkpt lat="43.47659" lon="3.64097">
        <ele>82.1</ele>
      </trkpt>
      <trkpt lat="43.47686" lon="3.64138">
        <ele>81.4</ele>
      </trkpt>
      <trkpt lat="43.47716" lon="3.64161">
        <ele>82.1</ele>
      </trkpt>
      <trkpt lat="43.47725" lon="3.64179">
        <ele>82.6</ele>
      </trkpt>
      <trkpt lat="43.47733" lon="3.64207">
        <ele>84</ele>
      </trkpt>
      <trkpt lat="43.47748" lon="3.64288">
        <ele>83.9</ele>
      </trkpt>
      <trkpt lat="43.47773" lon="3.64386">
        <ele>82.9</ele>
      </trkpt>
      <trkpt lat="43.47776" lon="3.64419">
        <ele>82.8</ele>
      </trkpt>
      <trkpt lat="43.47788" lon="3.64455">
        <ele>82.2</ele>
      </trkpt>
      <trkpt lat="43.47806" lon="3.64496">
        <ele>82</ele>
      </trkpt>
      <trkpt lat="43.47844" lon="3.64596">
        <ele>79.9</ele>
      </trkpt>
      <trkpt lat="43.47859" lon="3.64665">
        <ele>78.9</ele>
      </trkpt>
      <trkpt lat="43.47881" lon="3.64789">
        <ele>77</ele>
      </trkpt>
      <trkpt lat="43.47892" lon="3.64842">
        <ele>76.1</ele>
      </trkpt>
      <trkpt lat="43.47916" lon="3.64927">
        <ele>75.6</ele>
      </trkpt>
      <trkpt lat="43.47916" lon="3.64948">
        <ele>75</ele>
      </trkpt>
      <trkpt lat="43.47922" lon="3.6496">
        <ele>75.2</ele>
      </trkpt>
      <trkpt lat="43.47954" lon="3.65047">
        <ele>75.3</ele>
      </trkpt>
      <trkpt lat="43.47982" lon="3.65112">
        <ele>75.4</ele>
      </trkpt>
      <trkpt lat="43.48" lon="3.65175">
        <ele>75</ele>
      </trkpt>
      <trkpt lat="43.48016" lon="3.65249">
        <ele>74.4</ele>
      </trkpt>
      <trkpt lat="43.48039" lon="3.65298">
        <ele>72.3</ele>
      </trkpt>
      <trkpt lat="43.4806" lon="3.65323">
        <ele>71.4</ele>
      </trkpt>
      <trkpt lat="43.48083" lon="3.65345">
        <ele>71</ele>
      </trkpt>
      <trkpt lat="43.48123" lon="3.65422">
        <ele>68.2</ele>
      </trkpt>
      <trkpt lat="43.48139" lon="3.65463">
        <ele>66.3</ele>
      </trkpt>
      <trkpt lat="43.48166" lon="3.65505">
        <ele>64.8</ele>
      </trkpt>
      <trkpt lat="43.48178" lon="3.65508">
        <ele>64.7</ele>
      </trkpt>
      <trkpt lat="43.48212" lon="3.65479">
        <ele>63.9</ele>
      </trkpt>
      <trkpt lat="43.48234" lon="3.65478">
        <ele>62.5</ele>
      </trkpt>
      <trkpt lat="43.48264" lon="3.6549">
        <ele>60.8</ele>
      </trkpt>
      <trkpt lat="43.48275" lon="3.65498">
        <ele>59.5</ele>
      </trkpt>
      <trkpt lat="43.48278" lon="3.65505">
        <ele>59</ele>
      </trkpt>
      <trkpt lat="43.48276" lon="3.65558">
        <ele>58.2</ele>
      </trkpt>
      <trkpt lat="43.48272" lon="3.65587">
        <ele>57.4</ele>
      </trkpt>
      <trkpt lat="43.48263" lon="3.65619">
        <ele>56.2</ele>
      </trkpt>
      <trkpt lat="43.48269" lon="3.65669">
        <ele>54.6</ele>
      </trkpt>
      <trkpt lat="43.48283" lon="3.65779">
        <ele>49.2</ele>
      </trkpt>
      <trkpt lat="43.48294" lon="3.65822">
        <ele>47.6</ele>
      </trkpt>
      <trkpt lat="43.48364" lon="3.65971">
        <ele>42</ele>
      </trkpt>
      <trkpt lat="43.48414" lon="3.6609">
        <ele>39.8</ele>
      </trkpt>
      <trkpt lat="43.48431" lon="3.66132">
        <ele>39.1</ele>
      </trkpt>
      <trkpt lat="43.48499" lon="3.66237">
        <ele>38</ele>
      </trkpt>
      <trkpt lat="43.48532" lon="3.66184">
        <ele>38.9</ele>
      </trkpt>
      <trkpt lat="43.486" lon="3.66096">
        <ele>39.9</ele>
      </trkpt>
      <trkpt lat="43.4864" lon="3.66045">
        <ele>41.1</ele>
      </trkpt>
      <trkpt lat="43.4865" lon="3.66035">
        <ele>42.8</ele>
      </trkpt>
      <trkpt lat="43.48657" lon="3.6604">
        <ele>42.4</ele>
      </trkpt>
      <trkpt lat="43.48676" lon="3.66064">
        <ele>39.9</ele>
      </trkpt>
      <trkpt lat="43.487" lon="3.66063">
        <ele>40.3</ele>
      </trkpt>
      <trkpt lat="43.4871" lon="3.66079">
        <ele>39.2</ele>
      </trkpt>
      <trkpt lat="43.4871" lon="3.66098">
        <ele>39</ele>
      </trkpt>
      <trkpt lat="43.48714" lon="3.66122">
        <ele>38.7</ele>
      </trkpt>
      <trkpt lat="43.48723" lon="3.66143">
        <ele>38</ele>
      </trkpt>
      <trkpt lat="43.4875" lon="3.66192">
        <ele>37</ele>
      </trkpt>
      <trkpt lat="43.48755" lon="3.66201">
        <ele>36.8</ele>
      </trkpt>
      <trkpt lat="43.48761" lon="3.66201">
        <ele>36.8</ele>
      </trkpt>
      <trkpt lat="43.48771" lon="3.66194">
        <ele>37</ele>
      </trkpt>
      <trkpt lat="43.4878" lon="3.66194">
        <ele>37</ele>
      </trkpt>
      <trkpt lat="43.48792" lon="3.66208">
        <ele>36.5</ele>
      </trkpt>
      <trkpt lat="43.4884" lon="3.66297">
        <ele>36</ele>
      </trkpt>
      <trkpt lat="43.48862" lon="3.66342">
        <ele>36</ele>
      </trkpt>
      <trkpt lat="43.48865" lon="3.66364">
        <ele>36</ele>
      </trkpt>
      <trkpt lat="43.48862" lon="3.6641">
        <ele>36</ele>
      </trkpt>
      <trkpt lat="43.4886" lon="3.6644">
        <ele>36</ele>
      </trkpt>
      <trkpt lat="43.48866" lon="3.66467">
        <ele>36.8</ele>
      </trkpt>
      <trkpt lat="43.48867" lon="3.66485">
        <ele>37</ele>
      </trkpt>
      <trkpt lat="43.48863" lon="3.66498">
        <ele>37</ele>
      </trkpt>
      <trkpt lat="43.48855" lon="3.66517">
        <ele>37.8</ele>
      </trkpt>
      <trkpt lat="43.48861" lon="3.66527">
        <ele>38</ele>
      </trkpt>
      <trkpt lat="43.48855" lon="3.66541">
        <ele>38.7</ele>
      </trkpt>
      <trkpt lat="43.48855" lon="3.66558">
        <ele>39.5</ele>
      </trkpt>
      <trkpt lat="43.48847" lon="3.66576">
        <ele>41.3</ele>
      </trkpt>
      <trkpt lat="43.48877" lon="3.66622">
        <ele>42.2</ele>
      </trkpt>
      <trkpt lat="43.48894" lon="3.66685">
        <ele>41.2</ele>
      </trkpt>
      <trkpt lat="43.48892" lon="3.66733">
        <ele>38.7</ele>
      </trkpt>
      <trkpt lat="43.48885" lon="3.66758">
        <ele>37.9</ele>
      </trkpt>
      <trkpt lat="43.4888" lon="3.66761">
        <ele>38.2</ele>
      </trkpt>
      <trkpt lat="43.48877" lon="3.66767">
        <ele>38.1</ele>
      </trkpt>
      <trkpt lat="43.48864" lon="3.66821">
        <ele>35.7</ele>
      </trkpt>
      <trkpt lat="43.48834" lon="3.66871">
        <ele>33.6</ele>
      </trkpt>
      <trkpt lat="43.48829" lon="3.66874">
        <ele>33.8</ele>
      </trkpt>
      <trkpt lat="43.48805" lon="3.66901">
        <ele>33.6</ele>
      </trkpt>
      <trkpt lat="43.48772" lon="3.66931">
        <ele>32.5</ele>
      </trkpt>
      <trkpt lat="43.48789" lon="3.66965">
        <ele>32.3</ele>
      </trkpt>
      <trkpt lat="43.488" lon="3.66977">
        <ele>33</ele>
        <extensions>
          <visugpx:TrkExtension xmlns:visugpx="https://www.visugpx.com/editgpx/">
            <visugpx:node>1</visugpx:node>
            </visugpx:TrkExtension>
        </extensions>
      </trkpt>
    </trkseg>
  </trk>
</gpx>