<?xml version="1.0" encoding="UTF-8" standalone="no" ?>
<gpx xmlns="http://www.topografix.com/GPX/1/1" xmlns:xsi="http://www.w3.org/2001/XMLSchema-instance" xsi:schemaLocation="http://www.topografix.com/GPX/1/1 http://www.topografix.com/GPX/1/1/gpx.xsd" version="1.1" creator="VisuGPX - https://www.visugpx.com">
  <metadata>
    <name>POU100 2026</name>
    <desc><![CDATA[Les 100 Miles/100 km gravel de Poussan
+bonus bikepacking]]></desc>
  </metadata>
  <wpt lat="43.67183" lon="2.92136">
    <ele>882.3</ele>
    <name><![CDATA[Ferme Deves]]></name>
    <type><![CDATA[hotel]]></type>
  </wpt>
  <wpt lat="43.60129" lon="2.90029">
    <ele>1035.9</ele>
    <name><![CDATA[Gîte des Bourdis]]></name>
    <link href="https://www.gites-refuges.com/www/detail-2449.htm"></link>
    <type><![CDATA[hotel]]></type>
  </wpt>
  <wpt lat="43.56786" lon="2.80214">
    <ele>977.3</ele>
    <name><![CDATA[Refuge de Camp Blanc]]></name>
    <type><![CDATA[hotel]]></type>
  </wpt>
  <wpt lat="43.55875" lon="2.80254">
    <ele>975.2</ele>
    <name><![CDATA[Refufe du lac de Vézoles]]></name>
    <type><![CDATA[refuge]]></type>
  </wpt>
  <wpt lat="43.68716" lon="2.92261">
    <ele>834.1</ele>
    <name><![CDATA[Relais Départemental]]></name>
    <type><![CDATA[hotel]]></type>
  </wpt>
  <wpt lat="43.56452" lon="3.18944">
    <ele>267</ele>
    <name><![CDATA[Restaurant]]></name>
    <type><![CDATA[restaurant]]></type>
  </wpt>
  <wpt lat="43.52297" lon="3.19734">
    <ele>140.9</ele>
    <name><![CDATA[Burger]]></name>
    <type><![CDATA[restaurant]]></type>
  </wpt>
  <wpt lat="43.54771" lon="3.18692">
    <ele>253.2</ele>
    <name><![CDATA[Descente]]></name>
    <desc><![CDATA[Descente un poil rugueuse, mais aucun danger.]]></desc>
    <type><![CDATA[danger]]></type>
  </wpt>
  <wpt lat="43.63775" lon="3.19761">
    <ele>364</ele>
    <name><![CDATA[Carrière]]></name>
    <desc><![CDATA[Escalader le talus à pied pour point de vue (au sud de la trace).]]></desc>
    <type><![CDATA[vue]]></type>
  </wpt>
  <wpt lat="43.63267" lon="3.22594">
    <ele>455.9</ele>
    <name><![CDATA[Eau]]></name>
    <type><![CDATA[drink]]></type>
  </wpt>
  <wpt lat="43.5612" lon="3.18155">
    <ele>288</ele>
    <name><![CDATA[Super Boulangerie]]></name>
    <type><![CDATA[boulangerie]]></type>
  </wpt>
  <wpt lat="43.56443" lon="3.1898">
    <ele>265.3</ele>
    <name><![CDATA[Eau]]></name>
    <type><![CDATA[drink]]></type>
  </wpt>
  <wpt lat="43.56486" lon="3.19071">
    <ele>262.7</ele>
    <name><![CDATA[Eau]]></name>
    <type><![CDATA[drink]]></type>
  </wpt>
  <wpt lat="43.52286" lon="3.19746">
    <ele>139.4</ele>
    <name><![CDATA[WC]]></name>
    <type><![CDATA[drink]]></type>
  </wpt>
  <wpt lat="43.52338" lon="3.19626">
    <ele>144.2</ele>
    <name><![CDATA[WC]]></name>
    <type><![CDATA[drink]]></type>
  </wpt>
  <wpt lat="43.48335" lon="3.27834">
    <ele>74.2</ele>
    <name><![CDATA[Boulangerie]]></name>
    <type><![CDATA[boulangerie]]></type>
  </wpt>
  <wpt lat="43.46992" lon="3.34218">
    <ele>97.8</ele>
    <name><![CDATA[Café]]></name>
    <type><![CDATA[bar]]></type>
  </wpt>
  <wpt lat="43.47022" lon="3.34165">
    <ele>98.1</ele>
    <name><![CDATA[Boulangerie]]></name>
    <type><![CDATA[boulangerie]]></type>
  </wpt>
  <wpt lat="43.46" lon="3.42282">
    <ele>20.8</ele>
    <name><![CDATA[Boulangerie]]></name>
    <type><![CDATA[boulangerie]]></type>
  </wpt>
  <wpt lat="43.46009" lon="3.42269">
    <ele>20.8</ele>
    <name><![CDATA[Café]]></name>
    <type><![CDATA[restaurant]]></type>
  </wpt>
  <wpt lat="43.45977" lon="3.42302">
    <ele>20.1</ele>
    <name><![CDATA[Eau]]></name>
    <type><![CDATA[drink]]></type>
  </wpt>
  <wpt lat="43.46621" lon="3.463">
    <ele>53</ele>
    <name><![CDATA[Eau]]></name>
    <type><![CDATA[drink]]></type>
  </wpt>
  <wpt lat="43.46634" lon="3.46287">
    <ele>53</ele>
    <name><![CDATA[Café]]></name>
    <type><![CDATA[restaurant]]></type>
  </wpt>
  <wpt lat="43.48807" lon="3.6697">
    <ele>33</ele>
    <name><![CDATA[Départ]]></name>
    <type><![CDATA[star]]></type>
  </wpt>
  <wpt lat="43.55608" lon="2.913">
    <ele>190.8</ele>
    <name><![CDATA[Café]]></name>
    <type><![CDATA[restaurant]]></type>
  </wpt>
  <wpt lat="43.55611" lon="2.91368">
    <ele>195</ele>
    <name><![CDATA[WC]]></name>
    <type><![CDATA[drink]]></type>
  </wpt>
  <wpt lat="43.55638" lon="2.91437">
    <ele>195.4</ele>
  </wpt>
  <wpt lat="43.55638" lon="2.91437">
    <ele>195.4</ele>
    <name><![CDATA[Boulangerie]]></name>
    <type><![CDATA[boulangerie]]></type>
  </wpt>
  <wpt lat="43.55599" lon="2.91344">
    <ele>192.7</ele>
    <name><![CDATA[Epicerie]]></name>
    <type><![CDATA[commerce]]></type>
  </wpt>
  <wpt lat="43.65161" lon="3.04031">
    <ele>333.8</ele>
    <name><![CDATA[Boulangerie]]></name>
    <type><![CDATA[boulangerie]]></type>
  </wpt>
  <wpt lat="43.65178" lon="3.04056">
    <ele>333</ele>
    <name><![CDATA[Epicerie]]></name>
    <type><![CDATA[commerce]]></type>
  </wpt>
  <wpt lat="43.65185" lon="3.04067">
    <ele>331.7</ele>
    <name><![CDATA[Bistro]]></name>
    <type><![CDATA[bar]]></type>
  </wpt>
  <wpt lat="43.65173" lon="3.04045">
    <ele>332.9</ele>
    <name><![CDATA[Eau]]></name>
    <type><![CDATA[drink]]></type>
  </wpt>
  <wpt lat="43.65584" lon="3.04537">
    <ele>318</ele>
    <name><![CDATA[Eau]]></name>
    <type><![CDATA[drink]]></type>
  </wpt>
  <wpt lat="43.65567" lon="3.08964">
    <ele>285.1</ele>
    <name><![CDATA[Eau]]></name>
    <type><![CDATA[drink]]></type>
  </wpt>
  <wpt lat="43.65208" lon="3.13089">
    <ele>313</ele>
    <name><![CDATA[WC]]></name>
    <type><![CDATA[drink]]></type>
  </wpt>
  <wpt lat="43.65564" lon="3.15028">
    <ele>221</ele>
    <name><![CDATA[Eau]]></name>
    <type><![CDATA[drink]]></type>
  </wpt>
  <wpt lat="43.66797" lon="2.97331">
    <ele>431.1</ele>
    <name><![CDATA[Eau]]></name>
    <type><![CDATA[drink]]></type>
  </wpt>
  <wpt lat="43.6452" lon="3.38961">
    <ele>146.9</ele>
    <name><![CDATA[Eau]]></name>
    <type><![CDATA[drink]]></type>
  </wpt>
  <wpt lat="43.56767" lon="2.80247">
    <ele>978.9</ele>
    <name><![CDATA[Eau]]></name>
    <type><![CDATA[drink]]></type>
  </wpt>
  <wpt lat="43.55506" lon="3.02435">
    <ele>539.9</ele>
    <name><![CDATA[Eau]]></name>
    <type><![CDATA[drink]]></type>
  </wpt>
  <wpt lat="43.5632" lon="2.97578">
    <ele>151</ele>
    <name><![CDATA[Eau]]></name>
    <type><![CDATA[drink]]></type>
  </wpt>
  <wpt lat="43.53866" lon="3.10268">
    <ele>310.3</ele>
    <name><![CDATA[Eau]]></name>
    <type><![CDATA[drink]]></type>
  </wpt>
  <wpt lat="43.49825" lon="3.1684">
    <ele>160.5</ele>
    <name><![CDATA[Café]]></name>
    <type><![CDATA[bar]]></type>
  </wpt>
  <wpt lat="43.52953" lon="2.83301">
    <ele>247</ele>
    <name><![CDATA[Eau]]></name>
    <type><![CDATA[drink]]></type>
  </wpt>
  <wpt lat="43.56756" lon="3.45113">
    <ele>64.9</ele>
    <name><![CDATA[Eau]]></name>
    <type><![CDATA[drink]]></type>
  </wpt>
  <wpt lat="43.56601" lon="3.4504">
    <ele>73</ele>
    <name><![CDATA[Café]]></name>
    <type><![CDATA[bar]]></type>
  </wpt>
  <wpt lat="43.56626" lon="3.45002">
    <ele>73</ele>
    <name><![CDATA[Boulangerie]]></name>
    <type><![CDATA[boulangerie]]></type>
  </wpt>
  <wpt lat="43.66321" lon="3.05722">
    <ele>304.6</ele>
    <name><![CDATA[Eau]]></name>
    <type><![CDATA[drink]]></type>
  </wpt>
  <wpt lat="43.65585" lon="3.04538">
    <ele>318</ele>
    <name><![CDATA[Eau]]></name>
    <type><![CDATA[drink]]></type>
  </wpt>
  <wpt lat="43.65178" lon="3.04054">
    <ele>332.8</ele>
    <name><![CDATA[Epicerie]]></name>
    <type><![CDATA[producteur]]></type>
  </wpt>
  <wpt lat="43.65163" lon="3.04029">
    <ele>333.1</ele>
    <name><![CDATA[Boulangerie]]></name>
    <type><![CDATA[boulangerie]]></type>
  </wpt>
  <wpt lat="43.65235" lon="3.0399">
    <ele>326.2</ele>
    <name><![CDATA[WC]]></name>
    <type><![CDATA[drink]]></type>
  </wpt>
  <wpt lat="43.57585" lon="3.39674">
    <ele>150.8</ele>
    <name><![CDATA[Epicerie]]></name>
    <type><![CDATA[producteur]]></type>
  </wpt>
  <wpt lat="43.54016" lon="3.37928">
    <ele>95</ele>
    <name><![CDATA[Café]]></name>
    <type><![CDATA[bar]]></type>
  </wpt>
  <wpt lat="43.5398" lon="3.38">
    <ele>95.6</ele>
    <name><![CDATA[Boulangerie]]></name>
    <type><![CDATA[boulangerie]]></type>
  </wpt>
  <wpt lat="43.53962" lon="3.38048">
    <ele>95.7</ele>
    <name><![CDATA[Resto]]></name>
    <type><![CDATA[restaurant]]></type>
  </wpt>
  <wpt lat="43.50714" lon="3.3678">
    <ele>103.3</ele>
    <name><![CDATA[Rsto]]></name>
    <type><![CDATA[restaurant]]></type>
  </wpt>
  <wpt lat="43.5066" lon="3.36847">
    <ele>102.1</ele>
    <name><![CDATA[Epicerie]]></name>
    <type><![CDATA[producteur]]></type>
  </wpt>
  <wpt lat="43.50726" lon="3.36769">
    <ele>103.1</ele>
    <name><![CDATA[Boulanregie]]></name>
    <type><![CDATA[boulangerie]]></type>
  </wpt>
  <wpt lat="43.50695" lon="3.36763">
    <ele>100.5</ele>
    <name><![CDATA[WC]]></name>
    <type><![CDATA[drink]]></type>
  </wpt>
  <trk>
    <name><![CDATA[POU100M]]></name>
    <extensions>
      <line xmlns="http://www.topografix.com/GPX/gpx_style/0/2">
        <color>FF0000</color>
        <opacity>1</opacity>
        <width>4</width>
          <extensions>
            <sens>1</sens>
          </extensions>
      </line>
    </extensions>
    <trkseg>
      <trkpt lat="43.48806" lon="3.66963">
        <ele>32.7</ele>
      </trkpt>
      <trkpt lat="43.48844" lon="3.66936">
        <ele>33</ele>
      </trkpt>
      <trkpt lat="43.48882" lon="3.66935">
        <ele>33.5</ele>
      </trkpt>
      <trkpt lat="43.48898" lon="3.66912">
        <ele>33.6</ele>
      </trkpt>
      <trkpt lat="43.48909" lon="3.66904">
        <ele>34.5</ele>
      </trkpt>
      <trkpt lat="43.48917" lon="3.66893">
        <ele>35</ele>
      </trkpt>
      <trkpt lat="43.48927" lon="3.66881">
        <ele>35.3</ele>
      </trkpt>
      <trkpt lat="43.48931" lon="3.66861">
        <ele>35.5</ele>
      </trkpt>
      <trkpt lat="43.48974" lon="3.66763">
        <ele>38</ele>
      </trkpt>
      <trkpt lat="43.48986" lon="3.66748">
        <ele>38.3</ele>
      </trkpt>
      <trkpt lat="43.49019" lon="3.66719">
        <ele>39.5</ele>
      </trkpt>
      <trkpt lat="43.49036" lon="3.66711">
        <ele>40.5</ele>
      </trkpt>
      <trkpt lat="43.49082" lon="3.66698">
        <ele>41.1</ele>
      </trkpt>
      <trkpt lat="43.49136" lon="3.66631">
        <ele>41.2</ele>
      </trkpt>
      <trkpt lat="43.49171" lon="3.66605">
        <ele>43</ele>
      </trkpt>
      <trkpt lat="43.49232" lon="3.66574">
        <ele>42.8</ele>
      </trkpt>
      <trkpt lat="43.49271" lon="3.6656">
        <ele>43.9</ele>
      </trkpt>
      <trkpt lat="43.49327" lon="3.66575">
        <ele>46.9</ele>
      </trkpt>
      <trkpt lat="43.49393" lon="3.66575">
        <ele>48</ele>
      </trkpt>
      <trkpt lat="43.4943" lon="3.6658">
        <ele>47.8</ele>
      </trkpt>
      <trkpt lat="43.49442" lon="3.66594">
        <ele>48</ele>
      </trkpt>
      <trkpt lat="43.49489" lon="3.66596">
        <ele>47.5</ele>
      </trkpt>
      <trkpt lat="43.49553" lon="3.66592">
        <ele>44.5</ele>
      </trkpt>
      <trkpt lat="43.49572" lon="3.66562">
        <ele>44.8</ele>
      </trkpt>
      <trkpt lat="43.49591" lon="3.66542">
        <ele>44</ele>
      </trkpt>
      <trkpt lat="43.49609" lon="3.6653">
        <ele>44</ele>
      </trkpt>
      <trkpt lat="43.49648" lon="3.66512">
        <ele>44.1</ele>
      </trkpt>
      <trkpt lat="43.49686" lon="3.66462">
        <ele>44.4</ele>
      </trkpt>
      <trkpt lat="43.49724" lon="3.66424">
        <ele>44.3</ele>
      </trkpt>
      <trkpt lat="43.49745" lon="3.66409">
        <ele>44.8</ele>
      </trkpt>
      <trkpt lat="43.49805" lon="3.66378">
        <ele>45.6</ele>
      </trkpt>
      <trkpt lat="43.49824" lon="3.66366">
        <ele>45.9</ele>
      </trkpt>
      <trkpt lat="43.49851" lon="3.66359">
        <ele>46.6</ele>
      </trkpt>
      <trkpt lat="43.49869" lon="3.66356">
        <ele>47.1</ele>
      </trkpt>
      <trkpt lat="43.49933" lon="3.66348">
        <ele>48</ele>
      </trkpt>
      <trkpt lat="43.49982" lon="3.66352">
        <ele>49.1</ele>
      </trkpt>
      <trkpt lat="43.50003" lon="3.66346">
        <ele>49.5</ele>
      </trkpt>
      <trkpt lat="43.5008" lon="3.66289">
        <ele>52.5</ele>
      </trkpt>
      <trkpt lat="43.50108" lon="3.6628">
        <ele>53</ele>
      </trkpt>
      <trkpt lat="43.50127" lon="3.66271">
        <ele>53.9</ele>
      </trkpt>
      <trkpt lat="43.50148" lon="3.66259">
        <ele>54.7</ele>
      </trkpt>
      <trkpt lat="43.50221" lon="3.66214">
        <ele>57.5</ele>
      </trkpt>
      <trkpt lat="43.50303" lon="3.66161">
        <ele>61.4</ele>
      </trkpt>
      <trkpt lat="43.50338" lon="3.66143">
        <ele>63</ele>
      </trkpt>
      <trkpt lat="43.50394" lon="3.66128">
        <ele>66.3</ele>
      </trkpt>
      <trkpt lat="43.50443" lon="3.66107">
        <ele>69.3</ele>
      </trkpt>
      <trkpt lat="43.50462" lon="3.6608">
        <ele>71.9</ele>
      </trkpt>
      <trkpt lat="43.50476" lon="3.66073">
        <ele>72.9</ele>
      </trkpt>
      <trkpt lat="43.50529" lon="3.66079">
        <ele>75.4</ele>
      </trkpt>
      <trkpt lat="43.50561" lon="3.66076">
        <ele>76.7</ele>
      </trkpt>
      <trkpt lat="43.50592" lon="3.66066">
        <ele>77.9</ele>
      </trkpt>
      <trkpt lat="43.50641" lon="3.65993">
        <ele>81.4</ele>
      </trkpt>
      <trkpt lat="43.50658" lon="3.65974">
        <ele>82.1</ele>
      </trkpt>
      <trkpt lat="43.50691" lon="3.65952">
        <ele>83.5</ele>
      </trkpt>
      <trkpt lat="43.50692" lon="3.65939">
        <ele>84.7</ele>
      </trkpt>
      <trkpt lat="43.50709" lon="3.65914">
        <ele>86.1</ele>
      </trkpt>
      <trkpt lat="43.50747" lon="3.65841">
        <ele>90.2</ele>
      </trkpt>
      <trkpt lat="43.50779" lon="3.65795">
        <ele>95.5</ele>
      </trkpt>
      <trkpt lat="43.50811" lon="3.65769">
        <ele>98.8</ele>
      </trkpt>
      <trkpt lat="43.50879" lon="3.6569">
        <ele>105.7</ele>
      </trkpt>
      <trkpt lat="43.5089" lon="3.65674">
        <ele>106.5</ele>
      </trkpt>
      <trkpt lat="43.509" lon="3.65653">
        <ele>108.3</ele>
      </trkpt>
      <trkpt lat="43.50913" lon="3.65639">
        <ele>109.1</ele>
      </trkpt>
      <trkpt lat="43.50976" lon="3.65584">
        <ele>109.8</ele>
      </trkpt>
      <trkpt lat="43.50986" lon="3.65556">
        <ele>110.5</ele>
      </trkpt>
      <trkpt lat="43.50986" lon="3.65533">
        <ele>112.1</ele>
      </trkpt>
      <trkpt lat="43.5098" lon="3.65509">
        <ele>113.2</ele>
      </trkpt>
      <trkpt lat="43.50974" lon="3.65493">
        <ele>114.1</ele>
      </trkpt>
      <trkpt lat="43.50894" lon="3.65456">
        <ele>119</ele>
      </trkpt>
      <trkpt lat="43.50847" lon="3.65424">
        <ele>122.2</ele>
      </trkpt>
      <trkpt lat="43.50781" lon="3.65384">
        <ele>125.6</ele>
      </trkpt>
      <trkpt lat="43.50733" lon="3.65362">
        <ele>129.3</ele>
      </trkpt>
      <trkpt lat="43.50681" lon="3.65355">
        <ele>132.3</ele>
      </trkpt>
      <trkpt lat="43.50656" lon="3.65348">
        <ele>133.7</ele>
      </trkpt>
      <trkpt lat="43.50639" lon="3.65337">
        <ele>134.4</ele>
      </trkpt>
      <trkpt lat="43.50626" lon="3.65324">
        <ele>135.3</ele>
      </trkpt>
      <trkpt lat="43.50618" lon="3.65305">
        <ele>135.9</ele>
      </trkpt>
      <trkpt lat="43.50604" lon="3.65235">
        <ele>138.1</ele>
      </trkpt>
      <trkpt lat="43.50589" lon="3.65204">
        <ele>139.7</ele>
      </trkpt>
      <trkpt lat="43.50566" lon="3.65189">
        <ele>141.4</ele>
      </trkpt>
      <trkpt lat="43.50493" lon="3.65164">
        <ele>146.5</ele>
      </trkpt>
      <trkpt lat="43.50421" lon="3.65123">
        <ele>151.7</ele>
      </trkpt>
      <trkpt lat="43.50382" lon="3.6509">
        <ele>154.2</ele>
      </trkpt>
      <trkpt lat="43.50366" lon="3.65083">
        <ele>155.5</ele>
      </trkpt>
      <trkpt lat="43.50357" lon="3.65075">
        <ele>155.9</ele>
      </trkpt>
      <trkpt lat="43.50307" lon="3.65014">
        <ele>157.6</ele>
      </trkpt>
      <trkpt lat="43.50299" lon="3.65001">
        <ele>157.2</ele>
      </trkpt>
      <trkpt lat="43.50282" lon="3.64942">
        <ele>158.6</ele>
      </trkpt>
      <trkpt lat="43.50272" lon="3.64913">
        <ele>159.5</ele>
      </trkpt>
      <trkpt lat="43.50218" lon="3.64811">
        <ele>163.2</ele>
      </trkpt>
      <trkpt lat="43.5019" lon="3.64745">
        <ele>164.2</ele>
      </trkpt>
      <trkpt lat="43.50169" lon="3.6472">
        <ele>166</ele>
      </trkpt>
      <trkpt lat="43.5014" lon="3.64709">
        <ele>167.4</ele>
      </trkpt>
      <trkpt lat="43.50091" lon="3.64703">
        <ele>170</ele>
      </trkpt>
      <trkpt lat="43.50066" lon="3.64706">
        <ele>172</ele>
      </trkpt>
      <trkpt lat="43.50045" lon="3.64717">
        <ele>173.4</ele>
      </trkpt>
      <trkpt lat="43.49982" lon="3.64759">
        <ele>179.2</ele>
      </trkpt>
      <trkpt lat="43.4997" lon="3.6476">
        <ele>180.6</ele>
      </trkpt>
      <trkpt lat="43.49961" lon="3.64757">
        <ele>181.4</ele>
      </trkpt>
      <trkpt lat="43.49909" lon="3.64714">
        <ele>185.8</ele>
      </trkpt>
      <trkpt lat="43.4984" lon="3.6466">
        <ele>189.3</ele>
      </trkpt>
      <trkpt lat="43.498" lon="3.64637">
        <ele>188.3</ele>
      </trkpt>
      <trkpt lat="43.49792" lon="3.64618">
        <ele>187.1</ele>
      </trkpt>
      <trkpt lat="43.49784" lon="3.64567">
        <ele>185.9</ele>
      </trkpt>
      <trkpt lat="43.49781" lon="3.64543">
        <ele>185.3</ele>
      </trkpt>
      <trkpt lat="43.4978" lon="3.64526">
        <ele>185.1</ele>
      </trkpt>
      <trkpt lat="43.49794" lon="3.64457">
        <ele>181.3</ele>
      </trkpt>
      <trkpt lat="43.49797" lon="3.64433">
        <ele>180.3</ele>
      </trkpt>
      <trkpt lat="43.49791" lon="3.64413">
        <ele>179.3</ele>
      </trkpt>
      <trkpt lat="43.49771" lon="3.64392">
        <ele>178</ele>
      </trkpt>
      <trkpt lat="43.49774" lon="3.64383">
        <ele>178.3</ele>
      </trkpt>
      <trkpt lat="43.49781" lon="3.64377">
        <ele>178.3</ele>
      </trkpt>
      <trkpt lat="43.49812" lon="3.64359">
        <ele>176.6</ele>
      </trkpt>
      <trkpt lat="43.49828" lon="3.6434">
        <ele>174.9</ele>
      </trkpt>
      <trkpt lat="43.49855" lon="3.64329">
        <ele>170.9</ele>
      </trkpt>
      <trkpt lat="43.49869" lon="3.64309">
        <ele>168.5</ele>
      </trkpt>
      <trkpt lat="43.49896" lon="3.64221">
        <ele>164.7</ele>
      </trkpt>
      <trkpt lat="43.49898" lon="3.64205">
        <ele>164.3</ele>
      </trkpt>
      <trkpt lat="43.49897" lon="3.64171">
        <ele>163.8</ele>
      </trkpt>
      <trkpt lat="43.49905" lon="3.64148">
        <ele>162.3</ele>
      </trkpt>
      <trkpt lat="43.49911" lon="3.64127">
        <ele>160.9</ele>
      </trkpt>
      <trkpt lat="43.49923" lon="3.64087">
        <ele>157.2</ele>
      </trkpt>
      <trkpt lat="43.49932" lon="3.64056">
        <ele>154.9</ele>
      </trkpt>
      <trkpt lat="43.49948" lon="3.6401">
        <ele>151.5</ele>
      </trkpt>
      <trkpt lat="43.49961" lon="3.63963">
        <ele>149.6</ele>
      </trkpt>
      <trkpt lat="43.49984" lon="3.63889">
        <ele>146.8</ele>
      </trkpt>
      <trkpt lat="43.50018" lon="3.63805">
        <ele>145.7</ele>
      </trkpt>
      <trkpt lat="43.50018" lon="3.63795">
        <ele>146.1</ele>
      </trkpt>
      <trkpt lat="43.50013" lon="3.63789">
        <ele>146.6</ele>
      </trkpt>
      <trkpt lat="43.49959" lon="3.63761">
        <ele>150.7</ele>
      </trkpt>
      <trkpt lat="43.49937" lon="3.63754">
        <ele>152.6</ele>
      </trkpt>
      <trkpt lat="43.49915" lon="3.63753">
        <ele>154.1</ele>
      </trkpt>
      <trkpt lat="43.49896" lon="3.63756">
        <ele>155.6</ele>
      </trkpt>
      <trkpt lat="43.49887" lon="3.63754">
        <ele>156.2</ele>
      </trkpt>
      <trkpt lat="43.49878" lon="3.6375">
        <ele>156.4</ele>
      </trkpt>
      <trkpt lat="43.49817" lon="3.63716">
        <ele>155</ele>
      </trkpt>
      <trkpt lat="43.49731" lon="3.6366">
        <ele>149.3</ele>
      </trkpt>
      <trkpt lat="43.49642" lon="3.63601">
        <ele>143.2</ele>
      </trkpt>
      <trkpt lat="43.49594" lon="3.63567">
        <ele>141</ele>
      </trkpt>
      <trkpt lat="43.49568" lon="3.63553">
        <ele>142</ele>
      </trkpt>
      <trkpt lat="43.49534" lon="3.63531">
        <ele>145.3</ele>
      </trkpt>
      <trkpt lat="43.49512" lon="3.63515">
        <ele>147.6</ele>
      </trkpt>
      <trkpt lat="43.49554" lon="3.63363">
        <ele>136.3</ele>
      </trkpt>
      <trkpt lat="43.49596" lon="3.63216">
        <ele>130.2</ele>
      </trkpt>
      <trkpt lat="43.49651" lon="3.63022">
        <ele>122.6</ele>
      </trkpt>
      <trkpt lat="43.4966" lon="3.62983">
        <ele>122.1</ele>
      </trkpt>
      <trkpt lat="43.49695" lon="3.62937">
        <ele>119.7</ele>
      </trkpt>
      <trkpt lat="43.49717" lon="3.62921">
        <ele>117.6</ele>
      </trkpt>
      <trkpt lat="43.49749" lon="3.62909">
        <ele>115.8</ele>
      </trkpt>
      <trkpt lat="43.49759" lon="3.62894">
        <ele>114.6</ele>
      </trkpt>
      <trkpt lat="43.49781" lon="3.62787">
        <ele>107.8</ele>
      </trkpt>
      <trkpt lat="43.49792" lon="3.62708">
        <ele>103</ele>
      </trkpt>
      <trkpt lat="43.49789" lon="3.62642">
        <ele>97</ele>
      </trkpt>
      <trkpt lat="43.49784" lon="3.62603">
        <ele>92.3</ele>
      </trkpt>
      <trkpt lat="43.49788" lon="3.62564">
        <ele>89.6</ele>
      </trkpt>
      <trkpt lat="43.49795" lon="3.62547">
        <ele>88.9</ele>
      </trkpt>
      <trkpt lat="43.49805" lon="3.62535">
        <ele>88.9</ele>
      </trkpt>
      <trkpt lat="43.49836" lon="3.62517">
        <ele>86.2</ele>
      </trkpt>
      <trkpt lat="43.49842" lon="3.6251">
        <ele>86</ele>
      </trkpt>
      <trkpt lat="43.49846" lon="3.62496">
        <ele>84.8</ele>
      </trkpt>
      <trkpt lat="43.49854" lon="3.62469">
        <ele>81.5</ele>
      </trkpt>
      <trkpt lat="43.4987" lon="3.62462">
        <ele>80.7</ele>
      </trkpt>
      <trkpt lat="43.49897" lon="3.62469">
        <ele>79.3</ele>
      </trkpt>
      <trkpt lat="43.49969" lon="3.625">
        <ele>73.6</ele>
      </trkpt>
      <trkpt lat="43.4999" lon="3.62503">
        <ele>70.9</ele>
      </trkpt>
      <trkpt lat="43.49993" lon="3.62491">
        <ele>69.4</ele>
      </trkpt>
      <trkpt lat="43.49987" lon="3.62481">
        <ele>69.1</ele>
      </trkpt>
      <trkpt lat="43.49971" lon="3.62461">
        <ele>69</ele>
      </trkpt>
      <trkpt lat="43.49918" lon="3.62403">
        <ele>66.5</ele>
      </trkpt>
      <trkpt lat="43.49886" lon="3.62372">
        <ele>66.2</ele>
      </trkpt>
      <trkpt lat="43.49872" lon="3.62357">
        <ele>65.2</ele>
      </trkpt>
      <trkpt lat="43.49865" lon="3.6234">
        <ele>63.5</ele>
      </trkpt>
      <trkpt lat="43.49854" lon="3.62328">
        <ele>63</ele>
      </trkpt>
      <trkpt lat="43.49853" lon="3.62309">
        <ele>62.4</ele>
      </trkpt>
      <trkpt lat="43.49863" lon="3.62279">
        <ele>60</ele>
      </trkpt>
      <trkpt lat="43.49879" lon="3.62256">
        <ele>59.4</ele>
      </trkpt>
      <trkpt lat="43.49917" lon="3.62179">
        <ele>56</ele>
      </trkpt>
      <trkpt lat="43.49946" lon="3.62121">
        <ele>52.4</ele>
      </trkpt>
      <trkpt lat="43.49979" lon="3.62055">
        <ele>50.7</ele>
      </trkpt>
      <trkpt lat="43.50061" lon="3.62071">
        <ele>49.6</ele>
      </trkpt>
      <trkpt lat="43.50115" lon="3.62089">
        <ele>50.2</ele>
      </trkpt>
      <trkpt lat="43.50168" lon="3.62096">
        <ele>50.5</ele>
      </trkpt>
      <trkpt lat="43.50207" lon="3.62106">
        <ele>51</ele>
      </trkpt>
      <trkpt lat="43.50258" lon="3.62121">
        <ele>50.7</ele>
      </trkpt>
      <trkpt lat="43.50283" lon="3.62126">
        <ele>49.8</ele>
      </trkpt>
      <trkpt lat="43.50331" lon="3.62126">
        <ele>48.1</ele>
      </trkpt>
      <trkpt lat="43.50377" lon="3.62121">
        <ele>45.4</ele>
      </trkpt>
      <trkpt lat="43.50389" lon="3.62129">
        <ele>45.3</ele>
      </trkpt>
      <trkpt lat="43.50401" lon="3.62161">
        <ele>45.9</ele>
      </trkpt>
      <trkpt lat="43.50444" lon="3.62163">
        <ele>45.8</ele>
      </trkpt>
      <trkpt lat="43.50487" lon="3.62158">
        <ele>47.8</ele>
      </trkpt>
      <trkpt lat="43.50527" lon="3.62154">
        <ele>50.5</ele>
      </trkpt>
      <trkpt lat="43.50581" lon="3.62151">
        <ele>53.3</ele>
      </trkpt>
      <trkpt lat="43.50602" lon="3.62144">
        <ele>53.2</ele>
      </trkpt>
      <trkpt lat="43.5063" lon="3.62118">
        <ele>53.2</ele>
      </trkpt>
      <trkpt lat="43.50663" lon="3.6209">
        <ele>52.3</ele>
      </trkpt>
      <trkpt lat="43.50717" lon="3.62052">
        <ele>50.2</ele>
      </trkpt>
      <trkpt lat="43.50743" lon="3.62035">
        <ele>49.5</ele>
      </trkpt>
      <trkpt lat="43.50771" lon="3.62026">
        <ele>49</ele>
      </trkpt>
      <trkpt lat="43.50793" lon="3.6202">
        <ele>48.5</ele>
      </trkpt>
      <trkpt lat="43.50807" lon="3.62012">
        <ele>48</ele>
      </trkpt>
      <trkpt lat="43.5085" lon="3.62">
        <ele>47.4</ele>
      </trkpt>
      <trkpt lat="43.50892" lon="3.61989">
        <ele>47</ele>
      </trkpt>
      <trkpt lat="43.50925" lon="3.61976">
        <ele>47.3</ele>
      </trkpt>
      <trkpt lat="43.50945" lon="3.61971">
        <ele>48</ele>
      </trkpt>
      <trkpt lat="43.50951" lon="3.61962">
        <ele>48.2</ele>
      </trkpt>
      <trkpt lat="43.50951" lon="3.61953">
        <ele>48.2</ele>
      </trkpt>
      <trkpt lat="43.50947" lon="3.61912">
        <ele>48.1</ele>
      </trkpt>
      <trkpt lat="43.50941" lon="3.61894">
        <ele>47.9</ele>
      </trkpt>
      <trkpt lat="43.5091" lon="3.61855">
        <ele>46.8</ele>
      </trkpt>
      <trkpt lat="43.50906" lon="3.6184">
        <ele>46.9</ele>
      </trkpt>
      <trkpt lat="43.50908" lon="3.61827">
        <ele>47.1</ele>
      </trkpt>
      <trkpt lat="43.5092" lon="3.61784">
        <ele>46.4</ele>
      </trkpt>
      <trkpt lat="43.50926" lon="3.61745">
        <ele>46.6</ele>
      </trkpt>
      <trkpt lat="43.50948" lon="3.61698">
        <ele>47.4</ele>
      </trkpt>
      <trkpt lat="43.50947" lon="3.61686">
        <ele>47.1</ele>
      </trkpt>
      <trkpt lat="43.50942" lon="3.61683">
        <ele>47</ele>
      </trkpt>
      <trkpt lat="43.50914" lon="3.61667">
        <ele>46.9</ele>
      </trkpt>
      <trkpt lat="43.50911" lon="3.61659">
        <ele>46.6</ele>
      </trkpt>
      <trkpt lat="43.50921" lon="3.61637">
        <ele>46.2</ele>
      </trkpt>
      <trkpt lat="43.50932" lon="3.61619">
        <ele>46.5</ele>
      </trkpt>
      <trkpt lat="43.5095" lon="3.61604">
        <ele>47.4</ele>
      </trkpt>
      <trkpt lat="43.51034" lon="3.61544">
        <ele>50.3</ele>
      </trkpt>
      <trkpt lat="43.5104" lon="3.61538">
        <ele>50.7</ele>
      </trkpt>
      <trkpt lat="43.51059" lon="3.61511">
        <ele>51</ele>
      </trkpt>
      <trkpt lat="43.5107" lon="3.61509">
        <ele>51.5</ele>
      </trkpt>
      <trkpt lat="43.51093" lon="3.61515">
        <ele>53.1</ele>
      </trkpt>
      <trkpt lat="43.51099" lon="3.61514">
        <ele>53.3</ele>
      </trkpt>
      <trkpt lat="43.51118" lon="3.61507">
        <ele>54.4</ele>
      </trkpt>
      <trkpt lat="43.51142" lon="3.61504">
        <ele>55.9</ele>
      </trkpt>
      <trkpt lat="43.51178" lon="3.61483">
        <ele>56.6</ele>
      </trkpt>
      <trkpt lat="43.51197" lon="3.61478">
        <ele>57.1</ele>
      </trkpt>
      <trkpt lat="43.51215" lon="3.61478">
        <ele>57.6</ele>
      </trkpt>
      <trkpt lat="43.51228" lon="3.61472">
        <ele>58</ele>
      </trkpt>
      <trkpt lat="43.51275" lon="3.61428">
        <ele>58.9</ele>
      </trkpt>
      <trkpt lat="43.51284" lon="3.61429">
        <ele>58.9</ele>
      </trkpt>
      <trkpt lat="43.51294" lon="3.61437">
        <ele>58.6</ele>
      </trkpt>
      <trkpt lat="43.5134" lon="3.61487">
        <ele>59.3</ele>
      </trkpt>
      <trkpt lat="43.51349" lon="3.61491">
        <ele>59.6</ele>
      </trkpt>
      <trkpt lat="43.51356" lon="3.61488">
        <ele>59.8</ele>
      </trkpt>
      <trkpt lat="43.5141" lon="3.61456">
        <ele>63</ele>
      </trkpt>
      <trkpt lat="43.51424" lon="3.61451">
        <ele>63.7</ele>
      </trkpt>
      <trkpt lat="43.5148" lon="3.61438">
        <ele>66.1</ele>
      </trkpt>
      <trkpt lat="43.51537" lon="3.61428">
        <ele>69.3</ele>
      </trkpt>
      <trkpt lat="43.51547" lon="3.61371">
        <ele>70.1</ele>
      </trkpt>
      <trkpt lat="43.51583" lon="3.61189">
        <ele>73.8</ele>
      </trkpt>
      <trkpt lat="43.51596" lon="3.61165">
        <ele>73.8</ele>
      </trkpt>
      <trkpt lat="43.51604" lon="3.61156">
        <ele>73.8</ele>
      </trkpt>
      <trkpt lat="43.51601" lon="3.61147">
        <ele>73.1</ele>
      </trkpt>
      <trkpt lat="43.51545" lon="3.61116">
        <ele>69.3</ele>
      </trkpt>
      <trkpt lat="43.51551" lon="3.61095">
        <ele>69.2</ele>
      </trkpt>
      <trkpt lat="43.51567" lon="3.61037">
        <ele>68.5</ele>
      </trkpt>
      <trkpt lat="43.51568" lon="3.61009">
        <ele>68.7</ele>
      </trkpt>
      <trkpt lat="43.51581" lon="3.6096">
        <ele>69.8</ele>
      </trkpt>
      <trkpt lat="43.51589" lon="3.60938">
        <ele>70</ele>
      </trkpt>
      <trkpt lat="43.51598" lon="3.60888">
        <ele>68.6</ele>
      </trkpt>
      <trkpt lat="43.51597" lon="3.60863">
        <ele>68.9</ele>
      </trkpt>
      <trkpt lat="43.51589" lon="3.60848">
        <ele>68.8</ele>
      </trkpt>
      <trkpt lat="43.51574" lon="3.6084">
        <ele>68.4</ele>
      </trkpt>
      <trkpt lat="43.51535" lon="3.60838">
        <ele>66.3</ele>
      </trkpt>
      <trkpt lat="43.5152" lon="3.60836">
        <ele>65.6</ele>
      </trkpt>
      <trkpt lat="43.51507" lon="3.60826">
        <ele>65.1</ele>
      </trkpt>
      <trkpt lat="43.51498" lon="3.60808">
        <ele>64</ele>
      </trkpt>
      <trkpt lat="43.51497" lon="3.60788">
        <ele>63.2</ele>
      </trkpt>
      <trkpt lat="43.51502" lon="3.60745">
        <ele>61.9</ele>
      </trkpt>
      <trkpt lat="43.51505" lon="3.60718">
        <ele>61</ele>
      </trkpt>
      <trkpt lat="43.51507" lon="3.60662">
        <ele>60.2</ele>
      </trkpt>
      <trkpt lat="43.51506" lon="3.60604">
        <ele>61.2</ele>
      </trkpt>
      <trkpt lat="43.51501" lon="3.60452">
        <ele>61.8</ele>
      </trkpt>
      <trkpt lat="43.51508" lon="3.60364">
        <ele>63.3</ele>
      </trkpt>
      <trkpt lat="43.51531" lon="3.6028">
        <ele>63.2</ele>
      </trkpt>
      <trkpt lat="43.51557" lon="3.60219">
        <ele>64</ele>
      </trkpt>
      <trkpt lat="43.5159" lon="3.60184">
        <ele>63.5</ele>
      </trkpt>
      <trkpt lat="43.51603" lon="3.60166">
        <ele>62.7</ele>
      </trkpt>
      <trkpt lat="43.51616" lon="3.60142">
        <ele>62.3</ele>
      </trkpt>
      <trkpt lat="43.51622" lon="3.60125">
        <ele>63</ele>
      </trkpt>
      <trkpt lat="43.51633" lon="3.60054">
        <ele>65</ele>
      </trkpt>
      <trkpt lat="43.51643" lon="3.60018">
        <ele>65.2</ele>
      </trkpt>
      <trkpt lat="43.5167" lon="3.59957">
        <ele>66.3</ele>
      </trkpt>
      <trkpt lat="43.51678" lon="3.59925">
        <ele>67.2</ele>
      </trkpt>
      <trkpt lat="43.51692" lon="3.59858">
        <ele>66.6</ele>
      </trkpt>
      <trkpt lat="43.51703" lon="3.59793">
        <ele>63.4</ele>
      </trkpt>
      <trkpt lat="43.51717" lon="3.59767">
        <ele>63.6</ele>
      </trkpt>
      <trkpt lat="43.51746" lon="3.59741">
        <ele>65.4</ele>
      </trkpt>
      <trkpt lat="43.5176" lon="3.59722">
        <ele>67.3</ele>
      </trkpt>
      <trkpt lat="43.51767" lon="3.59698">
        <ele>67.8</ele>
      </trkpt>
      <trkpt lat="43.51796" lon="3.59642">
        <ele>67.4</ele>
      </trkpt>
      <trkpt lat="43.51808" lon="3.59602">
        <ele>68.1</ele>
      </trkpt>
      <trkpt lat="43.51818" lon="3.59571">
        <ele>69.4</ele>
      </trkpt>
      <trkpt lat="43.51833" lon="3.59555">
        <ele>71</ele>
      </trkpt>
      <trkpt lat="43.51858" lon="3.5954">
        <ele>73.4</ele>
      </trkpt>
      <trkpt lat="43.51889" lon="3.5952">
        <ele>76.3</ele>
      </trkpt>
      <trkpt lat="43.5192" lon="3.59503">
        <ele>79</ele>
      </trkpt>
      <trkpt lat="43.51983" lon="3.59473">
        <ele>83.3</ele>
      </trkpt>
      <trkpt lat="43.52077" lon="3.59431">
        <ele>89.4</ele>
      </trkpt>
      <trkpt lat="43.52099" lon="3.5941">
        <ele>90.8</ele>
      </trkpt>
      <trkpt lat="43.52128" lon="3.59387">
        <ele>91.5</ele>
      </trkpt>
      <trkpt lat="43.52142" lon="3.59359">
        <ele>92.3</ele>
      </trkpt>
      <trkpt lat="43.52147" lon="3.59339">
        <ele>92</ele>
      </trkpt>
      <trkpt lat="43.52154" lon="3.59294">
        <ele>92</ele>
      </trkpt>
      <trkpt lat="43.52177" lon="3.59269">
        <ele>95</ele>
      </trkpt>
      <trkpt lat="43.5219" lon="3.59261">
        <ele>96</ele>
      </trkpt>
      <trkpt lat="43.52194" lon="3.59233">
        <ele>95.4</ele>
      </trkpt>
      <trkpt lat="43.5221" lon="3.59178">
        <ele>95.2</ele>
      </trkpt>
      <trkpt lat="43.52225" lon="3.59081">
        <ele>93.6</ele>
      </trkpt>
      <trkpt lat="43.52236" lon="3.58981">
        <ele>97.2</ele>
      </trkpt>
      <trkpt lat="43.52242" lon="3.58882">
        <ele>97.1</ele>
      </trkpt>
      <trkpt lat="43.52242" lon="3.58749">
        <ele>100.6</ele>
      </trkpt>
      <trkpt lat="43.52241" lon="3.58569">
        <ele>106.3</ele>
      </trkpt>
      <trkpt lat="43.5224" lon="3.58332">
        <ele>105.9</ele>
      </trkpt>
      <trkpt lat="43.52233" lon="3.5823">
        <ele>110.7</ele>
      </trkpt>
      <trkpt lat="43.52219" lon="3.58137">
        <ele>111.5</ele>
      </trkpt>
      <trkpt lat="43.52176" lon="3.57886">
        <ele>106</ele>
      </trkpt>
      <trkpt lat="43.52168" lon="3.57781">
        <ele>115.1</ele>
      </trkpt>
      <trkpt lat="43.52167" lon="3.57758">
        <ele>115.8</ele>
      </trkpt>
      <trkpt lat="43.52158" lon="3.57716">
        <ele>116.7</ele>
      </trkpt>
      <trkpt lat="43.52169" lon="3.57698">
        <ele>118</ele>
      </trkpt>
      <trkpt lat="43.52174" lon="3.57473">
        <ele>118.1</ele>
      </trkpt>
      <trkpt lat="43.52168" lon="3.57396">
        <ele>117.9</ele>
      </trkpt>
      <trkpt lat="43.52157" lon="3.57329">
        <ele>119.1</ele>
      </trkpt>
      <trkpt lat="43.52144" lon="3.57279">
        <ele>118.9</ele>
      </trkpt>
      <trkpt lat="43.52081" lon="3.57083">
        <ele>124.4</ele>
      </trkpt>
      <trkpt lat="43.52067" lon="3.57029">
        <ele>124.3</ele>
      </trkpt>
      <trkpt lat="43.52056" lon="3.56978">
        <ele>125.7</ele>
      </trkpt>
      <trkpt lat="43.52021" lon="3.56798">
        <ele>124.2</ele>
      </trkpt>
      <trkpt lat="43.51995" lon="3.56659">
        <ele>127.3</ele>
      </trkpt>
      <trkpt lat="43.51979" lon="3.56565">
        <ele>132.8</ele>
      </trkpt>
      <trkpt lat="43.51974" lon="3.56532">
        <ele>135</ele>
      </trkpt>
      <trkpt lat="43.5197" lon="3.56474">
        <ele>138.3</ele>
      </trkpt>
      <trkpt lat="43.51969" lon="3.56405">
        <ele>147.4</ele>
      </trkpt>
      <trkpt lat="43.51969" lon="3.56207">
        <ele>153.3</ele>
      </trkpt>
      <trkpt lat="43.51969" lon="3.56009">
        <ele>146.4</ele>
      </trkpt>
      <trkpt lat="43.51968" lon="3.55876">
        <ele>141.2</ele>
      </trkpt>
      <trkpt lat="43.51968" lon="3.55793">
        <ele>140.1</ele>
      </trkpt>
      <trkpt lat="43.51967" lon="3.55741">
        <ele>138.7</ele>
      </trkpt>
      <trkpt lat="43.51966" lon="3.55722">
        <ele>138.2</ele>
      </trkpt>
      <trkpt lat="43.51969" lon="3.5566">
        <ele>137.1</ele>
      </trkpt>
      <trkpt lat="43.51977" lon="3.55595">
        <ele>136.9</ele>
      </trkpt>
      <trkpt lat="43.51982" lon="3.55554">
        <ele>135.6</ele>
      </trkpt>
      <trkpt lat="43.51989" lon="3.55521">
        <ele>134.5</ele>
      </trkpt>
      <trkpt lat="43.51979" lon="3.55517">
        <ele>134.1</ele>
      </trkpt>
      <trkpt lat="43.51973" lon="3.55505">
        <ele>134</ele>
      </trkpt>
      <trkpt lat="43.51977" lon="3.55491">
        <ele>134</ele>
      </trkpt>
      <trkpt lat="43.51993" lon="3.55455">
        <ele>133.5</ele>
      </trkpt>
      <trkpt lat="43.52014" lon="3.55403">
        <ele>132.8</ele>
      </trkpt>
      <trkpt lat="43.52037" lon="3.55337">
        <ele>132</ele>
      </trkpt>
      <trkpt lat="43.52039" lon="3.55327">
        <ele>132</ele>
      </trkpt>
      <trkpt lat="43.52039" lon="3.55266">
        <ele>132.4</ele>
      </trkpt>
      <trkpt lat="43.5205" lon="3.5522">
        <ele>131.4</ele>
      </trkpt>
      <trkpt lat="43.52051" lon="3.55171">
        <ele>131</ele>
      </trkpt>
      <trkpt lat="43.52062" lon="3.55071">
        <ele>132.6</ele>
      </trkpt>
      <trkpt lat="43.52061" lon="3.55003">
        <ele>131.9</ele>
      </trkpt>
      <trkpt lat="43.52062" lon="3.54869">
        <ele>130.7</ele>
      </trkpt>
      <trkpt lat="43.52059" lon="3.54855">
        <ele>131</ele>
      </trkpt>
      <trkpt lat="43.52046" lon="3.54836">
        <ele>132.6</ele>
      </trkpt>
      <trkpt lat="43.52042" lon="3.54823">
        <ele>133</ele>
      </trkpt>
      <trkpt lat="43.52033" lon="3.54664">
        <ele>136.5</ele>
      </trkpt>
      <trkpt lat="43.52028" lon="3.54535">
        <ele>140.7</ele>
      </trkpt>
      <trkpt lat="43.52029" lon="3.54521">
        <ele>141.3</ele>
      </trkpt>
      <trkpt lat="43.52055" lon="3.54421">
        <ele>141.9</ele>
      </trkpt>
      <trkpt lat="43.52055" lon="3.54387">
        <ele>142.9</ele>
      </trkpt>
      <trkpt lat="43.52052" lon="3.54363">
        <ele>141.8</ele>
      </trkpt>
      <trkpt lat="43.52055" lon="3.54306">
        <ele>139.9</ele>
      </trkpt>
      <trkpt lat="43.52061" lon="3.54271">
        <ele>138.3</ele>
      </trkpt>
      <trkpt lat="43.5206" lon="3.54231">
        <ele>134.6</ele>
      </trkpt>
      <trkpt lat="43.52065" lon="3.54198">
        <ele>132.7</ele>
      </trkpt>
      <trkpt lat="43.5208" lon="3.5415">
        <ele>127.9</ele>
      </trkpt>
      <trkpt lat="43.52087" lon="3.54116">
        <ele>123.3</ele>
      </trkpt>
      <trkpt lat="43.52094" lon="3.54104">
        <ele>121.5</ele>
      </trkpt>
      <trkpt lat="43.5211" lon="3.54085">
        <ele>120.1</ele>
      </trkpt>
      <trkpt lat="43.52113" lon="3.54071">
        <ele>119.4</ele>
      </trkpt>
      <trkpt lat="43.52113" lon="3.54048">
        <ele>117.4</ele>
      </trkpt>
      <trkpt lat="43.52109" lon="3.5403">
        <ele>114.8</ele>
      </trkpt>
      <trkpt lat="43.52111" lon="3.54019">
        <ele>113.9</ele>
      </trkpt>
      <trkpt lat="43.52128" lon="3.54006">
        <ele>115.7</ele>
      </trkpt>
      <trkpt lat="43.52133" lon="3.53996">
        <ele>115.6</ele>
      </trkpt>
      <trkpt lat="43.52131" lon="3.53975">
        <ele>113</ele>
      </trkpt>
      <trkpt lat="43.5212" lon="3.53941">
        <ele>108.8</ele>
      </trkpt>
      <trkpt lat="43.52119" lon="3.53919">
        <ele>106.3</ele>
      </trkpt>
      <trkpt lat="43.52123" lon="3.5389">
        <ele>103.8</ele>
      </trkpt>
      <trkpt lat="43.52138" lon="3.53819">
        <ele>97.9</ele>
      </trkpt>
      <trkpt lat="43.52151" lon="3.53773">
        <ele>94.4</ele>
      </trkpt>
      <trkpt lat="43.52165" lon="3.5373">
        <ele>90.8</ele>
      </trkpt>
      <trkpt lat="43.52172" lon="3.53697">
        <ele>87.3</ele>
      </trkpt>
      <trkpt lat="43.52179" lon="3.53688">
        <ele>86.8</ele>
      </trkpt>
      <trkpt lat="43.52204" lon="3.53685">
        <ele>86.9</ele>
      </trkpt>
      <trkpt lat="43.52218" lon="3.53658">
        <ele>87.7</ele>
      </trkpt>
      <trkpt lat="43.52232" lon="3.5364">
        <ele>89.4</ele>
      </trkpt>
      <trkpt lat="43.5227" lon="3.53605">
        <ele>94.6</ele>
      </trkpt>
      <trkpt lat="43.52266" lon="3.53598">
        <ele>94.4</ele>
      </trkpt>
      <trkpt lat="43.52258" lon="3.53583">
        <ele>93.8</ele>
      </trkpt>
      <trkpt lat="43.52214" lon="3.53493">
        <ele>91.6</ele>
      </trkpt>
      <trkpt lat="43.52169" lon="3.5342">
        <ele>89.2</ele>
      </trkpt>
      <trkpt lat="43.52098" lon="3.53314">
        <ele>88.1</ele>
      </trkpt>
      <trkpt lat="43.52086" lon="3.53289">
        <ele>87.3</ele>
      </trkpt>
      <trkpt lat="43.52069" lon="3.53238">
        <ele>85.8</ele>
      </trkpt>
      <trkpt lat="43.52055" lon="3.53171">
        <ele>84.9</ele>
      </trkpt>
      <trkpt lat="43.52052" lon="3.53146">
        <ele>85.2</ele>
      </trkpt>
      <trkpt lat="43.52036" lon="3.53078">
        <ele>84.3</ele>
      </trkpt>
      <trkpt lat="43.52023" lon="3.53045">
        <ele>83.7</ele>
      </trkpt>
      <trkpt lat="43.52014" lon="3.53022">
        <ele>83.5</ele>
      </trkpt>
      <trkpt lat="43.51995" lon="3.52959">
        <ele>81.6</ele>
      </trkpt>
      <trkpt lat="43.51985" lon="3.52898">
        <ele>80.4</ele>
      </trkpt>
      <trkpt lat="43.51988" lon="3.52884">
        <ele>80.6</ele>
      </trkpt>
      <trkpt lat="43.5201" lon="3.52874">
        <ele>82.4</ele>
      </trkpt>
      <trkpt lat="43.52016" lon="3.52866">
        <ele>82.8</ele>
      </trkpt>
      <trkpt lat="43.52014" lon="3.52803">
        <ele>82</ele>
      </trkpt>
      <trkpt lat="43.52017" lon="3.52788">
        <ele>82.2</ele>
      </trkpt>
      <trkpt lat="43.52025" lon="3.52779">
        <ele>82.8</ele>
      </trkpt>
      <trkpt lat="43.52055" lon="3.52764">
        <ele>84.5</ele>
      </trkpt>
      <trkpt lat="43.52054" lon="3.52745">
        <ele>83.9</ele>
      </trkpt>
      <trkpt lat="43.52058" lon="3.52726">
        <ele>84.2</ele>
      </trkpt>
      <trkpt lat="43.52067" lon="3.52689">
        <ele>84.8</ele>
      </trkpt>
      <trkpt lat="43.52068" lon="3.52678">
        <ele>84.9</ele>
      </trkpt>
      <trkpt lat="43.52067" lon="3.52655">
        <ele>84.4</ele>
      </trkpt>
      <trkpt lat="43.52068" lon="3.52627">
        <ele>83.9</ele>
      </trkpt>
      <trkpt lat="43.52074" lon="3.52574">
        <ele>83.3</ele>
      </trkpt>
      <trkpt lat="43.52077" lon="3.5255">
        <ele>83.4</ele>
      </trkpt>
      <trkpt lat="43.5209" lon="3.52488">
        <ele>82.4</ele>
      </trkpt>
      <trkpt lat="43.52096" lon="3.52464">
        <ele>80.6</ele>
      </trkpt>
      <trkpt lat="43.52101" lon="3.52418">
        <ele>77.4</ele>
      </trkpt>
      <trkpt lat="43.52106" lon="3.52408">
        <ele>76.9</ele>
      </trkpt>
      <trkpt lat="43.52116" lon="3.52398">
        <ele>77</ele>
      </trkpt>
      <trkpt lat="43.52124" lon="3.52376">
        <ele>77.2</ele>
      </trkpt>
      <trkpt lat="43.52128" lon="3.52358">
        <ele>77.7</ele>
      </trkpt>
      <trkpt lat="43.52134" lon="3.52327">
        <ele>79</ele>
      </trkpt>
      <trkpt lat="43.52164" lon="3.52289">
        <ele>80.4</ele>
      </trkpt>
      <trkpt lat="43.52191" lon="3.52231">
        <ele>80</ele>
      </trkpt>
      <trkpt lat="43.52242" lon="3.5213">
        <ele>75.7</ele>
      </trkpt>
      <trkpt lat="43.52281" lon="3.52042">
        <ele>73.1</ele>
      </trkpt>
      <trkpt lat="43.52326" lon="3.51931">
        <ele>73.7</ele>
      </trkpt>
      <trkpt lat="43.52346" lon="3.51865">
        <ele>74.1</ele>
      </trkpt>
      <trkpt lat="43.52358" lon="3.51865">
        <ele>74.9</ele>
      </trkpt>
      <trkpt lat="43.52384" lon="3.51772">
        <ele>76</ele>
      </trkpt>
      <trkpt lat="43.52403" lon="3.51692">
        <ele>71.7</ele>
      </trkpt>
      <trkpt lat="43.52468" lon="3.51346">
        <ele>66.2</ele>
      </trkpt>
      <trkpt lat="43.52461" lon="3.51331">
        <ele>65.5</ele>
      </trkpt>
      <trkpt lat="43.52492" lon="3.51176">
        <ele>63.8</ele>
      </trkpt>
      <trkpt lat="43.52533" lon="3.50966">
        <ele>59.6</ele>
      </trkpt>
      <trkpt lat="43.52574" lon="3.50747">
        <ele>56.3</ele>
      </trkpt>
      <trkpt lat="43.52597" lon="3.50658">
        <ele>55.3</ele>
      </trkpt>
      <trkpt lat="43.52624" lon="3.50588">
        <ele>55.2</ele>
      </trkpt>
      <trkpt lat="43.52655" lon="3.50525">
        <ele>55</ele>
      </trkpt>
      <trkpt lat="43.52683" lon="3.50478">
        <ele>54.2</ele>
      </trkpt>
      <trkpt lat="43.52741" lon="3.5041">
        <ele>51.9</ele>
      </trkpt>
      <trkpt lat="43.52751" lon="3.50385">
        <ele>51.9</ele>
      </trkpt>
      <trkpt lat="43.52765" lon="3.503">
        <ele>48.8</ele>
      </trkpt>
      <trkpt lat="43.52771" lon="3.50277">
        <ele>48</ele>
      </trkpt>
      <trkpt lat="43.52795" lon="3.50214">
        <ele>46.4</ele>
      </trkpt>
      <trkpt lat="43.52848" lon="3.50093">
        <ele>44.5</ele>
      </trkpt>
      <trkpt lat="43.52884" lon="3.50018">
        <ele>43.6</ele>
      </trkpt>
      <trkpt lat="43.52893" lon="3.4999">
        <ele>44</ele>
      </trkpt>
      <trkpt lat="43.52921" lon="3.49923">
        <ele>43.6</ele>
      </trkpt>
      <trkpt lat="43.52945" lon="3.49873">
        <ele>42.4</ele>
      </trkpt>
      <trkpt lat="43.52953" lon="3.49854">
        <ele>41.5</ele>
      </trkpt>
      <trkpt lat="43.52955" lon="3.4983">
        <ele>40.9</ele>
      </trkpt>
      <trkpt lat="43.52954" lon="3.49808">
        <ele>40.4</ele>
      </trkpt>
      <trkpt lat="43.52946" lon="3.49744">
        <ele>37</ele>
      </trkpt>
      <trkpt lat="43.52944" lon="3.49697">
        <ele>35</ele>
      </trkpt>
      <trkpt lat="43.5297" lon="3.49535">
        <ele>31.2</ele>
      </trkpt>
      <trkpt lat="43.52975" lon="3.49494">
        <ele>29.1</ele>
      </trkpt>
      <trkpt lat="43.52981" lon="3.49468">
        <ele>28.9</ele>
      </trkpt>
      <trkpt lat="43.52991" lon="3.49445">
        <ele>29.3</ele>
      </trkpt>
      <trkpt lat="43.53009" lon="3.49395">
        <ele>28.9</ele>
      </trkpt>
      <trkpt lat="43.5303" lon="3.49329">
        <ele>27.3</ele>
      </trkpt>
      <trkpt lat="43.53032" lon="3.49313">
        <ele>27.5</ele>
      </trkpt>
      <trkpt lat="43.53031" lon="3.49259">
        <ele>27.2</ele>
      </trkpt>
      <trkpt lat="43.53032" lon="3.49238">
        <ele>27.2</ele>
      </trkpt>
      <trkpt lat="43.53035" lon="3.49214">
        <ele>27.3</ele>
      </trkpt>
      <trkpt lat="43.53049" lon="3.49166">
        <ele>27</ele>
      </trkpt>
      <trkpt lat="43.53067" lon="3.49124">
        <ele>26.7</ele>
      </trkpt>
      <trkpt lat="43.53188" lon="3.49211">
        <ele>28.7</ele>
      </trkpt>
      <trkpt lat="43.53232" lon="3.49252">
        <ele>29.7</ele>
      </trkpt>
      <trkpt lat="43.53273" lon="3.49099">
        <ele>26.6</ele>
      </trkpt>
      <trkpt lat="43.53283" lon="3.49092">
        <ele>26.3</ele>
      </trkpt>
      <trkpt lat="43.53318" lon="3.49115">
        <ele>26.5</ele>
      </trkpt>
      <trkpt lat="43.53328" lon="3.49124">
        <ele>26.1</ele>
      </trkpt>
      <trkpt lat="43.53333" lon="3.49123">
        <ele>26</ele>
      </trkpt>
      <trkpt lat="43.53334" lon="3.49101">
        <ele>26</ele>
      </trkpt>
      <trkpt lat="43.53335" lon="3.49028">
        <ele>26</ele>
      </trkpt>
      <trkpt lat="43.53337" lon="3.48981">
        <ele>25.3</ele>
      </trkpt>
      <trkpt lat="43.53341" lon="3.4894">
        <ele>25</ele>
      </trkpt>
      <trkpt lat="43.53358" lon="3.48893">
        <ele>25</ele>
      </trkpt>
      <trkpt lat="43.53376" lon="3.48809">
        <ele>25</ele>
      </trkpt>
      <trkpt lat="43.53381" lon="3.48777">
        <ele>24.7</ele>
      </trkpt>
      <trkpt lat="43.53532" lon="3.48845">
        <ele>24.9</ele>
      </trkpt>
      <trkpt lat="43.53663" lon="3.48884">
        <ele>25.7</ele>
      </trkpt>
      <trkpt lat="43.5372" lon="3.48904">
        <ele>26</ele>
      </trkpt>
      <trkpt lat="43.53764" lon="3.48923">
        <ele>26.1</ele>
      </trkpt>
      <trkpt lat="43.53809" lon="3.48948">
        <ele>27</ele>
      </trkpt>
      <trkpt lat="43.5382" lon="3.48951">
        <ele>27</ele>
      </trkpt>
      <trkpt lat="43.53817" lon="3.486">
        <ele>24.5</ele>
      </trkpt>
      <trkpt lat="43.53826" lon="3.48561">
        <ele>24.9</ele>
      </trkpt>
      <trkpt lat="43.53828" lon="3.48531">
        <ele>25</ele>
      </trkpt>
      <trkpt lat="43.53814" lon="3.48501">
        <ele>24.1</ele>
      </trkpt>
      <trkpt lat="43.53809" lon="3.48473">
        <ele>24</ele>
      </trkpt>
      <trkpt lat="43.53778" lon="3.48135">
        <ele>23</ele>
      </trkpt>
      <trkpt lat="43.53783" lon="3.48034">
        <ele>23.8</ele>
      </trkpt>
      <trkpt lat="43.53867" lon="3.47683">
        <ele>23.5</ele>
      </trkpt>
      <trkpt lat="43.53877" lon="3.47623">
        <ele>23</ele>
      </trkpt>
      <trkpt lat="43.53898" lon="3.47627">
        <ele>23</ele>
        <time>2024-05-13T04:35:18+00:00</time>
      </trkpt>
      <trkpt lat="43.5389" lon="3.47671">
        <ele>23</ele>
      </trkpt>
      <trkpt lat="43.53885" lon="3.47743">
        <ele>23.2</ele>
        <time>2024-05-13T04:35:54+00:00</time>
      </trkpt>
      <trkpt lat="43.53885" lon="3.4775">
        <ele>23.1</ele>
      </trkpt>
      <trkpt lat="43.53898" lon="3.47799">
        <ele>23</ele>
        <time>2024-05-13T04:36:13+00:00</time>
      </trkpt>
      <trkpt lat="43.53894" lon="3.4783">
        <ele>22.3</ele>
        <time>2024-05-13T04:36:24+00:00</time>
      </trkpt>
      <trkpt lat="43.53898" lon="3.47834">
        <ele>22.2</ele>
      </trkpt>
      <trkpt lat="43.53948" lon="3.47847">
        <ele>23.5</ele>
      </trkpt>
      <trkpt lat="43.54" lon="3.47871">
        <ele>23.7</ele>
      </trkpt>
      <trkpt lat="43.54092" lon="3.47912">
        <ele>23</ele>
        <time>2024-05-13T04:37:52+00:00</time>
      </trkpt>
      <trkpt lat="43.54189" lon="3.47916">
        <ele>23</ele>
      </trkpt>
      <trkpt lat="43.54236" lon="3.47933">
        <ele>23</ele>
      </trkpt>
      <trkpt lat="43.54251" lon="3.47928">
        <ele>22.4</ele>
        <time>2024-05-13T04:38:58+00:00</time>
      </trkpt>
      <trkpt lat="43.54275" lon="3.47917">
        <ele>22</ele>
        <time>2024-05-13T04:39:09+00:00</time>
      </trkpt>
      <trkpt lat="43.54397" lon="3.47923">
        <ele>21.7</ele>
      </trkpt>
      <trkpt lat="43.54495" lon="3.4792">
        <ele>23.1</ele>
        <time>2024-05-13T04:40:40+00:00</time>
      </trkpt>
      <trkpt lat="43.54543" lon="3.47911">
        <ele>24.1</ele>
        <time>2024-05-13T04:41:01+00:00</time>
      </trkpt>
      <trkpt lat="43.54759" lon="3.47956">
        <ele>23.6</ele>
      </trkpt>
      <trkpt lat="43.54838" lon="3.47982">
        <ele>24.4</ele>
        <time>2024-05-13T04:43:06+00:00</time>
      </trkpt>
      <trkpt lat="43.54868" lon="3.47998">
        <ele>25</ele>
      </trkpt>
      <trkpt lat="43.54891" lon="3.48018">
        <ele>25</ele>
      </trkpt>
      <trkpt lat="43.54918" lon="3.48044">
        <ele>23.3</ele>
      </trkpt>
      <trkpt lat="43.54992" lon="3.48102">
        <ele>22.9</ele>
      </trkpt>
      <trkpt lat="43.55005" lon="3.48114">
        <ele>23.5</ele>
      </trkpt>
      <trkpt lat="43.5503" lon="3.48126">
        <ele>23.5</ele>
      </trkpt>
      <trkpt lat="43.55039" lon="3.48137">
        <ele>23.4</ele>
        <time>2024-05-13T04:44:44+00:00</time>
      </trkpt>
      <trkpt lat="43.5506" lon="3.4817">
        <ele>22.4</ele>
        <time>2024-05-13T04:44:58+00:00</time>
      </trkpt>
      <trkpt lat="43.55075" lon="3.48175">
        <ele>21.9</ele>
      </trkpt>
      <trkpt lat="43.55087" lon="3.48185">
        <ele>21.4</ele>
        <time>2024-05-13T04:45:11+00:00</time>
      </trkpt>
      <trkpt lat="43.55097" lon="3.48189">
        <ele>22.3</ele>
      </trkpt>
      <trkpt lat="43.55106" lon="3.48184">
        <ele>23.5</ele>
      </trkpt>
      <trkpt lat="43.55147" lon="3.4819">
        <ele>24.2</ele>
      </trkpt>
      <trkpt lat="43.55154" lon="3.48187">
        <ele>24.4</ele>
        <time>2024-05-13T04:45:41+00:00</time>
      </trkpt>
      <trkpt lat="43.55162" lon="3.48177">
        <ele>24.3</ele>
      </trkpt>
      <trkpt lat="43.55169" lon="3.48176">
        <ele>24.4</ele>
        <time>2024-05-13T04:45:49+00:00</time>
      </trkpt>
      <trkpt lat="43.55211" lon="3.48204">
        <ele>24.5</ele>
      </trkpt>
      <trkpt lat="43.55238" lon="3.48218">
        <ele>24.6</ele>
      </trkpt>
      <trkpt lat="43.55247" lon="3.48226">
        <ele>23.8</ele>
      </trkpt>
      <trkpt lat="43.55269" lon="3.48236">
        <ele>23.9</ele>
        <time>2024-05-13T04:46:35+00:00</time>
      </trkpt>
      <trkpt lat="43.55298" lon="3.48265">
        <ele>23.7</ele>
      </trkpt>
      <trkpt lat="43.55321" lon="3.48294">
        <ele>24.2</ele>
        <time>2024-05-13T04:47:04+00:00</time>
      </trkpt>
      <trkpt lat="43.55337" lon="3.48329">
        <ele>24</ele>
        <time>2024-05-13T04:47:16+00:00</time>
      </trkpt>
      <trkpt lat="43.55368" lon="3.4835">
        <ele>23.4</ele>
        <time>2024-05-13T04:47:30+00:00</time>
      </trkpt>
      <trkpt lat="43.55377" lon="3.48378">
        <ele>22.8</ele>
        <time>2024-05-13T04:47:40+00:00</time>
      </trkpt>
      <trkpt lat="43.55378" lon="3.48452">
        <ele>23.1</ele>
        <time>2024-05-13T04:48:02+00:00</time>
      </trkpt>
      <trkpt lat="43.55392" lon="3.48467">
        <ele>22.4</ele>
        <time>2024-05-13T04:48:10+00:00</time>
      </trkpt>
      <trkpt lat="43.55408" lon="3.48452">
        <ele>24</ele>
      </trkpt>
      <trkpt lat="43.55412" lon="3.48438">
        <ele>24.6</ele>
      </trkpt>
      <trkpt lat="43.55435" lon="3.48406">
        <ele>24.4</ele>
      </trkpt>
      <trkpt lat="43.55447" lon="3.4838">
        <ele>24.1</ele>
        <time>2024-05-13T04:48:44+00:00</time>
      </trkpt>
      <trkpt lat="43.55471" lon="3.48326">
        <ele>24.2</ele>
      </trkpt>
      <trkpt lat="43.55481" lon="3.48306">
        <ele>24.7</ele>
        <time>2024-05-13T04:49:13+00:00</time>
      </trkpt>
      <trkpt lat="43.55479" lon="3.48293">
        <ele>25.3</ele>
        <time>2024-05-13T04:49:17+00:00</time>
      </trkpt>
      <trkpt lat="43.55487" lon="3.48296">
        <ele>25</ele>
        <time>2024-05-13T04:49:21+00:00</time>
      </trkpt>
      <trkpt lat="43.55527" lon="3.48239">
        <ele>26</ele>
      </trkpt>
      <trkpt lat="43.55555" lon="3.48181">
        <ele>26</ele>
      </trkpt>
      <trkpt lat="43.55604" lon="3.48095">
        <ele>26</ele>
      </trkpt>
      <trkpt lat="43.55637" lon="3.48033">
        <ele>26</ele>
      </trkpt>
      <trkpt lat="43.5567" lon="3.47981">
        <ele>26.9</ele>
      </trkpt>
      <trkpt lat="43.55696" lon="3.47952">
        <ele>26</ele>
        <time>2024-05-13T04:51:27+00:00</time>
      </trkpt>
      <trkpt lat="43.55814" lon="3.47843">
        <ele>27.4</ele>
      </trkpt>
      <trkpt lat="43.55844" lon="3.47821">
        <ele>27.4</ele>
      </trkpt>
      <trkpt lat="43.5589" lon="3.47777">
        <ele>29</ele>
        <time>2024-05-13T04:53:10+00:00</time>
      </trkpt>
      <trkpt lat="43.55935" lon="3.4773">
        <ele>29.3</ele>
      </trkpt>
      <trkpt lat="43.55988" lon="3.47668">
        <ele>29.4</ele>
        <time>2024-05-13T04:54:00+00:00</time>
      </trkpt>
      <trkpt lat="43.56042" lon="3.47626">
        <ele>28.7</ele>
      </trkpt>
      <trkpt lat="43.5612" lon="3.47531">
        <ele>29</ele>
      </trkpt>
      <trkpt lat="43.56149" lon="3.47503">
        <ele>29</ele>
      </trkpt>
      <trkpt lat="43.56181" lon="3.4747">
        <ele>29.5</ele>
      </trkpt>
      <trkpt lat="43.56215" lon="3.47437">
        <ele>29.2</ele>
      </trkpt>
      <trkpt lat="43.56369" lon="3.47317">
        <ele>29.9</ele>
      </trkpt>
      <trkpt lat="43.56391" lon="3.47298">
        <ele>30.3</ele>
      </trkpt>
      <trkpt lat="43.56441" lon="3.47264">
        <ele>30.6</ele>
      </trkpt>
      <trkpt lat="43.5647" lon="3.47249">
        <ele>30.1</ele>
      </trkpt>
      <trkpt lat="43.56494" lon="3.47235">
        <ele>30.2</ele>
      </trkpt>
      <trkpt lat="43.56502" lon="3.47218">
        <ele>30.8</ele>
      </trkpt>
      <trkpt lat="43.56503" lon="3.47193">
        <ele>31</ele>
      </trkpt>
      <trkpt lat="43.56501" lon="3.47133">
        <ele>33.8</ele>
      </trkpt>
      <trkpt lat="43.56509" lon="3.47118">
        <ele>36.3</ele>
      </trkpt>
      <trkpt lat="43.56546" lon="3.47109">
        <ele>38</ele>
      </trkpt>
      <trkpt lat="43.56692" lon="3.47047">
        <ele>36.1</ele>
      </trkpt>
      <trkpt lat="43.56743" lon="3.47026">
        <ele>36.6</ele>
      </trkpt>
      <trkpt lat="43.56771" lon="3.47005">
        <ele>36.1</ele>
      </trkpt>
      <trkpt lat="43.5679" lon="3.46981">
        <ele>37.3</ele>
      </trkpt>
      <trkpt lat="43.56807" lon="3.46939">
        <ele>37.2</ele>
      </trkpt>
      <trkpt lat="43.56819" lon="3.46893">
        <ele>38.4</ele>
      </trkpt>
      <trkpt lat="43.56826" lon="3.46857">
        <ele>38.7</ele>
      </trkpt>
      <trkpt lat="43.56833" lon="3.46787">
        <ele>39</ele>
      </trkpt>
      <trkpt lat="43.5684" lon="3.46748">
        <ele>39</ele>
      </trkpt>
      <trkpt lat="43.56856" lon="3.46694">
        <ele>39</ele>
      </trkpt>
      <trkpt lat="43.56867" lon="3.46647">
        <ele>39.2</ele>
      </trkpt>
      <trkpt lat="43.5687" lon="3.46609">
        <ele>39.3</ele>
        <time>2024-05-13T05:07:18+00:00</time>
      </trkpt>
      <trkpt lat="43.56871" lon="3.46562">
        <ele>40.1</ele>
        <time>2024-05-13T05:07:33+00:00</time>
      </trkpt>
      <trkpt lat="43.56953" lon="3.4653">
        <ele>42.7</ele>
        <time>2024-05-13T05:08:08+00:00</time>
      </trkpt>
      <trkpt lat="43.56907" lon="3.46366">
        <ele>44</ele>
      </trkpt>
      <trkpt lat="43.569" lon="3.46336">
        <ele>43.4</ele>
        <time>2024-05-13T05:09:15+00:00</time>
      </trkpt>
      <trkpt lat="43.569" lon="3.46306">
        <ele>42.3</ele>
      </trkpt>
      <trkpt lat="43.56909" lon="3.46189">
        <ele>42.3</ele>
      </trkpt>
      <trkpt lat="43.56909" lon="3.46168">
        <ele>42.3</ele>
        <time>2024-05-13T05:10:01+00:00</time>
      </trkpt>
      <trkpt lat="43.56861" lon="3.46166">
        <ele>43</ele>
        <time>2024-05-13T05:10:21+00:00</time>
      </trkpt>
      <trkpt lat="43.5686" lon="3.46122">
        <ele>43</ele>
      </trkpt>
      <trkpt lat="43.56843" lon="3.46048">
        <ele>44</ele>
        <time>2024-05-13T05:10:58+00:00</time>
      </trkpt>
      <trkpt lat="43.56848" lon="3.45969">
        <ele>45</ele>
        <time>2024-05-13T05:11:22+00:00</time>
      </trkpt>
      <trkpt lat="43.56788" lon="3.4591">
        <ele>46.2</ele>
        <time>2024-05-13T05:11:54+00:00</time>
      </trkpt>
      <trkpt lat="43.56867" lon="3.45702">
        <ele>53.8</ele>
        <time>2024-05-13T05:13:04+00:00</time>
      </trkpt>
      <trkpt lat="43.56897" lon="3.45564">
        <ele>58.4</ele>
        <time>2024-05-13T05:13:47+00:00</time>
      </trkpt>
      <trkpt lat="43.56899" lon="3.45507">
        <ele>58.6</ele>
      </trkpt>
      <trkpt lat="43.56902" lon="3.45424">
        <ele>56.2</ele>
      </trkpt>
      <trkpt lat="43.56908" lon="3.45371">
        <ele>54.5</ele>
      </trkpt>
      <trkpt lat="43.56912" lon="3.45363">
        <ele>53.9</ele>
        <time>2024-05-13T05:14:48+00:00</time>
      </trkpt>
      <trkpt lat="43.56899" lon="3.45278">
        <ele>55</ele>
        <time>2024-05-13T05:15:14+00:00</time>
      </trkpt>
      <trkpt lat="43.569" lon="3.45262">
        <ele>55.2</ele>
        <time>2024-05-13T05:15:20+00:00</time>
      </trkpt>
      <trkpt lat="43.56767" lon="3.45117">
        <ele>64.6</ele>
      </trkpt>
      <trkpt lat="43.56749" lon="3.4512">
        <ele>64.8</ele>
      </trkpt>
      <trkpt lat="43.56672" lon="3.45097">
        <ele>69.7</ele>
      </trkpt>
      <trkpt lat="43.56626" lon="3.4509">
        <ele>71.5</ele>
      </trkpt>
      <trkpt lat="43.56621" lon="3.45073">
        <ele>72</ele>
      </trkpt>
      <trkpt lat="43.56611" lon="3.45055">
        <ele>73</ele>
      </trkpt>
      <trkpt lat="43.56615" lon="3.45043">
        <ele>72.9</ele>
      </trkpt>
      <trkpt lat="43.56606" lon="3.45023">
        <ele>73</ele>
      </trkpt>
      <trkpt lat="43.56632" lon="3.44991">
        <ele>73</ele>
      </trkpt>
      <trkpt lat="43.56659" lon="3.44954">
        <ele>73.5</ele>
      </trkpt>
      <trkpt lat="43.56681" lon="3.4494">
        <ele>74.1</ele>
      </trkpt>
      <trkpt lat="43.56688" lon="3.44947">
        <ele>74</ele>
      </trkpt>
      <trkpt lat="43.56706" lon="3.44933">
        <ele>74.8</ele>
      </trkpt>
      <trkpt lat="43.56723" lon="3.44917">
        <ele>76</ele>
      </trkpt>
      <trkpt lat="43.56748" lon="3.44909">
        <ele>76.9</ele>
      </trkpt>
      <trkpt lat="43.56775" lon="3.44884">
        <ele>77</ele>
      </trkpt>
      <trkpt lat="43.56818" lon="3.44847">
        <ele>77</ele>
      </trkpt>
      <trkpt lat="43.56872" lon="3.44792">
        <ele>77.8</ele>
      </trkpt>
      <trkpt lat="43.57086" lon="3.4468">
        <ele>77.9</ele>
      </trkpt>
      <trkpt lat="43.57116" lon="3.44658">
        <ele>77.8</ele>
      </trkpt>
      <trkpt lat="43.57501" lon="3.44248">
        <ele>88.1</ele>
      </trkpt>
      <trkpt lat="43.57523" lon="3.44207">
        <ele>88.6</ele>
      </trkpt>
      <trkpt lat="43.57568" lon="3.44141">
        <ele>90.5</ele>
      </trkpt>
      <trkpt lat="43.57602" lon="3.44074">
        <ele>93.4</ele>
      </trkpt>
      <trkpt lat="43.57667" lon="3.4382">
        <ele>103.5</ele>
      </trkpt>
      <trkpt lat="43.57655" lon="3.43796">
        <ele>105.9</ele>
      </trkpt>
      <trkpt lat="43.57652" lon="3.43781">
        <ele>107.4</ele>
      </trkpt>
      <trkpt lat="43.57654" lon="3.437">
        <ele>111.8</ele>
      </trkpt>
      <trkpt lat="43.57677" lon="3.4366">
        <ele>113</ele>
      </trkpt>
      <trkpt lat="43.57685" lon="3.43632">
        <ele>114.5</ele>
      </trkpt>
      <trkpt lat="43.57696" lon="3.43576">
        <ele>116.3</ele>
      </trkpt>
      <trkpt lat="43.57716" lon="3.43529">
        <ele>118</ele>
      </trkpt>
      <trkpt lat="43.57716" lon="3.43517">
        <ele>118.1</ele>
      </trkpt>
      <trkpt lat="43.57708" lon="3.43507">
        <ele>118.4</ele>
      </trkpt>
      <trkpt lat="43.57665" lon="3.4349">
        <ele>119.1</ele>
      </trkpt>
      <trkpt lat="43.57719" lon="3.43306">
        <ele>120</ele>
      </trkpt>
      <trkpt lat="43.57738" lon="3.43251">
        <ele>120</ele>
      </trkpt>
      <trkpt lat="43.57769" lon="3.43184">
        <ele>120.7</ele>
      </trkpt>
      <trkpt lat="43.57788" lon="3.43144">
        <ele>121.1</ele>
      </trkpt>
      <trkpt lat="43.57808" lon="3.43125">
        <ele>120.4</ele>
      </trkpt>
      <trkpt lat="43.57839" lon="3.43105">
        <ele>119</ele>
      </trkpt>
      <trkpt lat="43.57976" lon="3.42985">
        <ele>115.5</ele>
      </trkpt>
      <trkpt lat="43.58002" lon="3.42988">
        <ele>115.5</ele>
      </trkpt>
      <trkpt lat="43.5804" lon="3.42994">
        <ele>116.6</ele>
      </trkpt>
      <trkpt lat="43.58128" lon="3.42995">
        <ele>120</ele>
      </trkpt>
      <trkpt lat="43.58155" lon="3.42986">
        <ele>120.7</ele>
      </trkpt>
      <trkpt lat="43.58201" lon="3.42978">
        <ele>119.9</ele>
      </trkpt>
      <trkpt lat="43.58223" lon="3.42968">
        <ele>118.1</ele>
      </trkpt>
      <trkpt lat="43.58236" lon="3.42944">
        <ele>117.6</ele>
      </trkpt>
      <trkpt lat="43.58275" lon="3.42872">
        <ele>116.6</ele>
      </trkpt>
      <trkpt lat="43.58303" lon="3.42847">
        <ele>115.3</ele>
      </trkpt>
      <trkpt lat="43.58341" lon="3.42839">
        <ele>115.3</ele>
      </trkpt>
      <trkpt lat="43.58352" lon="3.42828">
        <ele>115.7</ele>
      </trkpt>
      <trkpt lat="43.58364" lon="3.42804">
        <ele>116.2</ele>
      </trkpt>
      <trkpt lat="43.58385" lon="3.42747">
        <ele>117.6</ele>
      </trkpt>
      <trkpt lat="43.58398" lon="3.42709">
        <ele>117.7</ele>
      </trkpt>
      <trkpt lat="43.58415" lon="3.42682">
        <ele>118.5</ele>
      </trkpt>
      <trkpt lat="43.58454" lon="3.42641">
        <ele>121.1</ele>
      </trkpt>
      <trkpt lat="43.58478" lon="3.42614">
        <ele>122.5</ele>
      </trkpt>
      <trkpt lat="43.58505" lon="3.42574">
        <ele>123.5</ele>
      </trkpt>
      <trkpt lat="43.58516" lon="3.42542">
        <ele>124.7</ele>
      </trkpt>
      <trkpt lat="43.5853" lon="3.42505">
        <ele>125.3</ele>
      </trkpt>
      <trkpt lat="43.58587" lon="3.42388">
        <ele>128.3</ele>
      </trkpt>
      <trkpt lat="43.58617" lon="3.42347">
        <ele>129.9</ele>
      </trkpt>
      <trkpt lat="43.58649" lon="3.42272">
        <ele>129.2</ele>
      </trkpt>
      <trkpt lat="43.58695" lon="3.42381">
        <ele>135.1</ele>
      </trkpt>
      <trkpt lat="43.58728" lon="3.42434">
        <ele>140.2</ele>
      </trkpt>
      <trkpt lat="43.58751" lon="3.4245">
        <ele>143.3</ele>
      </trkpt>
      <trkpt lat="43.58908" lon="3.42518">
        <ele>136.8</ele>
      </trkpt>
      <trkpt lat="43.58923" lon="3.42527">
        <ele>135.1</ele>
      </trkpt>
      <trkpt lat="43.58931" lon="3.42504">
        <ele>135.7</ele>
      </trkpt>
      <trkpt lat="43.58936" lon="3.42495">
        <ele>135.9</ele>
      </trkpt>
      <trkpt lat="43.58951" lon="3.42483">
        <ele>135.1</ele>
      </trkpt>
      <trkpt lat="43.58969" lon="3.42448">
        <ele>135.1</ele>
      </trkpt>
      <trkpt lat="43.58985" lon="3.42388">
        <ele>135.3</ele>
      </trkpt>
      <trkpt lat="43.5899" lon="3.42371">
        <ele>136.3</ele>
      </trkpt>
      <trkpt lat="43.58989" lon="3.42344">
        <ele>138.9</ele>
      </trkpt>
      <trkpt lat="43.58993" lon="3.42328">
        <ele>139.3</ele>
      </trkpt>
      <trkpt lat="43.59039" lon="3.42273">
        <ele>136.9</ele>
      </trkpt>
      <trkpt lat="43.59043" lon="3.42259">
        <ele>137.1</ele>
      </trkpt>
      <trkpt lat="43.59042" lon="3.42246">
        <ele>138.1</ele>
      </trkpt>
      <trkpt lat="43.59032" lon="3.42213">
        <ele>141.9</ele>
      </trkpt>
      <trkpt lat="43.59026" lon="3.42192">
        <ele>144.5</ele>
      </trkpt>
      <trkpt lat="43.59021" lon="3.42141">
        <ele>148.8</ele>
      </trkpt>
      <trkpt lat="43.5902" lon="3.42124">
        <ele>150.4</ele>
      </trkpt>
      <trkpt lat="43.59024" lon="3.42098">
        <ele>150.2</ele>
      </trkpt>
      <trkpt lat="43.59023" lon="3.42076">
        <ele>149.6</ele>
      </trkpt>
      <trkpt lat="43.59013" lon="3.42052">
        <ele>150.5</ele>
      </trkpt>
      <trkpt lat="43.58995" lon="3.42037">
        <ele>153</ele>
      </trkpt>
      <trkpt lat="43.58969" lon="3.42028">
        <ele>155.3</ele>
      </trkpt>
      <trkpt lat="43.58965" lon="3.4202">
        <ele>155.2</ele>
        <time>2024-05-13T05:57:34+00:00</time>
      </trkpt>
      <trkpt lat="43.58993" lon="3.42022">
        <ele>151.9</ele>
      </trkpt>
      <trkpt lat="43.5901" lon="3.42026">
        <ele>148.5</ele>
        <time>2024-05-13T05:57:52+00:00</time>
      </trkpt>
      <trkpt lat="43.5908" lon="3.42084">
        <ele>132.8</ele>
        <time>2024-05-13T05:58:27+00:00</time>
      </trkpt>
      <trkpt lat="43.59126" lon="3.42111">
        <ele>122.2</ele>
        <time>2024-05-13T05:58:48+00:00</time>
      </trkpt>
      <trkpt lat="43.59134" lon="3.42129">
        <ele>120.3</ele>
      </trkpt>
      <trkpt lat="43.59147" lon="3.42183">
        <ele>114.4</ele>
      </trkpt>
      <trkpt lat="43.59151" lon="3.42203">
        <ele>111.8</ele>
      </trkpt>
      <trkpt lat="43.59161" lon="3.42232">
        <ele>107</ele>
        <time>2024-05-13T05:59:29+00:00</time>
      </trkpt>
      <trkpt lat="43.59153" lon="3.42298">
        <ele>102</ele>
        <time>2024-05-13T05:59:49+00:00</time>
      </trkpt>
      <trkpt lat="43.59157" lon="3.42333">
        <ele>98.2</ele>
        <time>2024-05-13T05:59:59+00:00</time>
      </trkpt>
      <trkpt lat="43.59195" lon="3.42398">
        <ele>86.3</ele>
        <time>2024-05-13T06:00:25+00:00</time>
      </trkpt>
      <trkpt lat="43.59203" lon="3.42408">
        <ele>85.2</ele>
      </trkpt>
      <trkpt lat="43.59226" lon="3.42426">
        <ele>83.7</ele>
        <time>2024-05-13T06:00:40+00:00</time>
      </trkpt>
      <trkpt lat="43.59229" lon="3.42444">
        <ele>83</ele>
      </trkpt>
      <trkpt lat="43.59227" lon="3.42507">
        <ele>82.6</ele>
        <time>2024-05-13T06:01:05+00:00</time>
      </trkpt>
      <trkpt lat="43.5925" lon="3.42593">
        <ele>83</ele>
      </trkpt>
      <trkpt lat="43.59258" lon="3.42633">
        <ele>82.7</ele>
        <time>2024-05-13T06:01:45+00:00</time>
      </trkpt>
      <trkpt lat="43.59303" lon="3.4271">
        <ele>82.4</ele>
      </trkpt>
      <trkpt lat="43.59371" lon="3.42812">
        <ele>82.7</ele>
        <time>2024-05-13T06:02:56+00:00</time>
      </trkpt>
      <trkpt lat="43.59392" lon="3.42813">
        <ele>84.2</ele>
        <time>2024-05-13T06:03:05+00:00</time>
      </trkpt>
      <trkpt lat="43.59395" lon="3.42643">
        <ele>86.3</ele>
        <time>2024-05-13T06:03:56+00:00</time>
      </trkpt>
      <trkpt lat="43.59409" lon="3.42631">
        <ele>87.4</ele>
      </trkpt>
      <trkpt lat="43.5944" lon="3.42585">
        <ele>88.8</ele>
      </trkpt>
      <trkpt lat="43.59473" lon="3.42529">
        <ele>91.1</ele>
        <time>2024-05-13T06:04:44+00:00</time>
      </trkpt>
      <trkpt lat="43.59484" lon="3.42426">
        <ele>94.7</ele>
        <time>2024-05-13T06:05:15+00:00</time>
      </trkpt>
      <trkpt lat="43.59497" lon="3.42402">
        <ele>96.1</ele>
        <time>2024-05-13T06:05:25+00:00</time>
      </trkpt>
      <trkpt lat="43.59553" lon="3.42378">
        <ele>100.4</ele>
      </trkpt>
      <trkpt lat="43.59562" lon="3.42378">
        <ele>101.3</ele>
      </trkpt>
      <trkpt lat="43.59579" lon="3.42371">
        <ele>102.6</ele>
        <time>2024-05-13T06:06:00+00:00</time>
      </trkpt>
      <trkpt lat="43.59604" lon="3.42356">
        <ele>105.7</ele>
      </trkpt>
      <trkpt lat="43.59627" lon="3.42337">
        <ele>106.2</ele>
        <time>2024-05-13T06:06:22+00:00</time>
      </trkpt>
      <trkpt lat="43.5964" lon="3.42335">
        <ele>107.3</ele>
        <time>2024-05-13T06:06:28+00:00</time>
      </trkpt>
      <trkpt lat="43.59685" lon="3.42354">
        <ele>111.7</ele>
      </trkpt>
      <trkpt lat="43.59712" lon="3.42361">
        <ele>112.6</ele>
      </trkpt>
      <trkpt lat="43.59737" lon="3.42375">
        <ele>114.5</ele>
        <time>2024-05-13T06:07:10+00:00</time>
      </trkpt>
      <trkpt lat="43.59746" lon="3.42372">
        <ele>114.6</ele>
        <time>2024-05-13T06:07:14+00:00</time>
      </trkpt>
      <trkpt lat="43.59765" lon="3.42302">
        <ele>120.5</ele>
      </trkpt>
      <trkpt lat="43.59765" lon="3.42292">
        <ele>121.8</ele>
        <time>2024-05-13T06:07:41+00:00</time>
      </trkpt>
      <trkpt lat="43.59759" lon="3.42286">
        <ele>122.3</ele>
      </trkpt>
      <trkpt lat="43.59758" lon="3.42276">
        <ele>123.8</ele>
        <time>2024-05-13T06:07:45+00:00</time>
      </trkpt>
      <trkpt lat="43.59779" lon="3.4227">
        <ele>125.8</ele>
        <time>2024-05-13T06:07:56+00:00</time>
      </trkpt>
      <trkpt lat="43.59802" lon="3.42286">
        <ele>126.1</ele>
      </trkpt>
      <trkpt lat="43.59817" lon="3.42302">
        <ele>125.7</ele>
        <time>2024-05-13T06:08:15+00:00</time>
      </trkpt>
      <trkpt lat="43.59827" lon="3.42309">
        <ele>126.5</ele>
      </trkpt>
      <trkpt lat="43.59878" lon="3.4231">
        <ele>133.4</ele>
        <time>2024-05-13T06:08:41+00:00</time>
      </trkpt>
      <trkpt lat="43.59917" lon="3.42333">
        <ele>137.1</ele>
        <time>2024-05-13T06:09:00+00:00</time>
      </trkpt>
      <trkpt lat="43.59968" lon="3.42339">
        <ele>142.7</ele>
        <time>2024-05-13T06:09:21+00:00</time>
      </trkpt>
      <trkpt lat="43.59989" lon="3.42351">
        <ele>145</ele>
      </trkpt>
      <trkpt lat="43.60006" lon="3.42358">
        <ele>146.9</ele>
      </trkpt>
      <trkpt lat="43.60034" lon="3.42364">
        <ele>150.1</ele>
        <time>2024-05-13T06:09:51+00:00</time>
      </trkpt>
      <trkpt lat="43.60049" lon="3.42378">
        <ele>152</ele>
      </trkpt>
      <trkpt lat="43.60062" lon="3.42404">
        <ele>152.6</ele>
      </trkpt>
      <trkpt lat="43.60076" lon="3.42427">
        <ele>155</ele>
      </trkpt>
      <trkpt lat="43.60089" lon="3.42439">
        <ele>156.8</ele>
        <time>2024-05-13T06:10:22+00:00</time>
      </trkpt>
      <trkpt lat="43.60137" lon="3.42437">
        <ele>157.9</ele>
        <time>2024-05-13T06:10:44+00:00</time>
      </trkpt>
      <trkpt lat="43.60173" lon="3.42452">
        <ele>155.5</ele>
        <time>2024-05-13T06:11:00+00:00</time>
      </trkpt>
      <trkpt lat="43.60221" lon="3.42491">
        <ele>151.5</ele>
        <time>2024-05-13T06:11:23+00:00</time>
      </trkpt>
      <trkpt lat="43.60241" lon="3.42496">
        <ele>150</ele>
        <time>2024-05-13T06:11:32+00:00</time>
      </trkpt>
      <trkpt lat="43.60272" lon="3.42489">
        <ele>152.1</ele>
        <time>2024-05-13T06:11:46+00:00</time>
      </trkpt>
      <trkpt lat="43.60279" lon="3.42448">
        <ele>156.2</ele>
        <time>2024-05-13T06:12:00+00:00</time>
      </trkpt>
      <trkpt lat="43.60283" lon="3.42449">
        <ele>157.9</ele>
        <time>2024-05-13T06:12:03+00:00</time>
      </trkpt>
      <trkpt lat="43.6029" lon="3.42491">
        <ele>156.7</ele>
        <time>2024-05-13T06:12:16+00:00</time>
      </trkpt>
      <trkpt lat="43.60369" lon="3.42597">
        <ele>164.3</ele>
        <time>2024-05-13T06:13:03+00:00</time>
      </trkpt>
      <trkpt lat="43.60461" lon="3.42675">
        <ele>169.2</ele>
        <time>2024-05-13T06:13:48+00:00</time>
      </trkpt>
      <trkpt lat="43.60506" lon="3.42677">
        <ele>173.1</ele>
        <time>2024-05-13T06:14:08+00:00</time>
      </trkpt>
      <trkpt lat="43.60529" lon="3.42672">
        <ele>173.9</ele>
      </trkpt>
      <trkpt lat="43.60552" lon="3.4266">
        <ele>175.3</ele>
        <time>2024-05-13T06:14:29+00:00</time>
      </trkpt>
      <trkpt lat="43.6058" lon="3.4262">
        <ele>180.4</ele>
        <time>2024-05-13T06:14:46+00:00</time>
      </trkpt>
      <trkpt lat="43.60592" lon="3.4262">
        <ele>180.8</ele>
        <time>2024-05-13T06:14:52+00:00</time>
      </trkpt>
      <trkpt lat="43.60633" lon="3.42662">
        <ele>175.4</ele>
        <time>2024-05-13T06:15:13+00:00</time>
      </trkpt>
      <trkpt lat="43.60649" lon="3.42665">
        <ele>176.2</ele>
        <time>2024-05-13T06:15:20+00:00</time>
      </trkpt>
      <trkpt lat="43.607" lon="3.42653">
        <ele>182.2</ele>
        <time>2024-05-13T06:15:42+00:00</time>
      </trkpt>
      <trkpt lat="43.60722" lon="3.42633">
        <ele>187.8</ele>
      </trkpt>
      <trkpt lat="43.60739" lon="3.42606">
        <ele>189.5</ele>
        <time>2024-05-13T06:16:01+00:00</time>
      </trkpt>
      <trkpt lat="43.60757" lon="3.42529">
        <ele>193.8</ele>
        <time>2024-05-13T06:16:29+00:00</time>
      </trkpt>
      <trkpt lat="43.60789" lon="3.42455">
        <ele>192.8</ele>
        <time>2024-05-13T06:16:55+00:00</time>
      </trkpt>
      <trkpt lat="43.60802" lon="3.42404">
        <ele>194.7</ele>
      </trkpt>
      <trkpt lat="43.60808" lon="3.42338">
        <ele>199.1</ele>
        <time>2024-05-13T06:17:32+00:00</time>
      </trkpt>
      <trkpt lat="43.60843" lon="3.42244">
        <ele>200.8</ele>
        <time>2024-05-13T06:18:05+00:00</time>
      </trkpt>
      <trkpt lat="43.60859" lon="3.42226">
        <ele>199.7</ele>
      </trkpt>
      <trkpt lat="43.60905" lon="3.42184">
        <ele>198.7</ele>
        <time>2024-05-13T06:18:36+00:00</time>
      </trkpt>
      <trkpt lat="43.60923" lon="3.42157">
        <ele>199.8</ele>
      </trkpt>
      <trkpt lat="43.60927" lon="3.42136">
        <ele>203.1</ele>
        <time>2024-05-13T06:18:54+00:00</time>
      </trkpt>
      <trkpt lat="43.60928" lon="3.42106">
        <ele>206.7</ele>
        <time>2024-05-13T06:19:04+00:00</time>
      </trkpt>
      <trkpt lat="43.60934" lon="3.42097">
        <ele>206.4</ele>
      </trkpt>
      <trkpt lat="43.60945" lon="3.42095">
        <ele>204.9</ele>
        <time>2024-05-13T06:19:12+00:00</time>
      </trkpt>
      <trkpt lat="43.60978" lon="3.42092">
        <ele>204</ele>
        <time>2024-05-13T06:19:28+00:00</time>
      </trkpt>
      <trkpt lat="43.60997" lon="3.42079">
        <ele>204.4</ele>
        <time>2024-05-13T06:19:37+00:00</time>
      </trkpt>
      <trkpt lat="43.61045" lon="3.42004">
        <ele>209.5</ele>
      </trkpt>
      <trkpt lat="43.61079" lon="3.41941">
        <ele>210.2</ele>
        <time>2024-05-13T06:20:31+00:00</time>
      </trkpt>
      <trkpt lat="43.61087" lon="3.41905">
        <ele>210</ele>
      </trkpt>
      <trkpt lat="43.6109" lon="3.41865">
        <ele>210</ele>
      </trkpt>
      <trkpt lat="43.6109" lon="3.41829">
        <ele>210.3</ele>
        <time>2024-05-13T06:21:05+00:00</time>
      </trkpt>
      <trkpt lat="43.61098" lon="3.41817">
        <ele>209</ele>
        <time>2024-05-13T06:21:11+00:00</time>
      </trkpt>
      <trkpt lat="43.61118" lon="3.41855">
        <ele>203.8</ele>
        <time>2024-05-13T06:21:26+00:00</time>
      </trkpt>
      <trkpt lat="43.61132" lon="3.41866">
        <ele>202.1</ele>
        <time>2024-05-13T06:21:33+00:00</time>
      </trkpt>
      <trkpt lat="43.6114" lon="3.4186">
        <ele>202.1</ele>
        <time>2024-05-13T06:21:37+00:00</time>
      </trkpt>
      <trkpt lat="43.61149" lon="3.41821">
        <ele>205.2</ele>
        <time>2024-05-13T06:21:50+00:00</time>
      </trkpt>
      <trkpt lat="43.61149" lon="3.41775">
        <ele>209.2</ele>
        <time>2024-05-13T06:22:04+00:00</time>
      </trkpt>
      <trkpt lat="43.6116" lon="3.417">
        <ele>216.9</ele>
      </trkpt>
      <trkpt lat="43.61186" lon="3.41591">
        <ele>223.3</ele>
      </trkpt>
      <trkpt lat="43.61189" lon="3.41538">
        <ele>225.6</ele>
      </trkpt>
      <trkpt lat="43.61196" lon="3.41516">
        <ele>226</ele>
        <time>2024-05-13T06:23:25+00:00</time>
      </trkpt>
      <trkpt lat="43.6121" lon="3.41468">
        <ele>226.6</ele>
      </trkpt>
      <trkpt lat="43.61231" lon="3.4143">
        <ele>225.4</ele>
        <time>2024-05-13T06:23:56+00:00</time>
      </trkpt>
      <trkpt lat="43.61246" lon="3.41429">
        <ele>223.4</ele>
      </trkpt>
      <trkpt lat="43.6126" lon="3.41434">
        <ele>223.1</ele>
        <time>2024-05-13T06:24:09+00:00</time>
      </trkpt>
      <trkpt lat="43.61277" lon="3.41448">
        <ele>225.2</ele>
        <time>2024-05-13T06:24:17+00:00</time>
      </trkpt>
      <trkpt lat="43.61289" lon="3.41478">
        <ele>229.3</ele>
      </trkpt>
      <trkpt lat="43.61302" lon="3.41535">
        <ele>235.1</ele>
        <time>2024-05-13T06:24:48+00:00</time>
      </trkpt>
      <trkpt lat="43.61309" lon="3.41531">
        <ele>237.1</ele>
      </trkpt>
      <trkpt lat="43.61321" lon="3.41499">
        <ele>238.4</ele>
        <time>2024-05-13T06:25:04+00:00</time>
      </trkpt>
      <trkpt lat="43.61331" lon="3.41496">
        <ele>240.9</ele>
      </trkpt>
      <trkpt lat="43.61349" lon="3.4149">
        <ele>245.3</ele>
      </trkpt>
      <trkpt lat="43.61361" lon="3.41482">
        <ele>247.4</ele>
      </trkpt>
      <trkpt lat="43.61373" lon="3.41482">
        <ele>249</ele>
        <time>2024-05-13T06:25:28+00:00</time>
      </trkpt>
      <trkpt lat="43.61384" lon="3.415">
        <ele>252.4</ele>
      </trkpt>
      <trkpt lat="43.61395" lon="3.41541">
        <ele>256.6</ele>
      </trkpt>
      <trkpt lat="43.61395" lon="3.41557">
        <ele>258.2</ele>
      </trkpt>
      <trkpt lat="43.61379" lon="3.41565">
        <ele>257.2</ele>
      </trkpt>
      <trkpt lat="43.6138" lon="3.41574">
        <ele>257.7</ele>
      </trkpt>
      <trkpt lat="43.61405" lon="3.41582">
        <ele>261</ele>
      </trkpt>
      <trkpt lat="43.61434" lon="3.416">
        <ele>263.8</ele>
      </trkpt>
      <trkpt lat="43.61453" lon="3.41622">
        <ele>265.3</ele>
      </trkpt>
      <trkpt lat="43.61468" lon="3.41666">
        <ele>268.2</ele>
      </trkpt>
      <trkpt lat="43.61479" lon="3.41674">
        <ele>268.5</ele>
      </trkpt>
      <trkpt lat="43.615" lon="3.41678">
        <ele>267.8</ele>
      </trkpt>
      <trkpt lat="43.61513" lon="3.41691">
        <ele>266.4</ele>
      </trkpt>
      <trkpt lat="43.61517" lon="3.4171">
        <ele>267.4</ele>
      </trkpt>
      <trkpt lat="43.61516" lon="3.41763">
        <ele>270.5</ele>
      </trkpt>
      <trkpt lat="43.61518" lon="3.41786">
        <ele>271.1</ele>
      </trkpt>
      <trkpt lat="43.61528" lon="3.41815">
        <ele>272</ele>
      </trkpt>
      <trkpt lat="43.61544" lon="3.41837">
        <ele>273.3</ele>
      </trkpt>
      <trkpt lat="43.61559" lon="3.41846">
        <ele>275.3</ele>
      </trkpt>
      <trkpt lat="43.61585" lon="3.41843">
        <ele>277.6</ele>
      </trkpt>
      <trkpt lat="43.61669" lon="3.4178">
        <ele>281.4</ele>
      </trkpt>
      <trkpt lat="43.61705" lon="3.41739">
        <ele>280.9</ele>
      </trkpt>
      <trkpt lat="43.61725" lon="3.41743">
        <ele>280.3</ele>
      </trkpt>
      <trkpt lat="43.6179" lon="3.41818">
        <ele>274</ele>
      </trkpt>
      <trkpt lat="43.61814" lon="3.41856">
        <ele>271.2</ele>
      </trkpt>
      <trkpt lat="43.6182" lon="3.4188">
        <ele>269.8</ele>
      </trkpt>
      <trkpt lat="43.6182" lon="3.41901">
        <ele>269.2</ele>
      </trkpt>
      <trkpt lat="43.61816" lon="3.41954">
        <ele>269</ele>
      </trkpt>
      <trkpt lat="43.61821" lon="3.41968">
        <ele>268</ele>
      </trkpt>
      <trkpt lat="43.61827" lon="3.41984">
        <ele>267.6</ele>
      </trkpt>
      <trkpt lat="43.61863" lon="3.42014">
        <ele>263.6</ele>
      </trkpt>
      <trkpt lat="43.61889" lon="3.42041">
        <ele>261.4</ele>
      </trkpt>
      <trkpt lat="43.61918" lon="3.42059">
        <ele>258.3</ele>
      </trkpt>
      <trkpt lat="43.61951" lon="3.42089">
        <ele>256.9</ele>
      </trkpt>
      <trkpt lat="43.61977" lon="3.42107">
        <ele>254.7</ele>
      </trkpt>
      <trkpt lat="43.61999" lon="3.42114">
        <ele>252.5</ele>
      </trkpt>
      <trkpt lat="43.6209" lon="3.42129">
        <ele>248.3</ele>
      </trkpt>
      <trkpt lat="43.62134" lon="3.42148">
        <ele>242</ele>
      </trkpt>
      <trkpt lat="43.62116" lon="3.42101">
        <ele>240.2</ele>
      </trkpt>
      <trkpt lat="43.62089" lon="3.42078">
        <ele>237.4</ele>
      </trkpt>
      <trkpt lat="43.62067" lon="3.42064">
        <ele>235.4</ele>
      </trkpt>
      <trkpt lat="43.62031" lon="3.42046">
        <ele>234.3</ele>
      </trkpt>
      <trkpt lat="43.61999" lon="3.42022">
        <ele>232.7</ele>
      </trkpt>
      <trkpt lat="43.61971" lon="3.41985">
        <ele>229.4</ele>
      </trkpt>
      <trkpt lat="43.61948" lon="3.41963">
        <ele>230.5</ele>
      </trkpt>
      <trkpt lat="43.61951" lon="3.41941">
        <ele>227</ele>
      </trkpt>
      <trkpt lat="43.61992" lon="3.41917">
        <ele>218.4</ele>
      </trkpt>
      <trkpt lat="43.6201" lon="3.4189">
        <ele>215.3</ele>
      </trkpt>
      <trkpt lat="43.62011" lon="3.41867">
        <ele>217.1</ele>
      </trkpt>
      <trkpt lat="43.62004" lon="3.41841">
        <ele>217.1</ele>
      </trkpt>
      <trkpt lat="43.61946" lon="3.41734">
        <ele>212.2</ele>
      </trkpt>
      <trkpt lat="43.61914" lon="3.41689">
        <ele>208.2</ele>
      </trkpt>
      <trkpt lat="43.61877" lon="3.41644">
        <ele>207.1</ele>
      </trkpt>
      <trkpt lat="43.61868" lon="3.41617">
        <ele>203.1</ele>
      </trkpt>
      <trkpt lat="43.6185" lon="3.41585">
        <ele>202.3</ele>
      </trkpt>
      <trkpt lat="43.6185" lon="3.41578">
        <ele>201</ele>
      </trkpt>
      <trkpt lat="43.61856" lon="3.41579">
        <ele>198.8</ele>
      </trkpt>
      <trkpt lat="43.61893" lon="3.41618">
        <ele>195.1</ele>
      </trkpt>
      <trkpt lat="43.61901" lon="3.41611">
        <ele>192.2</ele>
      </trkpt>
      <trkpt lat="43.61898" lon="3.41596">
        <ele>191</ele>
      </trkpt>
      <trkpt lat="43.61886" lon="3.41572">
        <ele>190.4</ele>
      </trkpt>
      <trkpt lat="43.61882" lon="3.41537">
        <ele>187.7</ele>
      </trkpt>
      <trkpt lat="43.61886" lon="3.41519">
        <ele>185.6</ele>
      </trkpt>
      <trkpt lat="43.61896" lon="3.41504">
        <ele>183.7</ele>
      </trkpt>
      <trkpt lat="43.61911" lon="3.41494">
        <ele>182.7</ele>
      </trkpt>
      <trkpt lat="43.61939" lon="3.41513">
        <ele>180.8</ele>
      </trkpt>
      <trkpt lat="43.61978" lon="3.41562">
        <ele>177.6</ele>
      </trkpt>
      <trkpt lat="43.62007" lon="3.41603">
        <ele>175.7</ele>
      </trkpt>
      <trkpt lat="43.62022" lon="3.41629">
        <ele>174.9</ele>
      </trkpt>
      <trkpt lat="43.62071" lon="3.41676">
        <ele>172</ele>
      </trkpt>
      <trkpt lat="43.62127" lon="3.41734">
        <ele>169.6</ele>
      </trkpt>
      <trkpt lat="43.6217" lon="3.41783">
        <ele>165.8</ele>
      </trkpt>
      <trkpt lat="43.62218" lon="3.41822">
        <ele>161</ele>
      </trkpt>
      <trkpt lat="43.62289" lon="3.41867">
        <ele>151.7</ele>
      </trkpt>
      <trkpt lat="43.62349" lon="3.41893">
        <ele>144.6</ele>
      </trkpt>
      <trkpt lat="43.62392" lon="3.41906">
        <ele>140.9</ele>
      </trkpt>
      <trkpt lat="43.62404" lon="3.4191">
        <ele>139</ele>
      </trkpt>
      <trkpt lat="43.62406" lon="3.41852">
        <ele>139.5</ele>
      </trkpt>
      <trkpt lat="43.62393" lon="3.4177">
        <ele>140.9</ele>
      </trkpt>
      <trkpt lat="43.62376" lon="3.4173">
        <ele>140.1</ele>
      </trkpt>
      <trkpt lat="43.62357" lon="3.41712">
        <ele>140.9</ele>
      </trkpt>
      <trkpt lat="43.62348" lon="3.41678">
        <ele>140.7</ele>
      </trkpt>
      <trkpt lat="43.62328" lon="3.4163">
        <ele>142.4</ele>
      </trkpt>
      <trkpt lat="43.62309" lon="3.41567">
        <ele>143.6</ele>
      </trkpt>
      <trkpt lat="43.62297" lon="3.41547">
        <ele>144.2</ele>
      </trkpt>
      <trkpt lat="43.62311" lon="3.41465">
        <ele>143.7</ele>
      </trkpt>
      <trkpt lat="43.62312" lon="3.41437">
        <ele>144</ele>
      </trkpt>
      <trkpt lat="43.62309" lon="3.41406">
        <ele>144.8</ele>
      </trkpt>
      <trkpt lat="43.62298" lon="3.4134">
        <ele>145.2</ele>
      </trkpt>
      <trkpt lat="43.62297" lon="3.41228">
        <ele>146.9</ele>
      </trkpt>
      <trkpt lat="43.62304" lon="3.41223">
        <ele>146.1</ele>
      </trkpt>
      <trkpt lat="43.62345" lon="3.41222">
        <ele>145</ele>
      </trkpt>
      <trkpt lat="43.6236" lon="3.4122">
        <ele>145</ele>
      </trkpt>
      <trkpt lat="43.62388" lon="3.41202">
        <ele>145</ele>
      </trkpt>
      <trkpt lat="43.62418" lon="3.41224">
        <ele>144</ele>
      </trkpt>
      <trkpt lat="43.62461" lon="3.41258">
        <ele>144.4</ele>
      </trkpt>
      <trkpt lat="43.62485" lon="3.41321">
        <ele>143.5</ele>
      </trkpt>
      <trkpt lat="43.62536" lon="3.41366">
        <ele>142.7</ele>
      </trkpt>
      <trkpt lat="43.62593" lon="3.41387">
        <ele>139.4</ele>
      </trkpt>
      <trkpt lat="43.62603" lon="3.41403">
        <ele>139.7</ele>
      </trkpt>
      <trkpt lat="43.62623" lon="3.41442">
        <ele>141.3</ele>
      </trkpt>
      <trkpt lat="43.62646" lon="3.41479">
        <ele>141.8</ele>
      </trkpt>
      <trkpt lat="43.62693" lon="3.41537">
        <ele>139.7</ele>
      </trkpt>
      <trkpt lat="43.62713" lon="3.41561">
        <ele>138.9</ele>
      </trkpt>
      <trkpt lat="43.62736" lon="3.4156">
        <ele>139.5</ele>
      </trkpt>
      <trkpt lat="43.62775" lon="3.41558">
        <ele>140</ele>
      </trkpt>
      <trkpt lat="43.62799" lon="3.41567">
        <ele>140.8</ele>
      </trkpt>
      <trkpt lat="43.62875" lon="3.4163">
        <ele>142.5</ele>
      </trkpt>
      <trkpt lat="43.62886" lon="3.41624">
        <ele>142.9</ele>
      </trkpt>
      <trkpt lat="43.6294" lon="3.41584">
        <ele>146.5</ele>
      </trkpt>
      <trkpt lat="43.62972" lon="3.41549">
        <ele>147.7</ele>
      </trkpt>
      <trkpt lat="43.62995" lon="3.41509">
        <ele>148.8</ele>
      </trkpt>
      <trkpt lat="43.63011" lon="3.41478">
        <ele>150.2</ele>
      </trkpt>
      <trkpt lat="43.63021" lon="3.41471">
        <ele>150.8</ele>
      </trkpt>
      <trkpt lat="43.6303" lon="3.41471">
        <ele>151.2</ele>
      </trkpt>
      <trkpt lat="43.63061" lon="3.4152">
        <ele>151.5</ele>
      </trkpt>
      <trkpt lat="43.63076" lon="3.41545">
        <ele>151.1</ele>
      </trkpt>
      <trkpt lat="43.63107" lon="3.41566">
        <ele>152.3</ele>
      </trkpt>
      <trkpt lat="43.63131" lon="3.41608">
        <ele>150.6</ele>
      </trkpt>
      <trkpt lat="43.63151" lon="3.4164">
        <ele>149.4</ele>
      </trkpt>
      <trkpt lat="43.63174" lon="3.4166">
        <ele>148.7</ele>
      </trkpt>
      <trkpt lat="43.63216" lon="3.41684">
        <ele>148.7</ele>
      </trkpt>
      <trkpt lat="43.63234" lon="3.41722">
        <ele>148.3</ele>
      </trkpt>
      <trkpt lat="43.6325" lon="3.41769">
        <ele>149</ele>
      </trkpt>
      <trkpt lat="43.63257" lon="3.4178">
        <ele>149.1</ele>
      </trkpt>
      <trkpt lat="43.63267" lon="3.41772">
        <ele>149.1</ele>
      </trkpt>
      <trkpt lat="43.63279" lon="3.41758">
        <ele>149.8</ele>
      </trkpt>
      <trkpt lat="43.63292" lon="3.41757">
        <ele>151</ele>
      </trkpt>
      <trkpt lat="43.6331" lon="3.41773">
        <ele>150.9</ele>
      </trkpt>
      <trkpt lat="43.63332" lon="3.41793">
        <ele>152.4</ele>
      </trkpt>
      <trkpt lat="43.63346" lon="3.41798">
        <ele>152.6</ele>
      </trkpt>
      <trkpt lat="43.63423" lon="3.41805">
        <ele>155.4</ele>
      </trkpt>
      <trkpt lat="43.63452" lon="3.41831">
        <ele>156.4</ele>
      </trkpt>
      <trkpt lat="43.63459" lon="3.41835">
        <ele>156.5</ele>
      </trkpt>
      <trkpt lat="43.63516" lon="3.41841">
        <ele>158.3</ele>
      </trkpt>
      <trkpt lat="43.63529" lon="3.41842">
        <ele>158.7</ele>
      </trkpt>
      <trkpt lat="43.63563" lon="3.41844">
        <ele>159</ele>
      </trkpt>
      <trkpt lat="43.63569" lon="3.41852">
        <ele>159</ele>
      </trkpt>
      <trkpt lat="43.63577" lon="3.41863">
        <ele>158.7</ele>
      </trkpt>
      <trkpt lat="43.63588" lon="3.41866">
        <ele>158.8</ele>
      </trkpt>
      <trkpt lat="43.63595" lon="3.41859">
        <ele>159.2</ele>
      </trkpt>
      <trkpt lat="43.63599" lon="3.41851">
        <ele>159.9</ele>
      </trkpt>
      <trkpt lat="43.63609" lon="3.41845">
        <ele>160.7</ele>
      </trkpt>
      <trkpt lat="43.63618" lon="3.41841">
        <ele>161.3</ele>
      </trkpt>
      <trkpt lat="43.63741" lon="3.41852">
        <ele>165.1</ele>
      </trkpt>
      <trkpt lat="43.63834" lon="3.41858">
        <ele>172.1</ele>
      </trkpt>
      <trkpt lat="43.63916" lon="3.41865">
        <ele>178.4</ele>
      </trkpt>
      <trkpt lat="43.6396" lon="3.41867">
        <ele>179.4</ele>
      </trkpt>
      <trkpt lat="43.63973" lon="3.41865">
        <ele>179.5</ele>
      </trkpt>
      <trkpt lat="43.6399" lon="3.4185">
        <ele>181.6</ele>
      </trkpt>
      <trkpt lat="43.64041" lon="3.41795">
        <ele>188.1</ele>
      </trkpt>
      <trkpt lat="43.64047" lon="3.41788">
        <ele>188.5</ele>
      </trkpt>
      <trkpt lat="43.64057" lon="3.41777">
        <ele>189</ele>
      </trkpt>
      <trkpt lat="43.64063" lon="3.41763">
        <ele>189.4</ele>
      </trkpt>
      <trkpt lat="43.64066" lon="3.4174">
        <ele>189.6</ele>
      </trkpt>
      <trkpt lat="43.64062" lon="3.41712">
        <ele>190.2</ele>
      </trkpt>
      <trkpt lat="43.64053" lon="3.41667">
        <ele>189.7</ele>
      </trkpt>
      <trkpt lat="43.6403" lon="3.41609">
        <ele>189.3</ele>
      </trkpt>
      <trkpt lat="43.64019" lon="3.41567">
        <ele>192.2</ele>
      </trkpt>
      <trkpt lat="43.64015" lon="3.41536">
        <ele>191.8</ele>
      </trkpt>
      <trkpt lat="43.64014" lon="3.41479">
        <ele>188.8</ele>
      </trkpt>
      <trkpt lat="43.64012" lon="3.41462">
        <ele>188.9</ele>
      </trkpt>
      <trkpt lat="43.63998" lon="3.41368">
        <ele>189.2</ele>
      </trkpt>
      <trkpt lat="43.64" lon="3.41351">
        <ele>188.3</ele>
      </trkpt>
      <trkpt lat="43.64008" lon="3.41343">
        <ele>187.4</ele>
      </trkpt>
      <trkpt lat="43.64027" lon="3.41331">
        <ele>185.3</ele>
      </trkpt>
      <trkpt lat="43.64041" lon="3.41316">
        <ele>185.8</ele>
      </trkpt>
      <trkpt lat="43.64059" lon="3.41259">
        <ele>188.7</ele>
      </trkpt>
      <trkpt lat="43.64054" lon="3.4124">
        <ele>189.4</ele>
      </trkpt>
      <trkpt lat="43.64028" lon="3.41074">
        <ele>193.3</ele>
      </trkpt>
      <trkpt lat="43.64006" lon="3.40948">
        <ele>197.1</ele>
      </trkpt>
      <trkpt lat="43.63996" lon="3.40926">
        <ele>198.3</ele>
      </trkpt>
      <trkpt lat="43.63902" lon="3.40784">
        <ele>201.8</ele>
      </trkpt>
      <trkpt lat="43.63824" lon="3.40666">
        <ele>206</ele>
      </trkpt>
      <trkpt lat="43.63782" lon="3.40603">
        <ele>208.3</ele>
      </trkpt>
      <trkpt lat="43.63746" lon="3.40542">
        <ele>209.6</ele>
      </trkpt>
      <trkpt lat="43.63726" lon="3.40497">
        <ele>212.1</ele>
      </trkpt>
      <trkpt lat="43.63682" lon="3.40395">
        <ele>214.2</ele>
      </trkpt>
      <trkpt lat="43.63677" lon="3.40365">
        <ele>213.5</ele>
      </trkpt>
      <trkpt lat="43.6365" lon="3.403">
        <ele>210.8</ele>
      </trkpt>
      <trkpt lat="43.6364" lon="3.40263">
        <ele>209.6</ele>
      </trkpt>
      <trkpt lat="43.63627" lon="3.40212">
        <ele>209.3</ele>
      </trkpt>
      <trkpt lat="43.63633" lon="3.40203">
        <ele>209.1</ele>
      </trkpt>
      <trkpt lat="43.63647" lon="3.40206">
        <ele>208.6</ele>
      </trkpt>
      <trkpt lat="43.63666" lon="3.40188">
        <ele>207</ele>
      </trkpt>
      <trkpt lat="43.63677" lon="3.4017">
        <ele>206.7</ele>
      </trkpt>
      <trkpt lat="43.6368" lon="3.40158">
        <ele>205.9</ele>
      </trkpt>
      <trkpt lat="43.63697" lon="3.40139">
        <ele>204</ele>
      </trkpt>
      <trkpt lat="43.63712" lon="3.40122">
        <ele>203</ele>
      </trkpt>
      <trkpt lat="43.6372" lon="3.4011">
        <ele>202</ele>
      </trkpt>
      <trkpt lat="43.6374" lon="3.40093">
        <ele>202.4</ele>
      </trkpt>
      <trkpt lat="43.63751" lon="3.40077">
        <ele>202.4</ele>
      </trkpt>
      <trkpt lat="43.63757" lon="3.4006">
        <ele>201</ele>
      </trkpt>
      <trkpt lat="43.63756" lon="3.40042">
        <ele>200</ele>
      </trkpt>
      <trkpt lat="43.63743" lon="3.40021">
        <ele>200.7</ele>
      </trkpt>
      <trkpt lat="43.63742" lon="3.40012">
        <ele>200.7</ele>
      </trkpt>
      <trkpt lat="43.63747" lon="3.39987">
        <ele>199.7</ele>
      </trkpt>
      <trkpt lat="43.63742" lon="3.39955">
        <ele>199.6</ele>
      </trkpt>
      <trkpt lat="43.63746" lon="3.39945">
        <ele>199.3</ele>
      </trkpt>
      <trkpt lat="43.6376" lon="3.39942">
        <ele>197.6</ele>
      </trkpt>
      <trkpt lat="43.63773" lon="3.39947">
        <ele>196.6</ele>
      </trkpt>
      <trkpt lat="43.63793" lon="3.39966">
        <ele>195.8</ele>
      </trkpt>
      <trkpt lat="43.63801" lon="3.39966">
        <ele>195.3</ele>
      </trkpt>
      <trkpt lat="43.63836" lon="3.39952">
        <ele>192.3</ele>
      </trkpt>
      <trkpt lat="43.63877" lon="3.39922">
        <ele>189</ele>
      </trkpt>
      <trkpt lat="43.63937" lon="3.39919">
        <ele>190.8</ele>
      </trkpt>
      <trkpt lat="43.63982" lon="3.39896">
        <ele>186.5</ele>
      </trkpt>
      <trkpt lat="43.64001" lon="3.3989">
        <ele>185</ele>
      </trkpt>
      <trkpt lat="43.64029" lon="3.39879">
        <ele>183.5</ele>
      </trkpt>
      <trkpt lat="43.64096" lon="3.39862">
        <ele>176.7</ele>
      </trkpt>
      <trkpt lat="43.64119" lon="3.39858">
        <ele>174.5</ele>
      </trkpt>
      <trkpt lat="43.64155" lon="3.39763">
        <ele>170.9</ele>
      </trkpt>
      <trkpt lat="43.64177" lon="3.39713">
        <ele>168.9</ele>
      </trkpt>
      <trkpt lat="43.64438" lon="3.39074">
        <ele>150</ele>
      </trkpt>
      <trkpt lat="43.64461" lon="3.39046">
        <ele>149.3</ele>
      </trkpt>
      <trkpt lat="43.64598" lon="3.3892">
        <ele>145</ele>
      </trkpt>
      <trkpt lat="43.64614" lon="3.38883">
        <ele>144</ele>
      </trkpt>
      <trkpt lat="43.64624" lon="3.38871">
        <ele>144</ele>
      </trkpt>
      <trkpt lat="43.64633" lon="3.38872">
        <ele>144</ele>
      </trkpt>
      <trkpt lat="43.64666" lon="3.38891">
        <ele>144</ele>
      </trkpt>
      <trkpt lat="43.64685" lon="3.38894">
        <ele>143.3</ele>
      </trkpt>
      <trkpt lat="43.64712" lon="3.38895">
        <ele>142.5</ele>
      </trkpt>
      <trkpt lat="43.64743" lon="3.38925">
        <ele>143.2</ele>
      </trkpt>
      <trkpt lat="43.64749" lon="3.38926">
        <ele>143.3</ele>
      </trkpt>
      <trkpt lat="43.64758" lon="3.38916">
        <ele>144.2</ele>
      </trkpt>
      <trkpt lat="43.64804" lon="3.38856">
        <ele>145.8</ele>
      </trkpt>
      <trkpt lat="43.64824" lon="3.38883">
        <ele>149.2</ele>
      </trkpt>
      <trkpt lat="43.64847" lon="3.38909">
        <ele>151.5</ele>
      </trkpt>
      <trkpt lat="43.64869" lon="3.38914">
        <ele>153.8</ele>
      </trkpt>
      <trkpt lat="43.64884" lon="3.38928">
        <ele>155.9</ele>
      </trkpt>
      <trkpt lat="43.64911" lon="3.38967">
        <ele>160.2</ele>
      </trkpt>
      <trkpt lat="43.64911" lon="3.39041">
        <ele>166</ele>
      </trkpt>
      <trkpt lat="43.64931" lon="3.39072">
        <ele>170.3</ele>
        <time>2024-05-14T05:07:40+00:00</time>
      </trkpt>
      <trkpt lat="43.64992" lon="3.39062">
        <ele>174.3</ele>
      </trkpt>
      <trkpt lat="43.65037" lon="3.39077">
        <ele>177.4</ele>
      </trkpt>
      <trkpt lat="43.65066" lon="3.39099">
        <ele>179.2</ele>
      </trkpt>
      <trkpt lat="43.65097" lon="3.39139">
        <ele>180</ele>
      </trkpt>
      <trkpt lat="43.65122" lon="3.39197">
        <ele>179.4</ele>
      </trkpt>
      <trkpt lat="43.65144" lon="3.3928">
        <ele>178.8</ele>
      </trkpt>
      <trkpt lat="43.65159" lon="3.39425">
        <ele>178.2</ele>
      </trkpt>
      <trkpt lat="43.65157" lon="3.39484">
        <ele>177.5</ele>
      </trkpt>
      <trkpt lat="43.65141" lon="3.39573">
        <ele>175.7</ele>
      </trkpt>
      <trkpt lat="43.65155" lon="3.39795">
        <ele>174.8</ele>
      </trkpt>
      <trkpt lat="43.65142" lon="3.39867">
        <ele>171.2</ele>
      </trkpt>
      <trkpt lat="43.65124" lon="3.39915">
        <ele>171.3</ele>
      </trkpt>
      <trkpt lat="43.65129" lon="3.39957">
        <ele>171.1</ele>
      </trkpt>
      <trkpt lat="43.65156" lon="3.39984">
        <ele>173.9</ele>
      </trkpt>
      <trkpt lat="43.65203" lon="3.39995">
        <ele>169.7</ele>
      </trkpt>
      <trkpt lat="43.65241" lon="3.40029">
        <ele>169</ele>
      </trkpt>
      <trkpt lat="43.65264" lon="3.40065">
        <ele>167.2</ele>
      </trkpt>
      <trkpt lat="43.65286" lon="3.40185">
        <ele>160.3</ele>
      </trkpt>
      <trkpt lat="43.65301" lon="3.40199">
        <ele>160.9</ele>
      </trkpt>
      <trkpt lat="43.6538" lon="3.40228">
        <ele>155.3</ele>
      </trkpt>
      <trkpt lat="43.65449" lon="3.40285">
        <ele>149.3</ele>
      </trkpt>
      <trkpt lat="43.65499" lon="3.40345">
        <ele>146</ele>
      </trkpt>
      <trkpt lat="43.65717" lon="3.40034">
        <ele>146.1</ele>
      </trkpt>
      <trkpt lat="43.65715" lon="3.39983">
        <ele>150.8</ele>
      </trkpt>
      <trkpt lat="43.65686" lon="3.39896">
        <ele>149.2</ele>
      </trkpt>
      <trkpt lat="43.657" lon="3.39893">
        <ele>152.2</ele>
      </trkpt>
      <trkpt lat="43.65761" lon="3.40074">
        <ele>154.7</ele>
      </trkpt>
      <trkpt lat="43.65822" lon="3.40261">
        <ele>148.9</ele>
      </trkpt>
      <trkpt lat="43.65854" lon="3.40387">
        <ele>142</ele>
      </trkpt>
      <trkpt lat="43.65866" lon="3.40612">
        <ele>128.4</ele>
      </trkpt>
      <trkpt lat="43.65916" lon="3.40688">
        <ele>122.2</ele>
      </trkpt>
      <trkpt lat="43.65926" lon="3.40744">
        <ele>118</ele>
      </trkpt>
      <trkpt lat="43.65964" lon="3.40825">
        <ele>113.7</ele>
      </trkpt>
      <trkpt lat="43.65989" lon="3.40838">
        <ele>114.3</ele>
      </trkpt>
      <trkpt lat="43.65993" lon="3.40923">
        <ele>106.8</ele>
      </trkpt>
      <trkpt lat="43.6601" lon="3.40959">
        <ele>102.6</ele>
      </trkpt>
      <trkpt lat="43.66048" lon="3.40985">
        <ele>101.1</ele>
      </trkpt>
      <trkpt lat="43.66068" lon="3.40984">
        <ele>101.7</ele>
      </trkpt>
      <trkpt lat="43.66207" lon="3.41069">
        <ele>98.8</ele>
      </trkpt>
      <trkpt lat="43.6623" lon="3.41065">
        <ele>99.5</ele>
      </trkpt>
      <trkpt lat="43.66257" lon="3.41042">
        <ele>100.1</ele>
      </trkpt>
      <trkpt lat="43.66285" lon="3.41003">
        <ele>99</ele>
      </trkpt>
      <trkpt lat="43.66444" lon="3.40938">
        <ele>103.4</ele>
      </trkpt>
      <trkpt lat="43.66537" lon="3.40946">
        <ele>105</ele>
      </trkpt>
      <trkpt lat="43.666" lon="3.40966">
        <ele>103</ele>
      </trkpt>
      <trkpt lat="43.66645" lon="3.4096">
        <ele>108.6</ele>
      </trkpt>
      <trkpt lat="43.66719" lon="3.40966">
        <ele>111.1</ele>
      </trkpt>
      <trkpt lat="43.66733" lon="3.40973">
        <ele>111.1</ele>
      </trkpt>
      <trkpt lat="43.66816" lon="3.41019">
        <ele>113.8</ele>
      </trkpt>
      <trkpt lat="43.6678" lon="3.40986">
        <ele>116.9</ele>
      </trkpt>
      <trkpt lat="43.66672" lon="3.40926">
        <ele>123.4</ele>
      </trkpt>
      <trkpt lat="43.66755" lon="3.40939">
        <ele>128.4</ele>
      </trkpt>
      <trkpt lat="43.66797" lon="3.40953">
        <ele>130.9</ele>
      </trkpt>
      <trkpt lat="43.66849" lon="3.40959">
        <ele>136.8</ele>
      </trkpt>
      <trkpt lat="43.66885" lon="3.40977">
        <ele>137.7</ele>
      </trkpt>
      <trkpt lat="43.66912" lon="3.41034">
        <ele>138.6</ele>
      </trkpt>
      <trkpt lat="43.66925" lon="3.41034">
        <ele>139.9</ele>
      </trkpt>
      <trkpt lat="43.66938" lon="3.40997">
        <ele>142.7</ele>
      </trkpt>
      <trkpt lat="43.66936" lon="3.40971">
        <ele>142.6</ele>
      </trkpt>
      <trkpt lat="43.66925" lon="3.4095">
        <ele>144</ele>
      </trkpt>
      <trkpt lat="43.66907" lon="3.40932">
        <ele>147.2</ele>
      </trkpt>
      <trkpt lat="43.6679" lon="3.40874">
        <ele>162</ele>
      </trkpt>
      <trkpt lat="43.66745" lon="3.4084">
        <ele>167.2</ele>
      </trkpt>
      <trkpt lat="43.66696" lon="3.40742">
        <ele>184.1</ele>
      </trkpt>
      <trkpt lat="43.66642" lon="3.40734">
        <ele>188.4</ele>
      </trkpt>
      <trkpt lat="43.66498" lon="3.40669">
        <ele>205.2</ele>
      </trkpt>
      <trkpt lat="43.66473" lon="3.40639">
        <ele>216</ele>
      </trkpt>
      <trkpt lat="43.66329" lon="3.40563">
        <ele>223.1</ele>
      </trkpt>
      <trkpt lat="43.66309" lon="3.40535">
        <ele>222.9</ele>
      </trkpt>
      <trkpt lat="43.66217" lon="3.40459">
        <ele>216.6</ele>
      </trkpt>
      <trkpt lat="43.66179" lon="3.40402">
        <ele>215.5</ele>
      </trkpt>
      <trkpt lat="43.66102" lon="3.40464">
        <ele>217.5</ele>
      </trkpt>
      <trkpt lat="43.6608" lon="3.40471">
        <ele>218</ele>
      </trkpt>
      <trkpt lat="43.66063" lon="3.40468">
        <ele>217.5</ele>
      </trkpt>
      <trkpt lat="43.66037" lon="3.40434">
        <ele>215</ele>
      </trkpt>
      <trkpt lat="43.66022" lon="3.40369">
        <ele>214</ele>
      </trkpt>
      <trkpt lat="43.66023" lon="3.40311">
        <ele>216.7</ele>
      </trkpt>
      <trkpt lat="43.65984" lon="3.40156">
        <ele>218.7</ele>
      </trkpt>
      <trkpt lat="43.65943" lon="3.40106">
        <ele>219.2</ele>
      </trkpt>
      <trkpt lat="43.65903" lon="3.40035">
        <ele>220.5</ele>
      </trkpt>
      <trkpt lat="43.65891" lon="3.39977">
        <ele>221.2</ele>
      </trkpt>
      <trkpt lat="43.65897" lon="3.39938">
        <ele>222.6</ele>
      </trkpt>
      <trkpt lat="43.65919" lon="3.39908">
        <ele>223.5</ele>
      </trkpt>
      <trkpt lat="43.65995" lon="3.39849">
        <ele>223</ele>
      </trkpt>
      <trkpt lat="43.66015" lon="3.39842">
        <ele>223.1</ele>
      </trkpt>
      <trkpt lat="43.66065" lon="3.3979">
        <ele>219.2</ele>
      </trkpt>
      <trkpt lat="43.6608" lon="3.39785">
        <ele>220.3</ele>
      </trkpt>
      <trkpt lat="43.66127" lon="3.3972">
        <ele>217.2</ele>
      </trkpt>
      <trkpt lat="43.66148" lon="3.39712">
        <ele>217.7</ele>
      </trkpt>
      <trkpt lat="43.66182" lon="3.39712">
        <ele>220.1</ele>
      </trkpt>
      <trkpt lat="43.66208" lon="3.39691">
        <ele>219.7</ele>
      </trkpt>
      <trkpt lat="43.66229" lon="3.39648">
        <ele>217</ele>
      </trkpt>
      <trkpt lat="43.66283" lon="3.39613">
        <ele>215.2</ele>
      </trkpt>
      <trkpt lat="43.66331" lon="3.39595">
        <ele>217.5</ele>
      </trkpt>
      <trkpt lat="43.6635" lon="3.39552">
        <ele>217.4</ele>
      </trkpt>
      <trkpt lat="43.66377" lon="3.3953">
        <ele>218</ele>
      </trkpt>
      <trkpt lat="43.66381" lon="3.39518">
        <ele>217.5</ele>
      </trkpt>
      <trkpt lat="43.66373" lon="3.39511">
        <ele>216.9</ele>
      </trkpt>
      <trkpt lat="43.66316" lon="3.39527">
        <ele>217.7</ele>
      </trkpt>
      <trkpt lat="43.66255" lon="3.39503">
        <ele>215.9</ele>
      </trkpt>
      <trkpt lat="43.6614" lon="3.39477">
        <ele>226.5</ele>
      </trkpt>
      <trkpt lat="43.66096" lon="3.39429">
        <ele>226.8</ele>
      </trkpt>
      <trkpt lat="43.66098" lon="3.39411">
        <ele>225.9</ele>
      </trkpt>
      <trkpt lat="43.66167" lon="3.39269">
        <ele>222.9</ele>
      </trkpt>
      <trkpt lat="43.66172" lon="3.3923">
        <ele>218.7</ele>
      </trkpt>
      <trkpt lat="43.66156" lon="3.39151">
        <ele>213.2</ele>
      </trkpt>
      <trkpt lat="43.66171" lon="3.39051">
        <ele>211.5</ele>
      </trkpt>
      <trkpt lat="43.66194" lon="3.38959">
        <ele>207.9</ele>
      </trkpt>
      <trkpt lat="43.6626" lon="3.3882">
        <ele>205.1</ele>
      </trkpt>
      <trkpt lat="43.66266" lon="3.38794">
        <ele>201.7</ele>
      </trkpt>
      <trkpt lat="43.66286" lon="3.38761">
        <ele>205.4</ele>
      </trkpt>
      <trkpt lat="43.66284" lon="3.38742">
        <ele>204.5</ele>
      </trkpt>
      <trkpt lat="43.66263" lon="3.38716">
        <ele>198.8</ele>
      </trkpt>
      <trkpt lat="43.6625" lon="3.38545">
        <ele>192.6</ele>
      </trkpt>
      <trkpt lat="43.66262" lon="3.38476">
        <ele>191.4</ele>
      </trkpt>
      <trkpt lat="43.66251" lon="3.38391">
        <ele>185.4</ele>
      </trkpt>
      <trkpt lat="43.66257" lon="3.38341">
        <ele>186</ele>
      </trkpt>
      <trkpt lat="43.66242" lon="3.3829">
        <ele>183.1</ele>
      </trkpt>
      <trkpt lat="43.66237" lon="3.38203">
        <ele>182.7</ele>
      </trkpt>
      <trkpt lat="43.66269" lon="3.38093">
        <ele>186.1</ele>
      </trkpt>
      <trkpt lat="43.66336" lon="3.37986">
        <ele>186.6</ele>
      </trkpt>
      <trkpt lat="43.6639" lon="3.37954">
        <ele>187.2</ele>
      </trkpt>
      <trkpt lat="43.66495" lon="3.37929">
        <ele>188.9</ele>
      </trkpt>
      <trkpt lat="43.66422" lon="3.37767">
        <ele>183.5</ele>
      </trkpt>
      <trkpt lat="43.66409" lon="3.37675">
        <ele>184.5</ele>
      </trkpt>
      <trkpt lat="43.66419" lon="3.3758">
        <ele>184.8</ele>
      </trkpt>
      <trkpt lat="43.66466" lon="3.37444">
        <ele>185.6</ele>
      </trkpt>
      <trkpt lat="43.66515" lon="3.3741">
        <ele>188.4</ele>
      </trkpt>
      <trkpt lat="43.66544" lon="3.37351">
        <ele>186.6</ele>
      </trkpt>
      <trkpt lat="43.66649" lon="3.37221">
        <ele>188</ele>
      </trkpt>
      <trkpt lat="43.66672" lon="3.37163">
        <ele>187.5</ele>
      </trkpt>
      <trkpt lat="43.66663" lon="3.37152">
        <ele>186.6</ele>
      </trkpt>
      <trkpt lat="43.66615" lon="3.37143">
        <ele>180.8</ele>
      </trkpt>
      <trkpt lat="43.6658" lon="3.37113">
        <ele>179.4</ele>
      </trkpt>
      <trkpt lat="43.66565" lon="3.37064">
        <ele>181.9</ele>
      </trkpt>
      <trkpt lat="43.66483" lon="3.36961">
        <ele>174.1</ele>
      </trkpt>
      <trkpt lat="43.66509" lon="3.36913">
        <ele>176.9</ele>
      </trkpt>
      <trkpt lat="43.66556" lon="3.36727">
        <ele>175.5</ele>
      </trkpt>
      <trkpt lat="43.66715" lon="3.36502">
        <ele>178.2</ele>
      </trkpt>
      <trkpt lat="43.66716" lon="3.36508">
        <ele>179.3</ele>
      </trkpt>
      <trkpt lat="43.66747" lon="3.36489">
        <ele>180.8</ele>
      </trkpt>
      <trkpt lat="43.66747" lon="3.36449">
        <ele>177.1</ele>
      </trkpt>
      <trkpt lat="43.66798" lon="3.36365">
        <ele>179.5</ele>
      </trkpt>
      <trkpt lat="43.66828" lon="3.36287">
        <ele>180.8</ele>
      </trkpt>
      <trkpt lat="43.66857" lon="3.3626">
        <ele>183.1</ele>
      </trkpt>
      <trkpt lat="43.66893" lon="3.36205">
        <ele>184.6</ele>
      </trkpt>
      <trkpt lat="43.66936" lon="3.36195">
        <ele>186.1</ele>
      </trkpt>
      <trkpt lat="43.66928" lon="3.36133">
        <ele>183.4</ele>
      </trkpt>
      <trkpt lat="43.66937" lon="3.36093">
        <ele>183.8</ele>
      </trkpt>
      <trkpt lat="43.67056" lon="3.35936">
        <ele>183.7</ele>
      </trkpt>
      <trkpt lat="43.67079" lon="3.35894">
        <ele>183.3</ele>
      </trkpt>
      <trkpt lat="43.6713" lon="3.35883">
        <ele>185.2</ele>
      </trkpt>
      <trkpt lat="43.67177" lon="3.35891">
        <ele>187.8</ele>
      </trkpt>
      <trkpt lat="43.67195" lon="3.35869">
        <ele>186.1</ele>
      </trkpt>
      <trkpt lat="43.6722" lon="3.35886">
        <ele>185.8</ele>
      </trkpt>
      <trkpt lat="43.67264" lon="3.35845">
        <ele>188.6</ele>
      </trkpt>
      <trkpt lat="43.67246" lon="3.3574">
        <ele>177.5</ele>
      </trkpt>
      <trkpt lat="43.67283" lon="3.3563">
        <ele>173</ele>
      </trkpt>
      <trkpt lat="43.67308" lon="3.35612">
        <ele>171.3</ele>
      </trkpt>
      <trkpt lat="43.67311" lon="3.35597">
        <ele>168.6</ele>
      </trkpt>
      <trkpt lat="43.67293" lon="3.35577">
        <ele>164.1</ele>
      </trkpt>
      <trkpt lat="43.67228" lon="3.35564">
        <ele>159.2</ele>
      </trkpt>
      <trkpt lat="43.67201" lon="3.35576">
        <ele>157.4</ele>
      </trkpt>
      <trkpt lat="43.67188" lon="3.35569">
        <ele>155.3</ele>
      </trkpt>
      <trkpt lat="43.6713" lon="3.35473">
        <ele>147.7</ele>
      </trkpt>
      <trkpt lat="43.67087" lon="3.35485">
        <ele>145.2</ele>
      </trkpt>
      <trkpt lat="43.67069" lon="3.35462">
        <ele>143.8</ele>
      </trkpt>
      <trkpt lat="43.6706" lon="3.35421">
        <ele>142.3</ele>
      </trkpt>
      <trkpt lat="43.67086" lon="3.35395">
        <ele>142.2</ele>
      </trkpt>
      <trkpt lat="43.67165" lon="3.35358">
        <ele>142.1</ele>
      </trkpt>
      <trkpt lat="43.67245" lon="3.35239">
        <ele>142</ele>
      </trkpt>
      <trkpt lat="43.67329" lon="3.35181">
        <ele>139.1</ele>
      </trkpt>
      <trkpt lat="43.67358" lon="3.351">
        <ele>139.2</ele>
      </trkpt>
      <trkpt lat="43.67381" lon="3.35073">
        <ele>140.1</ele>
      </trkpt>
      <trkpt lat="43.67381" lon="3.35031">
        <ele>141.6</ele>
      </trkpt>
      <trkpt lat="43.67391" lon="3.34999">
        <ele>143</ele>
      </trkpt>
      <trkpt lat="43.67502" lon="3.34869">
        <ele>139.5</ele>
      </trkpt>
      <trkpt lat="43.67513" lon="3.34836">
        <ele>139.1</ele>
      </trkpt>
      <trkpt lat="43.67515" lon="3.34732">
        <ele>140.7</ele>
      </trkpt>
      <trkpt lat="43.67543" lon="3.3469">
        <ele>138.6</ele>
      </trkpt>
      <trkpt lat="43.6757" lon="3.34629">
        <ele>138.5</ele>
      </trkpt>
      <trkpt lat="43.67611" lon="3.34592">
        <ele>136.3</ele>
      </trkpt>
      <trkpt lat="43.67636" lon="3.34583">
        <ele>135.1</ele>
      </trkpt>
      <trkpt lat="43.67651" lon="3.34557">
        <ele>134.1</ele>
      </trkpt>
      <trkpt lat="43.67669" lon="3.34546">
        <ele>133.6</ele>
      </trkpt>
      <trkpt lat="43.67686" lon="3.34517">
        <ele>134.4</ele>
      </trkpt>
      <trkpt lat="43.67755" lon="3.34482">
        <ele>130.6</ele>
      </trkpt>
      <trkpt lat="43.67802" lon="3.34475">
        <ele>128.1</ele>
      </trkpt>
      <trkpt lat="43.67842" lon="3.34485">
        <ele>126.6</ele>
      </trkpt>
      <trkpt lat="43.67862" lon="3.34294">
        <ele>127.4</ele>
      </trkpt>
      <trkpt lat="43.67856" lon="3.34203">
        <ele>129.1</ele>
      </trkpt>
      <trkpt lat="43.67812" lon="3.33984">
        <ele>131.7</ele>
      </trkpt>
      <trkpt lat="43.67754" lon="3.33863">
        <ele>139.7</ele>
      </trkpt>
      <trkpt lat="43.67661" lon="3.33703">
        <ele>144.1</ele>
      </trkpt>
      <trkpt lat="43.67486" lon="3.33505">
        <ele>143.3</ele>
      </trkpt>
      <trkpt lat="43.67407" lon="3.33457">
        <ele>148.1</ele>
      </trkpt>
      <trkpt lat="43.67071" lon="3.33388">
        <ele>168</ele>
      </trkpt>
      <trkpt lat="43.67008" lon="3.33394">
        <ele>170.1</ele>
      </trkpt>
      <trkpt lat="43.66851" lon="3.33485">
        <ele>181.7</ele>
      </trkpt>
      <trkpt lat="43.66798" lon="3.33531">
        <ele>183.6</ele>
      </trkpt>
      <trkpt lat="43.66773" lon="3.33645">
        <ele>184</ele>
      </trkpt>
      <trkpt lat="43.66753" lon="3.33679">
        <ele>187</ele>
      </trkpt>
      <trkpt lat="43.66694" lon="3.33734">
        <ele>186.3</ele>
      </trkpt>
      <trkpt lat="43.66681" lon="3.33771">
        <ele>185.8</ele>
      </trkpt>
      <trkpt lat="43.66643" lon="3.3382">
        <ele>184.3</ele>
      </trkpt>
      <trkpt lat="43.66533" lon="3.33825">
        <ele>167.4</ele>
      </trkpt>
      <trkpt lat="43.66492" lon="3.33853">
        <ele>160.8</ele>
      </trkpt>
      <trkpt lat="43.66464" lon="3.33883">
        <ele>159.1</ele>
      </trkpt>
      <trkpt lat="43.66422" lon="3.33887">
        <ele>154.6</ele>
      </trkpt>
      <trkpt lat="43.6639" lon="3.33948">
        <ele>152.5</ele>
      </trkpt>
      <trkpt lat="43.66314" lon="3.33941">
        <ele>147.8</ele>
      </trkpt>
      <trkpt lat="43.66274" lon="3.33921">
        <ele>143.4</ele>
      </trkpt>
      <trkpt lat="43.66285" lon="3.33882">
        <ele>141.5</ele>
      </trkpt>
      <trkpt lat="43.66307" lon="3.33868">
        <ele>142.8</ele>
      </trkpt>
      <trkpt lat="43.66331" lon="3.33836">
        <ele>143.6</ele>
      </trkpt>
      <trkpt lat="43.66356" lon="3.33829">
        <ele>144.6</ele>
      </trkpt>
      <trkpt lat="43.66362" lon="3.33782">
        <ele>145.6</ele>
      </trkpt>
      <trkpt lat="43.66384" lon="3.33726">
        <ele>150.4</ele>
      </trkpt>
      <trkpt lat="43.66382" lon="3.33682">
        <ele>154.1</ele>
      </trkpt>
      <trkpt lat="43.66328" lon="3.33686">
        <ele>154.9</ele>
      </trkpt>
      <trkpt lat="43.66242" lon="3.33641">
        <ele>156.3</ele>
      </trkpt>
      <trkpt lat="43.6623" lon="3.33622">
        <ele>156.8</ele>
      </trkpt>
      <trkpt lat="43.66202" lon="3.33612">
        <ele>156.9</ele>
      </trkpt>
      <trkpt lat="43.66136" lon="3.33609">
        <ele>152.9</ele>
      </trkpt>
      <trkpt lat="43.66117" lon="3.33566">
        <ele>153.8</ele>
      </trkpt>
      <trkpt lat="43.66057" lon="3.33552">
        <ele>150.8</ele>
      </trkpt>
      <trkpt lat="43.66023" lon="3.33534">
        <ele>150.8</ele>
      </trkpt>
      <trkpt lat="43.66013" lon="3.33539">
        <ele>149.5</ele>
      </trkpt>
      <trkpt lat="43.65965" lon="3.3352">
        <ele>146.8</ele>
      </trkpt>
      <trkpt lat="43.65948" lon="3.33531">
        <ele>143.3</ele>
      </trkpt>
      <trkpt lat="43.6593" lon="3.33521">
        <ele>141.6</ele>
      </trkpt>
      <trkpt lat="43.65904" lon="3.33475">
        <ele>140.5</ele>
      </trkpt>
      <trkpt lat="43.65885" lon="3.33462">
        <ele>140</ele>
      </trkpt>
      <trkpt lat="43.65858" lon="3.33462">
        <ele>139.5</ele>
      </trkpt>
      <trkpt lat="43.65842" lon="3.33451">
        <ele>141</ele>
      </trkpt>
      <trkpt lat="43.65787" lon="3.33438">
        <ele>141.4</ele>
      </trkpt>
      <trkpt lat="43.65736" lon="3.33398">
        <ele>141.3</ele>
      </trkpt>
      <trkpt lat="43.6571" lon="3.33357">
        <ele>141.9</ele>
      </trkpt>
      <trkpt lat="43.65677" lon="3.33337">
        <ele>140.7</ele>
      </trkpt>
      <trkpt lat="43.65646" lon="3.33276">
        <ele>141.2</ele>
      </trkpt>
      <trkpt lat="43.65651" lon="3.33257">
        <ele>141.8</ele>
      </trkpt>
      <trkpt lat="43.65612" lon="3.33173">
        <ele>143.3</ele>
      </trkpt>
      <trkpt lat="43.65579" lon="3.3318">
        <ele>139.2</ele>
      </trkpt>
      <trkpt lat="43.65555" lon="3.33157">
        <ele>138.7</ele>
      </trkpt>
      <trkpt lat="43.65506" lon="3.33063">
        <ele>139.7</ele>
      </trkpt>
      <trkpt lat="43.65466" lon="3.33004">
        <ele>139.4</ele>
      </trkpt>
      <trkpt lat="43.65411" lon="3.32951">
        <ele>138.6</ele>
      </trkpt>
      <trkpt lat="43.65365" lon="3.32891">
        <ele>139</ele>
      </trkpt>
      <trkpt lat="43.65337" lon="3.32769">
        <ele>139.7</ele>
      </trkpt>
      <trkpt lat="43.65317" lon="3.32766">
        <ele>139.2</ele>
      </trkpt>
      <trkpt lat="43.65213" lon="3.32563">
        <ele>139</ele>
      </trkpt>
      <trkpt lat="43.65196" lon="3.32555">
        <ele>139</ele>
      </trkpt>
      <trkpt lat="43.65156" lon="3.32562">
        <ele>139</ele>
      </trkpt>
      <trkpt lat="43.65139" lon="3.3254">
        <ele>139</ele>
      </trkpt>
      <trkpt lat="43.65101" lon="3.32552">
        <ele>140.8</ele>
      </trkpt>
      <trkpt lat="43.6508" lon="3.32576">
        <ele>140.5</ele>
      </trkpt>
      <trkpt lat="43.65063" lon="3.32582">
        <ele>140.1</ele>
      </trkpt>
      <trkpt lat="43.65042" lon="3.3257">
        <ele>140.7</ele>
      </trkpt>
      <trkpt lat="43.64985" lon="3.3257">
        <ele>139</ele>
      </trkpt>
      <trkpt lat="43.64879" lon="3.3247">
        <ele>140.8</ele>
      </trkpt>
      <trkpt lat="43.64792" lon="3.3251">
        <ele>139.3</ele>
      </trkpt>
      <trkpt lat="43.6477" lon="3.32512">
        <ele>139.7</ele>
      </trkpt>
      <trkpt lat="43.64753" lon="3.32504">
        <ele>140</ele>
      </trkpt>
      <trkpt lat="43.64721" lon="3.32519">
        <ele>139.6</ele>
      </trkpt>
      <trkpt lat="43.64625" lon="3.32515">
        <ele>140</ele>
      </trkpt>
      <trkpt lat="43.64601" lon="3.32548">
        <ele>140</ele>
      </trkpt>
      <trkpt lat="43.64474" lon="3.32524">
        <ele>140.1</ele>
      </trkpt>
      <trkpt lat="43.64466" lon="3.32515">
        <ele>140.6</ele>
      </trkpt>
      <trkpt lat="43.64365" lon="3.3254">
        <ele>140.1</ele>
      </trkpt>
      <trkpt lat="43.64309" lon="3.32531">
        <ele>140.9</ele>
      </trkpt>
      <trkpt lat="43.64229" lon="3.32494">
        <ele>141</ele>
      </trkpt>
      <trkpt lat="43.64244" lon="3.3245">
        <ele>141.2</ele>
      </trkpt>
      <trkpt lat="43.64262" lon="3.32392">
        <ele>142.5</ele>
      </trkpt>
      <trkpt lat="43.64297" lon="3.32339">
        <ele>144.5</ele>
      </trkpt>
      <trkpt lat="43.64315" lon="3.32302">
        <ele>146.5</ele>
      </trkpt>
      <trkpt lat="43.64325" lon="3.32166">
        <ele>147.1</ele>
      </trkpt>
      <trkpt lat="43.64314" lon="3.32075">
        <ele>147.8</ele>
      </trkpt>
      <trkpt lat="43.64335" lon="3.32014">
        <ele>146.5</ele>
      </trkpt>
      <trkpt lat="43.6434" lon="3.31983">
        <ele>146.9</ele>
      </trkpt>
      <trkpt lat="43.64336" lon="3.31956">
        <ele>147.6</ele>
      </trkpt>
      <trkpt lat="43.64337" lon="3.31926">
        <ele>148.6</ele>
      </trkpt>
      <trkpt lat="43.64346" lon="3.31893">
        <ele>149.4</ele>
      </trkpt>
      <trkpt lat="43.64378" lon="3.31805">
        <ele>151.4</ele>
      </trkpt>
      <trkpt lat="43.64385" lon="3.31792">
        <ele>151.7</ele>
      </trkpt>
      <trkpt lat="43.64385" lon="3.31781">
        <ele>152.1</ele>
      </trkpt>
      <trkpt lat="43.64381" lon="3.31774">
        <ele>152.7</ele>
      </trkpt>
      <trkpt lat="43.64364" lon="3.31766">
        <ele>154.2</ele>
      </trkpt>
      <trkpt lat="43.64359" lon="3.31745">
        <ele>155.4</ele>
      </trkpt>
      <trkpt lat="43.64379" lon="3.31676">
        <ele>155.9</ele>
      </trkpt>
      <trkpt lat="43.64385" lon="3.3162">
        <ele>156.4</ele>
      </trkpt>
      <trkpt lat="43.64407" lon="3.31534">
        <ele>156.4</ele>
      </trkpt>
      <trkpt lat="43.64411" lon="3.31493">
        <ele>157.1</ele>
      </trkpt>
      <trkpt lat="43.64406" lon="3.31425">
        <ele>158.5</ele>
      </trkpt>
      <trkpt lat="43.644" lon="3.31365">
        <ele>158.5</ele>
      </trkpt>
      <trkpt lat="43.64394" lon="3.31333">
        <ele>158.4</ele>
      </trkpt>
      <trkpt lat="43.64349" lon="3.31236">
        <ele>163.6</ele>
      </trkpt>
      <trkpt lat="43.64325" lon="3.31177">
        <ele>165.5</ele>
      </trkpt>
      <trkpt lat="43.64274" lon="3.30981">
        <ele>167.6</ele>
      </trkpt>
      <trkpt lat="43.64272" lon="3.30842">
        <ele>167.6</ele>
      </trkpt>
      <trkpt lat="43.64261" lon="3.30817">
        <ele>168.8</ele>
      </trkpt>
      <trkpt lat="43.64243" lon="3.3077">
        <ele>171.4</ele>
      </trkpt>
      <trkpt lat="43.64239" lon="3.30738">
        <ele>172.6</ele>
      </trkpt>
      <trkpt lat="43.64237" lon="3.30698">
        <ele>173.7</ele>
      </trkpt>
      <trkpt lat="43.6425" lon="3.3067">
        <ele>172</ele>
      </trkpt>
      <trkpt lat="43.64248" lon="3.30652">
        <ele>173</ele>
      </trkpt>
      <trkpt lat="43.64245" lon="3.30611">
        <ele>174.7</ele>
      </trkpt>
      <trkpt lat="43.64231" lon="3.30502">
        <ele>181.4</ele>
      </trkpt>
      <trkpt lat="43.64224" lon="3.30469">
        <ele>183.7</ele>
      </trkpt>
      <trkpt lat="43.6422" lon="3.30411">
        <ele>186.4</ele>
      </trkpt>
      <trkpt lat="43.64219" lon="3.30375">
        <ele>188.2</ele>
      </trkpt>
      <trkpt lat="43.64225" lon="3.30331">
        <ele>190.9</ele>
      </trkpt>
      <trkpt lat="43.64224" lon="3.30319">
        <ele>191.5</ele>
      </trkpt>
      <trkpt lat="43.64218" lon="3.30305">
        <ele>191.8</ele>
      </trkpt>
      <trkpt lat="43.64212" lon="3.30243">
        <ele>192.8</ele>
      </trkpt>
      <trkpt lat="43.64214" lon="3.30189">
        <ele>195.3</ele>
      </trkpt>
      <trkpt lat="43.64219" lon="3.3014">
        <ele>197.8</ele>
      </trkpt>
      <trkpt lat="43.64234" lon="3.30079">
        <ele>198.7</ele>
      </trkpt>
      <trkpt lat="43.64234" lon="3.3001">
        <ele>199.8</ele>
      </trkpt>
      <trkpt lat="43.64229" lon="3.29959">
        <ele>201.2</ele>
      </trkpt>
      <trkpt lat="43.64221" lon="3.29895">
        <ele>203</ele>
      </trkpt>
      <trkpt lat="43.64221" lon="3.29834">
        <ele>205</ele>
      </trkpt>
      <trkpt lat="43.64219" lon="3.29819">
        <ele>205.5</ele>
      </trkpt>
      <trkpt lat="43.64214" lon="3.29806">
        <ele>205.7</ele>
      </trkpt>
      <trkpt lat="43.64202" lon="3.29797">
        <ele>205.6</ele>
      </trkpt>
      <trkpt lat="43.64191" lon="3.29763">
        <ele>206.1</ele>
      </trkpt>
      <trkpt lat="43.64189" lon="3.29744">
        <ele>206.4</ele>
      </trkpt>
      <trkpt lat="43.64202" lon="3.29722">
        <ele>207.3</ele>
      </trkpt>
      <trkpt lat="43.64205" lon="3.29702">
        <ele>208.1</ele>
      </trkpt>
      <trkpt lat="43.64208" lon="3.29671">
        <ele>208.9</ele>
      </trkpt>
      <trkpt lat="43.642" lon="3.29631">
        <ele>210.4</ele>
      </trkpt>
      <trkpt lat="43.64193" lon="3.29562">
        <ele>214.5</ele>
      </trkpt>
      <trkpt lat="43.64193" lon="3.29509">
        <ele>217.3</ele>
      </trkpt>
      <trkpt lat="43.64197" lon="3.29499">
        <ele>218.2</ele>
      </trkpt>
      <trkpt lat="43.64235" lon="3.29543">
        <ele>218.6</ele>
      </trkpt>
      <trkpt lat="43.64252" lon="3.29557">
        <ele>218.9</ele>
      </trkpt>
      <trkpt lat="43.64302" lon="3.29579">
        <ele>218.5</ele>
      </trkpt>
      <trkpt lat="43.64325" lon="3.2958">
        <ele>219.2</ele>
      </trkpt>
      <trkpt lat="43.6435" lon="3.29588">
        <ele>220.5</ele>
      </trkpt>
      <trkpt lat="43.64409" lon="3.29611">
        <ele>226.9</ele>
      </trkpt>
      <trkpt lat="43.64443" lon="3.29621">
        <ele>228.9</ele>
      </trkpt>
      <trkpt lat="43.64457" lon="3.29631">
        <ele>229.8</ele>
      </trkpt>
      <trkpt lat="43.64469" lon="3.2965">
        <ele>229.6</ele>
      </trkpt>
      <trkpt lat="43.64482" lon="3.29679">
        <ele>229.4</ele>
      </trkpt>
      <trkpt lat="43.64484" lon="3.29674">
        <ele>230.1</ele>
      </trkpt>
      <trkpt lat="43.64477" lon="3.29653">
        <ele>230.8</ele>
      </trkpt>
      <trkpt lat="43.64464" lon="3.29623">
        <ele>231.9</ele>
      </trkpt>
      <trkpt lat="43.6442" lon="3.2957">
        <ele>233.5</ele>
      </trkpt>
      <trkpt lat="43.64407" lon="3.2954">
        <ele>234.8</ele>
      </trkpt>
      <trkpt lat="43.64405" lon="3.29525">
        <ele>235.8</ele>
      </trkpt>
      <trkpt lat="43.64408" lon="3.29496">
        <ele>239.4</ele>
      </trkpt>
      <trkpt lat="43.644" lon="3.29475">
        <ele>240.2</ele>
      </trkpt>
      <trkpt lat="43.64375" lon="3.29467">
        <ele>240.7</ele>
      </trkpt>
      <trkpt lat="43.64357" lon="3.29466">
        <ele>240.8</ele>
      </trkpt>
      <trkpt lat="43.64343" lon="3.2945">
        <ele>242.1</ele>
      </trkpt>
      <trkpt lat="43.64338" lon="3.29431">
        <ele>243.2</ele>
      </trkpt>
      <trkpt lat="43.64345" lon="3.29398">
        <ele>245.5</ele>
      </trkpt>
      <trkpt lat="43.64345" lon="3.29383">
        <ele>246.2</ele>
      </trkpt>
      <trkpt lat="43.6434" lon="3.29364">
        <ele>246.7</ele>
      </trkpt>
      <trkpt lat="43.64311" lon="3.29295">
        <ele>249.2</ele>
      </trkpt>
      <trkpt lat="43.64305" lon="3.29273">
        <ele>249.3</ele>
      </trkpt>
      <trkpt lat="43.64319" lon="3.29167">
        <ele>255.9</ele>
      </trkpt>
      <trkpt lat="43.64358" lon="3.29073">
        <ele>262.3</ele>
      </trkpt>
      <trkpt lat="43.64387" lon="3.29027">
        <ele>265.2</ele>
      </trkpt>
      <trkpt lat="43.64425" lon="3.28994">
        <ele>267.7</ele>
      </trkpt>
      <trkpt lat="43.64431" lon="3.28984">
        <ele>268.4</ele>
      </trkpt>
      <trkpt lat="43.64437" lon="3.28945">
        <ele>269.4</ele>
      </trkpt>
      <trkpt lat="43.64444" lon="3.28925">
        <ele>270.5</ele>
      </trkpt>
      <trkpt lat="43.64483" lon="3.28889">
        <ele>277.5</ele>
      </trkpt>
      <trkpt lat="43.64502" lon="3.28859">
        <ele>278.5</ele>
      </trkpt>
      <trkpt lat="43.64523" lon="3.28835">
        <ele>281.1</ele>
      </trkpt>
      <trkpt lat="43.64531" lon="3.28806">
        <ele>279.1</ele>
      </trkpt>
      <trkpt lat="43.64548" lon="3.2877">
        <ele>281.3</ele>
      </trkpt>
      <trkpt lat="43.64561" lon="3.28727">
        <ele>282.5</ele>
      </trkpt>
      <trkpt lat="43.64574" lon="3.2871">
        <ele>284.5</ele>
      </trkpt>
      <trkpt lat="43.6462" lon="3.28697">
        <ele>291.9</ele>
      </trkpt>
      <trkpt lat="43.64653" lon="3.28679">
        <ele>292.8</ele>
      </trkpt>
      <trkpt lat="43.6471" lon="3.28672">
        <ele>298.9</ele>
      </trkpt>
      <trkpt lat="43.64747" lon="3.28662">
        <ele>302.3</ele>
      </trkpt>
      <trkpt lat="43.64769" lon="3.28649">
        <ele>303</ele>
      </trkpt>
      <trkpt lat="43.64798" lon="3.28621">
        <ele>302.7</ele>
      </trkpt>
      <trkpt lat="43.64823" lon="3.28621">
        <ele>306.9</ele>
      </trkpt>
      <trkpt lat="43.64847" lon="3.28611">
        <ele>306.9</ele>
      </trkpt>
      <trkpt lat="43.64861" lon="3.28612">
        <ele>309.3</ele>
      </trkpt>
      <trkpt lat="43.64879" lon="3.28621">
        <ele>313.4</ele>
      </trkpt>
      <trkpt lat="43.64891" lon="3.28619">
        <ele>313.6</ele>
      </trkpt>
      <trkpt lat="43.64922" lon="3.28603">
        <ele>314.5</ele>
      </trkpt>
      <trkpt lat="43.64977" lon="3.28569">
        <ele>319.4</ele>
      </trkpt>
      <trkpt lat="43.65034" lon="3.28506">
        <ele>319.7</ele>
      </trkpt>
      <trkpt lat="43.6507" lon="3.28482">
        <ele>324.4</ele>
      </trkpt>
      <trkpt lat="43.65102" lon="3.28463">
        <ele>327.7</ele>
      </trkpt>
      <trkpt lat="43.65119" lon="3.28447">
        <ele>327.7</ele>
      </trkpt>
      <trkpt lat="43.65191" lon="3.28366">
        <ele>332.2</ele>
      </trkpt>
      <trkpt lat="43.65227" lon="3.28301">
        <ele>334.2</ele>
      </trkpt>
      <trkpt lat="43.65261" lon="3.28258">
        <ele>338.5</ele>
      </trkpt>
      <trkpt lat="43.6527" lon="3.28238">
        <ele>337.6</ele>
      </trkpt>
      <trkpt lat="43.65315" lon="3.28088">
        <ele>353.2</ele>
      </trkpt>
      <trkpt lat="43.65335" lon="3.27989">
        <ele>353.6</ele>
      </trkpt>
      <trkpt lat="43.65343" lon="3.27936">
        <ele>350.9</ele>
      </trkpt>
      <trkpt lat="43.65361" lon="3.27872">
        <ele>348.7</ele>
      </trkpt>
      <trkpt lat="43.6538" lon="3.27833">
        <ele>348.1</ele>
      </trkpt>
      <trkpt lat="43.65404" lon="3.27808">
        <ele>353.3</ele>
      </trkpt>
      <trkpt lat="43.65416" lon="3.27785">
        <ele>355.1</ele>
      </trkpt>
      <trkpt lat="43.65424" lon="3.27731">
        <ele>355.5</ele>
      </trkpt>
      <trkpt lat="43.65511" lon="3.2751">
        <ele>364.8</ele>
      </trkpt>
      <trkpt lat="43.65532" lon="3.27476">
        <ele>370.8</ele>
      </trkpt>
      <trkpt lat="43.65574" lon="3.27315">
        <ele>378</ele>
      </trkpt>
      <trkpt lat="43.6562" lon="3.27249">
        <ele>381</ele>
      </trkpt>
      <trkpt lat="43.65723" lon="3.27176">
        <ele>385.5</ele>
      </trkpt>
      <trkpt lat="43.65734" lon="3.27181">
        <ele>388.5</ele>
      </trkpt>
      <trkpt lat="43.65733" lon="3.27191">
        <ele>391</ele>
      </trkpt>
      <trkpt lat="43.65712" lon="3.27202">
        <ele>390.3</ele>
      </trkpt>
      <trkpt lat="43.65691" lon="3.27216">
        <ele>390.7</ele>
      </trkpt>
      <trkpt lat="43.65665" lon="3.27243">
        <ele>391</ele>
      </trkpt>
      <trkpt lat="43.65611" lon="3.27317">
        <ele>392.6</ele>
      </trkpt>
      <trkpt lat="43.65601" lon="3.27329">
        <ele>391</ele>
      </trkpt>
      <trkpt lat="43.65601" lon="3.27336">
        <ele>392</ele>
      </trkpt>
      <trkpt lat="43.6561" lon="3.27342">
        <ele>395.7</ele>
      </trkpt>
      <trkpt lat="43.65624" lon="3.27324">
        <ele>396.9</ele>
      </trkpt>
      <trkpt lat="43.6565" lon="3.27297">
        <ele>398.4</ele>
      </trkpt>
      <trkpt lat="43.6569" lon="3.2728">
        <ele>402.6</ele>
      </trkpt>
      <trkpt lat="43.65739" lon="3.27282">
        <ele>406.1</ele>
      </trkpt>
      <trkpt lat="43.65876" lon="3.27241">
        <ele>415.6</ele>
      </trkpt>
      <trkpt lat="43.659" lon="3.27241">
        <ele>417.7</ele>
      </trkpt>
      <trkpt lat="43.65936" lon="3.2725">
        <ele>421.8</ele>
      </trkpt>
      <trkpt lat="43.65976" lon="3.27277">
        <ele>424</ele>
      </trkpt>
      <trkpt lat="43.66009" lon="3.27292">
        <ele>423</ele>
      </trkpt>
      <trkpt lat="43.66035" lon="3.27314">
        <ele>427.1</ele>
      </trkpt>
      <trkpt lat="43.66045" lon="3.27311">
        <ele>427.2</ele>
      </trkpt>
      <trkpt lat="43.6606" lon="3.27263">
        <ele>424.8</ele>
      </trkpt>
      <trkpt lat="43.66058" lon="3.27219">
        <ele>422</ele>
      </trkpt>
      <trkpt lat="43.66076" lon="3.27194">
        <ele>421.5</ele>
      </trkpt>
      <trkpt lat="43.66103" lon="3.27185">
        <ele>422.7</ele>
      </trkpt>
      <trkpt lat="43.66106" lon="3.2717">
        <ele>421.5</ele>
      </trkpt>
      <trkpt lat="43.66097" lon="3.27152">
        <ele>422</ele>
      </trkpt>
      <trkpt lat="43.66051" lon="3.27114">
        <ele>416</ele>
      </trkpt>
      <trkpt lat="43.66024" lon="3.27083">
        <ele>414.3</ele>
      </trkpt>
      <trkpt lat="43.6602" lon="3.27068">
        <ele>412.1</ele>
      </trkpt>
      <trkpt lat="43.66027" lon="3.27059">
        <ele>411.5</ele>
      </trkpt>
      <trkpt lat="43.66052" lon="3.27049">
        <ele>412</ele>
      </trkpt>
      <trkpt lat="43.66068" lon="3.27022">
        <ele>410.1</ele>
      </trkpt>
      <trkpt lat="43.66071" lon="3.2699">
        <ele>408.3</ele>
      </trkpt>
      <trkpt lat="43.66069" lon="3.26972">
        <ele>406.9</ele>
      </trkpt>
      <trkpt lat="43.66062" lon="3.26953">
        <ele>406.3</ele>
      </trkpt>
      <trkpt lat="43.6603" lon="3.26899">
        <ele>404.2</ele>
      </trkpt>
      <trkpt lat="43.66017" lon="3.2687">
        <ele>403</ele>
      </trkpt>
      <trkpt lat="43.66016" lon="3.2685">
        <ele>402.2</ele>
      </trkpt>
      <trkpt lat="43.66042" lon="3.2676">
        <ele>399.7</ele>
      </trkpt>
      <trkpt lat="43.66039" lon="3.26732">
        <ele>399.6</ele>
      </trkpt>
      <trkpt lat="43.66024" lon="3.26685">
        <ele>397.4</ele>
      </trkpt>
      <trkpt lat="43.66031" lon="3.26656">
        <ele>397.5</ele>
      </trkpt>
      <trkpt lat="43.66054" lon="3.26643">
        <ele>397.4</ele>
      </trkpt>
      <trkpt lat="43.66061" lon="3.26632">
        <ele>397.1</ele>
      </trkpt>
      <trkpt lat="43.66056" lon="3.26615">
        <ele>396.2</ele>
      </trkpt>
      <trkpt lat="43.66039" lon="3.26575">
        <ele>391.6</ele>
      </trkpt>
      <trkpt lat="43.66028" lon="3.26516">
        <ele>389.4</ele>
      </trkpt>
      <trkpt lat="43.65989" lon="3.26423">
        <ele>386.8</ele>
      </trkpt>
      <trkpt lat="43.65971" lon="3.26348">
        <ele>383.9</ele>
      </trkpt>
      <trkpt lat="43.65963" lon="3.26298">
        <ele>382.3</ele>
      </trkpt>
      <trkpt lat="43.65958" lon="3.26231">
        <ele>383</ele>
      </trkpt>
      <trkpt lat="43.65929" lon="3.26163">
        <ele>381.6</ele>
      </trkpt>
      <trkpt lat="43.65917" lon="3.26154">
        <ele>381.8</ele>
      </trkpt>
      <trkpt lat="43.65899" lon="3.26179">
        <ele>381.7</ele>
      </trkpt>
      <trkpt lat="43.65883" lon="3.26187">
        <ele>382.2</ele>
      </trkpt>
      <trkpt lat="43.65847" lon="3.2617">
        <ele>382.1</ele>
      </trkpt>
      <trkpt lat="43.65822" lon="3.2617">
        <ele>382.5</ele>
      </trkpt>
      <trkpt lat="43.6577" lon="3.26192">
        <ele>384.3</ele>
      </trkpt>
      <trkpt lat="43.65697" lon="3.26174">
        <ele>387.7</ele>
      </trkpt>
      <trkpt lat="43.6568" lon="3.26179">
        <ele>388</ele>
      </trkpt>
      <trkpt lat="43.65668" lon="3.26193">
        <ele>387.9</ele>
      </trkpt>
      <trkpt lat="43.65651" lon="3.26235">
        <ele>390.4</ele>
      </trkpt>
      <trkpt lat="43.65641" lon="3.26242">
        <ele>391.7</ele>
      </trkpt>
      <trkpt lat="43.65543" lon="3.26176">
        <ele>399.6</ele>
      </trkpt>
      <trkpt lat="43.65445" lon="3.26059">
        <ele>409.6</ele>
      </trkpt>
      <trkpt lat="43.65355" lon="3.25887">
        <ele>420.9</ele>
      </trkpt>
      <trkpt lat="43.6534" lon="3.25864">
        <ele>422.3</ele>
      </trkpt>
      <trkpt lat="43.65308" lon="3.2582">
        <ele>424.8</ele>
        <time>2024-05-14T03:36:28+00:00</time>
      </trkpt>
      <trkpt lat="43.65236" lon="3.25657">
        <ele>430.2</ele>
        <time>2024-05-14T03:35:30+00:00</time>
      </trkpt>
      <trkpt lat="43.65238" lon="3.25624">
        <ele>431.8</ele>
        <time>2024-05-14T03:35:20+00:00</time>
      </trkpt>
      <trkpt lat="43.65274" lon="3.25555">
        <ele>435.1</ele>
      </trkpt>
      <trkpt lat="43.65294" lon="3.25507">
        <ele>435.7</ele>
        <time>2024-05-14T03:34:38+00:00</time>
      </trkpt>
      <trkpt lat="43.65301" lon="3.25471">
        <ele>438.6</ele>
      </trkpt>
      <trkpt lat="43.65321" lon="3.25429">
        <ele>443.2</ele>
        <time>2024-05-14T03:34:11+00:00</time>
      </trkpt>
      <trkpt lat="43.65318" lon="3.25405">
        <ele>442.9</ele>
      </trkpt>
      <trkpt lat="43.65307" lon="3.25373">
        <ele>441.7</ele>
      </trkpt>
      <trkpt lat="43.65306" lon="3.2535">
        <ele>440.3</ele>
        <time>2024-05-14T03:33:47+00:00</time>
      </trkpt>
      <trkpt lat="43.65308" lon="3.25303">
        <ele>438.2</ele>
        <time>2024-05-14T03:33:31+00:00</time>
      </trkpt>
      <trkpt lat="43.65299" lon="3.25224">
        <ele>436.8</ele>
        <time>2024-05-14T03:33:07+00:00</time>
      </trkpt>
      <trkpt lat="43.65304" lon="3.25193">
        <ele>437.1</ele>
        <time>2024-05-14T03:32:56+00:00</time>
      </trkpt>
      <trkpt lat="43.65324" lon="3.2516">
        <ele>437.5</ele>
        <time>2024-05-14T03:32:42+00:00</time>
      </trkpt>
      <trkpt lat="43.65331" lon="3.25138">
        <ele>436.1</ele>
      </trkpt>
      <trkpt lat="43.6533" lon="3.25063">
        <ele>435.3</ele>
        <time>2024-05-14T03:32:12+00:00</time>
      </trkpt>
      <trkpt lat="43.65338" lon="3.25032">
        <ele>436.1</ele>
      </trkpt>
      <trkpt lat="43.65349" lon="3.25001">
        <ele>433.3</ele>
        <time>2024-05-14T03:31:54+00:00</time>
      </trkpt>
      <trkpt lat="43.65344" lon="3.2498">
        <ele>435.4</ele>
        <time>2024-05-14T03:31:44+00:00</time>
      </trkpt>
      <trkpt lat="43.65332" lon="3.2497">
        <ele>434.5</ele>
      </trkpt>
      <trkpt lat="43.65293" lon="3.24951">
        <ele>431.1</ele>
      </trkpt>
      <trkpt lat="43.65274" lon="3.24938">
        <ele>431.8</ele>
        <time>2024-05-14T03:31:12+00:00</time>
      </trkpt>
      <trkpt lat="43.65253" lon="3.24915">
        <ele>429.5</ele>
        <time>2024-05-14T03:31:01+00:00</time>
      </trkpt>
      <trkpt lat="43.6524" lon="3.24889">
        <ele>428.4</ele>
      </trkpt>
      <trkpt lat="43.65227" lon="3.24847">
        <ele>426.9</ele>
        <time>2024-05-14T03:30:36+00:00</time>
      </trkpt>
      <trkpt lat="43.65208" lon="3.24733">
        <ele>424.1</ele>
        <time>2024-05-14T03:30:01+00:00</time>
      </trkpt>
      <trkpt lat="43.6519" lon="3.24701">
        <ele>420.8</ele>
      </trkpt>
      <trkpt lat="43.65186" lon="3.24682">
        <ele>419.9</ele>
        <time>2024-05-14T03:29:42+00:00</time>
      </trkpt>
      <trkpt lat="43.65187" lon="3.24639">
        <ele>418.6</ele>
      </trkpt>
      <trkpt lat="43.65199" lon="3.2451">
        <ele>413.6</ele>
        <time>2024-05-14T03:28:50+00:00</time>
      </trkpt>
      <trkpt lat="43.65209" lon="3.24484">
        <ele>413.4</ele>
      </trkpt>
      <trkpt lat="43.65223" lon="3.24462">
        <ele>413.3</ele>
        <time>2024-05-14T03:28:32+00:00</time>
      </trkpt>
      <trkpt lat="43.6524" lon="3.24443">
        <ele>411.7</ele>
        <time>2024-05-14T03:28:18+00:00</time>
      </trkpt>
      <trkpt lat="43.65268" lon="3.24433">
        <ele>410.2</ele>
      </trkpt>
      <trkpt lat="43.65319" lon="3.24422">
        <ele>412.6</ele>
        <time>2024-05-14T03:27:48+00:00</time>
      </trkpt>
      <trkpt lat="43.65338" lon="3.24407">
        <ele>412.3</ele>
      </trkpt>
      <trkpt lat="43.65359" lon="3.24377">
        <ele>410.1</ele>
      </trkpt>
      <trkpt lat="43.65383" lon="3.24353">
        <ele>409.2</ele>
        <time>2024-05-14T03:27:13+00:00</time>
      </trkpt>
      <trkpt lat="43.65434" lon="3.24333">
        <ele>408.7</ele>
      </trkpt>
      <trkpt lat="43.65474" lon="3.24313">
        <ele>410.8</ele>
        <time>2024-05-14T03:26:31+00:00</time>
      </trkpt>
      <trkpt lat="43.65509" lon="3.24309">
        <ele>410</ele>
        <time>2024-05-14T03:26:19+00:00</time>
      </trkpt>
      <trkpt lat="43.65519" lon="3.24299">
        <ele>408.9</ele>
      </trkpt>
      <trkpt lat="43.65527" lon="3.24277">
        <ele>409.8</ele>
        <time>2024-05-14T03:26:09+00:00</time>
      </trkpt>
      <trkpt lat="43.65518" lon="3.24179">
        <ele>406.6</ele>
        <time>2024-05-14T03:25:36+00:00</time>
      </trkpt>
      <trkpt lat="43.65513" lon="3.24157">
        <ele>406.1</ele>
      </trkpt>
      <trkpt lat="43.65504" lon="3.24144">
        <ele>407.5</ele>
        <time>2024-05-14T03:25:22+00:00</time>
      </trkpt>
      <trkpt lat="43.65453" lon="3.24106">
        <ele>406.5</ele>
        <time>2024-05-14T03:24:52+00:00</time>
      </trkpt>
      <trkpt lat="43.65441" lon="3.2409">
        <ele>405.5</ele>
      </trkpt>
      <trkpt lat="43.65428" lon="3.2406">
        <ele>404.9</ele>
        <time>2024-05-14T03:24:38+00:00</time>
      </trkpt>
      <trkpt lat="43.65337" lon="3.23954">
        <ele>401.6</ele>
      </trkpt>
      <trkpt lat="43.65269" lon="3.23883">
        <ele>398</ele>
      </trkpt>
      <trkpt lat="43.65214" lon="3.23829">
        <ele>394.8</ele>
        <time>2024-05-14T03:22:44+00:00</time>
      </trkpt>
      <trkpt lat="43.65191" lon="3.23788">
        <ele>393.3</ele>
      </trkpt>
      <trkpt lat="43.65179" lon="3.2375">
        <ele>391.7</ele>
        <time>2024-05-14T03:22:15+00:00</time>
      </trkpt>
      <trkpt lat="43.65165" lon="3.23695">
        <ele>390.1</ele>
      </trkpt>
      <trkpt lat="43.65152" lon="3.23662">
        <ele>388.5</ele>
        <time>2024-05-14T03:21:45+00:00</time>
      </trkpt>
      <trkpt lat="43.65126" lon="3.23623">
        <ele>386</ele>
        <time>2024-05-14T03:21:29+00:00</time>
      </trkpt>
      <trkpt lat="43.65118" lon="3.23598">
        <ele>386.2</ele>
      </trkpt>
      <trkpt lat="43.65085" lon="3.23426">
        <ele>377.2</ele>
        <time>2024-05-14T03:20:27+00:00</time>
      </trkpt>
      <trkpt lat="43.65085" lon="3.23399">
        <ele>377</ele>
        <time>2024-05-14T03:20:19+00:00</time>
      </trkpt>
      <trkpt lat="43.65118" lon="3.23264">
        <ele>371.2</ele>
      </trkpt>
      <trkpt lat="43.65115" lon="3.2325">
        <ele>370</ele>
        <time>2024-05-14T03:19:32+00:00</time>
      </trkpt>
      <trkpt lat="43.65104" lon="3.23243">
        <ele>372</ele>
        <time>2024-05-14T03:19:26+00:00</time>
      </trkpt>
      <trkpt lat="43.65053" lon="3.23256">
        <ele>374</ele>
        <time>2024-05-14T03:19:04+00:00</time>
      </trkpt>
      <trkpt lat="43.65016" lon="3.23256">
        <ele>376</ele>
        <time>2024-05-14T03:18:48+00:00</time>
      </trkpt>
      <trkpt lat="43.64986" lon="3.23267">
        <ele>373.7</ele>
        <time>2024-05-14T03:18:36+00:00</time>
      </trkpt>
      <trkpt lat="43.64966" lon="3.23264">
        <ele>375.2</ele>
        <time>2024-05-14T03:18:22+00:00</time>
      </trkpt>
      <trkpt lat="43.6495" lon="3.23256">
        <ele>376</ele>
      </trkpt>
      <trkpt lat="43.64911" lon="3.23229">
        <ele>375</ele>
        <time>2024-05-14T03:18:01+00:00</time>
      </trkpt>
      <trkpt lat="43.64867" lon="3.2318">
        <ele>377.1</ele>
        <time>2024-05-14T03:17:36+00:00</time>
      </trkpt>
      <trkpt lat="43.64856" lon="3.23156">
        <ele>380</ele>
        <time>2024-05-14T03:17:29+00:00</time>
      </trkpt>
      <trkpt lat="43.64808" lon="3.23114">
        <ele>383</ele>
        <time>2024-05-14T03:17:05+00:00</time>
      </trkpt>
      <trkpt lat="43.64787" lon="3.23124">
        <ele>382</ele>
        <time>2024-05-14T03:16:55+00:00</time>
      </trkpt>
      <trkpt lat="43.64711" lon="3.23109">
        <ele>385</ele>
        <time>2024-05-14T03:16:23+00:00</time>
      </trkpt>
      <trkpt lat="43.64635" lon="3.23109">
        <ele>389</ele>
      </trkpt>
      <trkpt lat="43.6457" lon="3.23104">
        <ele>392.8</ele>
      </trkpt>
      <trkpt lat="43.64435" lon="3.23121">
        <ele>399</ele>
        <time>2024-05-14T03:14:30+00:00</time>
      </trkpt>
      <trkpt lat="43.64356" lon="3.23117">
        <ele>404.1</ele>
      </trkpt>
      <trkpt lat="43.64296" lon="3.23117">
        <ele>408</ele>
        <time>2024-05-14T03:13:33+00:00</time>
      </trkpt>
      <trkpt lat="43.64261" lon="3.23124">
        <ele>411</ele>
        <time>2024-05-14T03:13:18+00:00</time>
      </trkpt>
      <trkpt lat="43.64236" lon="3.23115">
        <ele>413</ele>
        <time>2024-05-14T03:13:07+00:00</time>
      </trkpt>
      <trkpt lat="43.6422" lon="3.23108">
        <ele>415</ele>
      </trkpt>
      <trkpt lat="43.64175" lon="3.23069">
        <ele>419</ele>
        <time>2024-05-14T03:12:38+00:00</time>
      </trkpt>
      <trkpt lat="43.6415" lon="3.23062">
        <ele>421.3</ele>
      </trkpt>
      <trkpt lat="43.64136" lon="3.23067">
        <ele>422.8</ele>
        <time>2024-05-14T03:12:24+00:00</time>
      </trkpt>
      <trkpt lat="43.64106" lon="3.23093">
        <ele>426</ele>
        <time>2024-05-14T03:12:06+00:00</time>
      </trkpt>
      <trkpt lat="43.64064" lon="3.23158">
        <ele>430.1</ele>
      </trkpt>
      <trkpt lat="43.64029" lon="3.23214">
        <ele>432.8</ele>
        <time>2024-05-14T03:11:22+00:00</time>
      </trkpt>
      <trkpt lat="43.63982" lon="3.23248">
        <ele>429</ele>
        <time>2024-05-14T03:10:56+00:00</time>
      </trkpt>
      <trkpt lat="43.63906" lon="3.23266">
        <ele>427.5</ele>
        <time>2024-05-14T03:10:24+00:00</time>
      </trkpt>
      <trkpt lat="43.63888" lon="3.23267">
        <ele>427.5</ele>
      </trkpt>
      <trkpt lat="43.63804" lon="3.23248">
        <ele>431</ele>
        <time>2024-05-14T03:09:42+00:00</time>
      </trkpt>
      <trkpt lat="43.63766" lon="3.23221">
        <ele>432</ele>
        <time>2024-05-14T03:09:24+00:00</time>
      </trkpt>
      <trkpt lat="43.63733" lon="3.23211">
        <ele>432.7</ele>
      </trkpt>
      <trkpt lat="43.63693" lon="3.23203">
        <ele>435.1</ele>
      </trkpt>
      <trkpt lat="43.63678" lon="3.23207">
        <ele>436.9</ele>
        <time>2024-05-14T03:08:50+00:00</time>
      </trkpt>
      <trkpt lat="43.6366" lon="3.23218">
        <ele>438.8</ele>
        <time>2024-05-14T03:08:37+00:00</time>
      </trkpt>
      <trkpt lat="43.63651" lon="3.23218">
        <ele>439</ele>
        <time>2024-05-14T03:08:31+00:00</time>
      </trkpt>
      <trkpt lat="43.6364" lon="3.23208">
        <ele>440</ele>
      </trkpt>
      <trkpt lat="43.63619" lon="3.23161">
        <ele>444.4</ele>
      </trkpt>
      <trkpt lat="43.63582" lon="3.23095">
        <ele>450.2</ele>
        <time>2024-05-14T03:07:47+00:00</time>
      </trkpt>
      <trkpt lat="43.63558" lon="3.23005">
        <ele>455.7</ele>
        <time>2024-05-14T03:07:15+00:00</time>
      </trkpt>
      <trkpt lat="43.63544" lon="3.22977">
        <ele>456.4</ele>
      </trkpt>
      <trkpt lat="43.63526" lon="3.22954">
        <ele>455.8</ele>
      </trkpt>
      <trkpt lat="43.63482" lon="3.22908">
        <ele>455.8</ele>
      </trkpt>
      <trkpt lat="43.63449" lon="3.2287">
        <ele>455</ele>
        <time>2024-05-14T03:06:17+00:00</time>
      </trkpt>
      <trkpt lat="43.63433" lon="3.22844">
        <ele>454.4</ele>
      </trkpt>
      <trkpt lat="43.63414" lon="3.22806">
        <ele>453</ele>
        <time>2024-05-14T03:05:53+00:00</time>
      </trkpt>
      <trkpt lat="43.63395" lon="3.22779">
        <ele>450.9</ele>
      </trkpt>
      <trkpt lat="43.63376" lon="3.2276">
        <ele>449</ele>
        <time>2024-05-14T03:05:32+00:00</time>
      </trkpt>
      <trkpt lat="43.63344" lon="3.22748">
        <ele>449.6</ele>
        <time>2024-05-14T03:05:14+00:00</time>
      </trkpt>
      <trkpt lat="43.63334" lon="3.22734">
        <ele>449.7</ele>
      </trkpt>
      <trkpt lat="43.63326" lon="3.22683">
        <ele>451</ele>
        <time>2024-05-14T03:04:55+00:00</time>
      </trkpt>
      <trkpt lat="43.63319" lon="3.22667">
        <ele>451.6</ele>
      </trkpt>
      <trkpt lat="43.63283" lon="3.22614">
        <ele>455</ele>
        <time>2024-05-14T03:04:28+00:00</time>
      </trkpt>
      <trkpt lat="43.63262" lon="3.22595">
        <ele>456</ele>
        <time>2024-05-14T03:04:17+00:00</time>
      </trkpt>
      <trkpt lat="43.63382" lon="3.22501">
        <ele>449</ele>
        <time>2024-05-14T03:03:20+00:00</time>
      </trkpt>
      <trkpt lat="43.63399" lon="3.22493">
        <ele>447.5</ele>
      </trkpt>
      <trkpt lat="43.63405" lon="3.2248">
        <ele>447.6</ele>
      </trkpt>
      <trkpt lat="43.6341" lon="3.22442">
        <ele>446.2</ele>
        <time>2024-05-14T03:03:00+00:00</time>
      </trkpt>
      <trkpt lat="43.63411" lon="3.22416">
        <ele>443</ele>
      </trkpt>
      <trkpt lat="43.63422" lon="3.22404">
        <ele>439.9</ele>
      </trkpt>
      <trkpt lat="43.63431" lon="3.22396">
        <ele>438.6</ele>
      </trkpt>
      <trkpt lat="43.6343" lon="3.22389">
        <ele>436.9</ele>
      </trkpt>
      <trkpt lat="43.63367" lon="3.22374">
        <ele>432</ele>
        <time>2024-05-14T03:01:31+00:00</time>
      </trkpt>
      <trkpt lat="43.63327" lon="3.22321">
        <ele>426</ele>
        <time>2024-05-14T03:01:08+00:00</time>
      </trkpt>
      <trkpt lat="43.63307" lon="3.22248">
        <ele>420</ele>
        <time>2024-05-14T03:00:43+00:00</time>
      </trkpt>
      <trkpt lat="43.6328" lon="3.22245">
        <ele>416</ele>
      </trkpt>
      <trkpt lat="43.63239" lon="3.22258">
        <ele>414.6</ele>
      </trkpt>
      <trkpt lat="43.6322" lon="3.22279">
        <ele>413.7</ele>
      </trkpt>
      <trkpt lat="43.63185" lon="3.22334">
        <ele>411.7</ele>
      </trkpt>
      <trkpt lat="43.63179" lon="3.22323">
        <ele>408.7</ele>
      </trkpt>
      <trkpt lat="43.63202" lon="3.22264">
        <ele>407.2</ele>
      </trkpt>
      <trkpt lat="43.63215" lon="3.22234">
        <ele>406.4</ele>
      </trkpt>
      <trkpt lat="43.63231" lon="3.22219">
        <ele>405.1</ele>
      </trkpt>
      <trkpt lat="43.63256" lon="3.22214">
        <ele>407</ele>
      </trkpt>
      <trkpt lat="43.63271" lon="3.22211">
        <ele>407.6</ele>
      </trkpt>
      <trkpt lat="43.63289" lon="3.22201">
        <ele>408</ele>
      </trkpt>
      <trkpt lat="43.63297" lon="3.22193">
        <ele>407.75</ele>
      </trkpt>
      <trkpt lat="43.63302" lon="3.22184">
        <ele>407.25</ele>
      </trkpt>
      <trkpt lat="43.63307" lon="3.2217">
        <ele>406.25</ele>
      </trkpt>
      <trkpt lat="43.6331" lon="3.22153">
        <ele>404.5</ele>
      </trkpt>
      <trkpt lat="43.63319" lon="3.22081">
        <ele>402.1</ele>
      </trkpt>
      <trkpt lat="43.63327" lon="3.22064">
        <ele>401.8</ele>
      </trkpt>
      <trkpt lat="43.63335" lon="3.22048">
        <ele>398.75</ele>
      </trkpt>
      <trkpt lat="43.6335" lon="3.22019">
        <ele>399.8</ele>
      </trkpt>
      <trkpt lat="43.63353" lon="3.21991">
        <ele>398.3</ele>
      </trkpt>
      <trkpt lat="43.6335" lon="3.21969">
        <ele>391.25</ele>
      </trkpt>
      <trkpt lat="43.63339" lon="3.21947">
        <ele>395.1</ele>
      </trkpt>
      <trkpt lat="43.63329" lon="3.21929">
        <ele>391</ele>
      </trkpt>
      <trkpt lat="43.63319" lon="3.219">
        <ele>387.75</ele>
      </trkpt>
      <trkpt lat="43.6332" lon="3.21886">
        <ele>386.5</ele>
      </trkpt>
      <trkpt lat="43.63316" lon="3.21864">
        <ele>387.3</ele>
      </trkpt>
      <trkpt lat="43.63314" lon="3.21848">
        <ele>382.5</ele>
      </trkpt>
      <trkpt lat="43.63306" lon="3.21832">
        <ele>384.9</ele>
      </trkpt>
      <trkpt lat="43.63291" lon="3.21807">
        <ele>379.25</ele>
      </trkpt>
      <trkpt lat="43.63276" lon="3.21766">
        <ele>377.75</ele>
      </trkpt>
      <trkpt lat="43.63271" lon="3.2173">
        <ele>376.25</ele>
      </trkpt>
      <trkpt lat="43.63261" lon="3.21689">
        <ele>374</ele>
      </trkpt>
      <trkpt lat="43.6326" lon="3.21681">
        <ele>373.5</ele>
      </trkpt>
      <trkpt lat="43.63257" lon="3.21666">
        <ele>372.75</ele>
      </trkpt>
      <trkpt lat="43.63256" lon="3.21627">
        <ele>373.5</ele>
      </trkpt>
      <trkpt lat="43.63259" lon="3.21613">
        <ele>373.75</ele>
      </trkpt>
      <trkpt lat="43.63261" lon="3.21605">
        <ele>373.75</ele>
      </trkpt>
      <trkpt lat="43.63271" lon="3.21579">
        <ele>373.25</ele>
      </trkpt>
      <trkpt lat="43.63276" lon="3.21561">
        <ele>371.75</ele>
      </trkpt>
      <trkpt lat="43.63277" lon="3.21539">
        <ele>370.5</ele>
      </trkpt>
      <trkpt lat="43.6327" lon="3.21496">
        <ele>368.75</ele>
      </trkpt>
      <trkpt lat="43.63265" lon="3.21476">
        <ele>368</ele>
      </trkpt>
      <trkpt lat="43.63265" lon="3.21474">
        <ele>368</ele>
      </trkpt>
      <trkpt lat="43.63266" lon="3.21466">
        <ele>367.75</ele>
      </trkpt>
      <trkpt lat="43.63274" lon="3.2145">
        <ele>367</ele>
      </trkpt>
      <trkpt lat="43.63284" lon="3.21431">
        <ele>366.5</ele>
      </trkpt>
      <trkpt lat="43.63295" lon="3.21417">
        <ele>367</ele>
      </trkpt>
      <trkpt lat="43.63352" lon="3.21365">
        <ele>386.8</ele>
        <time>2021-10-09T07:00:50Z</time>
      </trkpt>
      <trkpt lat="43.63369" lon="3.21346">
        <ele>387.6</ele>
        <time>2021-10-09T07:00:47Z</time>
      </trkpt>
      <trkpt lat="43.63396" lon="3.21312">
        <ele>389.2</ele>
        <time>2021-10-09T07:00:42Z</time>
      </trkpt>
      <trkpt lat="43.63412" lon="3.21295">
        <ele>390.4</ele>
        <time>2021-10-09T07:00:39Z</time>
      </trkpt>
      <trkpt lat="43.63448" lon="3.21264">
        <ele>392.6</ele>
        <time>2021-10-09T07:00:32Z</time>
      </trkpt>
      <trkpt lat="43.63488" lon="3.21213">
        <ele>395</ele>
        <time>2021-10-09T07:00:22Z</time>
      </trkpt>
      <trkpt lat="43.63522" lon="3.21179">
        <ele>394</ele>
        <time>2021-10-09T07:00:10Z</time>
      </trkpt>
      <trkpt lat="43.63527" lon="3.2117">
        <ele>393.2</ele>
        <time>2021-10-09T07:00:06Z</time>
      </trkpt>
      <trkpt lat="43.63536" lon="3.2114">
        <ele>392.4</ele>
        <time>2021-10-09T06:59:57Z</time>
      </trkpt>
      <trkpt lat="43.63539" lon="3.21107">
        <ele>381.6</ele>
        <time>2021-10-09T06:59:51Z</time>
      </trkpt>
      <trkpt lat="43.63521" lon="3.21079">
        <ele>378.4</ele>
        <time>2021-10-09T06:59:42Z</time>
      </trkpt>
      <trkpt lat="43.63512" lon="3.21054">
        <ele>389.8</ele>
        <time>2021-10-09T06:59:35Z</time>
      </trkpt>
      <trkpt lat="43.63504" lon="3.21019">
        <ele>389.8</ele>
        <time>2021-10-09T06:59:29Z</time>
      </trkpt>
      <trkpt lat="43.63504" lon="3.21009">
        <ele>390.4</ele>
        <time>2021-10-09T06:59:27Z</time>
      </trkpt>
      <trkpt lat="43.63517" lon="3.20952">
        <ele>392</ele>
        <time>2021-10-09T06:59:19Z</time>
      </trkpt>
      <trkpt lat="43.63531" lon="3.20904">
        <ele>395.2</ele>
        <time>2021-10-09T06:59:13Z</time>
      </trkpt>
      <trkpt lat="43.6353" lon="3.2089">
        <ele>396</ele>
        <time>2021-10-09T06:59:11Z</time>
      </trkpt>
      <trkpt lat="43.63517" lon="3.20864">
        <ele>397.2</ele>
        <time>2021-10-09T06:59:06Z</time>
      </trkpt>
      <trkpt lat="43.63516" lon="3.20845">
        <ele>398.6</ele>
        <time>2021-10-09T06:59:03Z</time>
      </trkpt>
      <trkpt lat="43.63524" lon="3.2081">
        <ele>399.2</ele>
        <time>2021-10-09T06:58:58Z</time>
      </trkpt>
      <trkpt lat="43.63543" lon="3.20768">
        <ele>401</ele>
        <time>2021-10-09T06:58:51Z</time>
      </trkpt>
      <trkpt lat="43.63556" lon="3.2072">
        <ele>403.6</ele>
        <time>2021-10-09T06:58:43Z</time>
      </trkpt>
      <trkpt lat="43.63555" lon="3.20707">
        <ele>404.6</ele>
        <time>2021-10-09T06:58:41Z</time>
      </trkpt>
      <trkpt lat="43.6355" lon="3.20695">
        <ele>405.4</ele>
        <time>2021-10-09T06:58:39Z</time>
      </trkpt>
      <trkpt lat="43.63534" lon="3.20676">
        <ele>405.8</ele>
        <time>2021-10-09T06:58:35Z</time>
      </trkpt>
      <trkpt lat="43.63525" lon="3.20661">
        <ele>406</ele>
        <time>2021-10-09T06:58:31Z</time>
      </trkpt>
      <trkpt lat="43.63522" lon="3.20645">
        <ele>393.8</ele>
        <time>2021-10-09T06:58:27Z</time>
      </trkpt>
      <trkpt lat="43.63567" lon="3.20579">
        <ele>401.2</ele>
        <time>2021-10-09T06:58:01Z</time>
      </trkpt>
      <trkpt lat="43.6357" lon="3.2056">
        <ele>389.8</ele>
      </trkpt>
      <trkpt lat="43.6357" lon="3.20536">
        <ele>388.6</ele>
        <time>2021-10-09T06:57:50Z</time>
      </trkpt>
      <trkpt lat="43.63596" lon="3.20492">
        <ele>402</ele>
        <time>2021-10-09T06:57:41Z</time>
      </trkpt>
      <trkpt lat="43.636" lon="3.20469">
        <ele>388.6</ele>
        <time>2021-10-09T06:57:37Z</time>
      </trkpt>
      <trkpt lat="43.63593" lon="3.20431">
        <ele>390.8</ele>
        <time>2021-10-09T06:57:32Z</time>
      </trkpt>
      <trkpt lat="43.63598" lon="3.20407">
        <ele>403.8</ele>
        <time>2021-10-09T06:57:27Z</time>
      </trkpt>
      <trkpt lat="43.63616" lon="3.20375">
        <ele>405.4</ele>
        <time>2021-10-09T06:57:19Z</time>
      </trkpt>
      <trkpt lat="43.63618" lon="3.20362">
        <ele>405.8</ele>
        <time>2021-10-09T06:57:17Z</time>
      </trkpt>
      <trkpt lat="43.63616" lon="3.2032">
        <ele>393.2</ele>
        <time>2021-10-09T06:57:09Z</time>
      </trkpt>
      <trkpt lat="43.63585" lon="3.2027">
        <ele>404.2</ele>
        <time>2021-10-09T06:56:49Z</time>
      </trkpt>
      <trkpt lat="43.63574" lon="3.20262">
        <ele>402.8</ele>
        <time>2021-10-09T06:56:41Z</time>
      </trkpt>
      <trkpt lat="43.63542" lon="3.20248">
        <ele>398.2</ele>
        <time>2021-10-09T06:56:17Z</time>
      </trkpt>
      <trkpt lat="43.63507" lon="3.20219">
        <ele>393.2</ele>
        <time>2021-10-09T06:55:53Z</time>
      </trkpt>
      <trkpt lat="43.63502" lon="3.20201">
        <ele>391.8</ele>
        <time>2021-10-09T06:55:45Z</time>
      </trkpt>
      <trkpt lat="43.63512" lon="3.20168">
        <ele>379.2</ele>
        <time>2021-10-09T06:55:33Z</time>
      </trkpt>
      <trkpt lat="43.63548" lon="3.20144">
        <ele>376.9</ele>
        <time>2021-10-09T06:55:13Z</time>
      </trkpt>
      <trkpt lat="43.63585" lon="3.20093">
        <ele>382.2</ele>
        <time>2021-10-09T06:54:45Z</time>
      </trkpt>
      <trkpt lat="43.63602" lon="3.20078">
        <ele>381.2</ele>
        <time>2021-10-09T06:54:37Z</time>
      </trkpt>
      <trkpt lat="43.63619" lon="3.20069">
        <ele>379.8</ele>
        <time>2021-10-09T06:54:29Z</time>
      </trkpt>
      <trkpt lat="43.63638" lon="3.20065">
        <ele>378.8</ele>
        <time>2021-10-09T06:54:21Z</time>
      </trkpt>
      <trkpt lat="43.63678" lon="3.2006">
        <ele>376.4</ele>
        <time>2021-10-09T06:54:05Z</time>
      </trkpt>
      <trkpt lat="43.63689" lon="3.20051">
        <ele>375.8</ele>
        <time>2021-10-09T06:54:01Z</time>
      </trkpt>
      <trkpt lat="43.63705" lon="3.20031">
        <ele>375.4</ele>
        <time>2021-10-09T06:53:55Z</time>
      </trkpt>
      <trkpt lat="43.63738" lon="3.19973">
        <ele>363</ele>
        <time>2021-10-09T06:53:41Z</time>
      </trkpt>
      <trkpt lat="43.63792" lon="3.19921">
        <ele>374.2</ele>
        <time>2021-10-09T06:53:25Z</time>
      </trkpt>
      <trkpt lat="43.63815" lon="3.19885">
        <ele>374</ele>
        <time>2021-10-09T06:53:16Z</time>
      </trkpt>
      <trkpt lat="43.63829" lon="3.19845">
        <ele>374.2</ele>
        <time>2021-10-09T06:53:08Z</time>
      </trkpt>
      <trkpt lat="43.63833" lon="3.19823">
        <ele>374.6</ele>
        <time>2021-10-09T06:53:04Z</time>
      </trkpt>
      <trkpt lat="43.63832" lon="3.19798">
        <ele>375.6</ele>
        <time>2021-10-09T06:53:00Z</time>
      </trkpt>
      <trkpt lat="43.63825" lon="3.19778">
        <ele>376.6</ele>
        <time>2021-10-09T06:52:57Z</time>
      </trkpt>
      <trkpt lat="43.638" lon="3.19731">
        <ele>379.4</ele>
        <time>2021-10-09T06:52:50Z</time>
      </trkpt>
      <trkpt lat="43.63784" lon="3.19693">
        <ele>382.4</ele>
        <time>2021-10-09T06:52:45Z</time>
      </trkpt>
      <trkpt lat="43.63761" lon="3.19617">
        <ele>386.8</ele>
        <time>2021-10-09T06:52:35Z</time>
      </trkpt>
      <trkpt lat="43.63758" lon="3.19588">
        <ele>387.8</ele>
        <time>2021-10-09T06:52:31Z</time>
      </trkpt>
      <trkpt lat="43.63762" lon="3.19516">
        <ele>389.2</ele>
        <time>2021-10-09T06:51:55Z</time>
      </trkpt>
      <trkpt lat="43.63763" lon="3.19489">
        <ele>378.4</ele>
        <time>2021-10-09T06:45:50Z</time>
      </trkpt>
      <trkpt lat="43.63769" lon="3.19448">
        <ele>379.5</ele>
        <time>2021-10-09T06:45:45Z</time>
      </trkpt>
      <trkpt lat="43.63767" lon="3.1941">
        <ele>380.8</ele>
        <time>2021-10-09T06:45:41Z</time>
      </trkpt>
      <trkpt lat="43.63768" lon="3.19359">
        <ele>380</ele>
        <time>2021-10-09T06:45:38Z</time>
      </trkpt>
      <trkpt lat="43.63781" lon="3.19275">
        <ele>382.8</ele>
      </trkpt>
      <trkpt lat="43.63792" lon="3.19212">
        <ele>384.9</ele>
      </trkpt>
      <trkpt lat="43.63784" lon="3.19196">
        <ele>387.2</ele>
      </trkpt>
      <trkpt lat="43.63769" lon="3.192">
        <ele>388.4</ele>
      </trkpt>
      <trkpt lat="43.63754" lon="3.19212">
        <ele>388.7</ele>
      </trkpt>
      <trkpt lat="43.63742" lon="3.19246">
        <ele>388.9</ele>
        <time>2021-10-09T06:45:34Z</time>
      </trkpt>
      <trkpt lat="43.63723" lon="3.19291">
        <ele>391.8</ele>
        <time>2021-10-09T06:45:29Z</time>
      </trkpt>
      <trkpt lat="43.63701" lon="3.1933">
        <ele>393.6</ele>
        <time>2021-10-09T06:45:23Z</time>
      </trkpt>
      <trkpt lat="43.63676" lon="3.1936">
        <ele>395.1</ele>
        <time>2021-10-09T06:45:17Z</time>
      </trkpt>
      <trkpt lat="43.63661" lon="3.19379">
        <ele>408.4</ele>
        <time>2021-10-09T06:45:10Z</time>
      </trkpt>
      <trkpt lat="43.63597" lon="3.19431">
        <ele>406.2</ele>
        <time>2021-10-09T06:44:37Z</time>
      </trkpt>
      <trkpt lat="43.63583" lon="3.19433">
        <ele>404.8</ele>
        <time>2021-10-09T06:44:29Z</time>
      </trkpt>
      <trkpt lat="43.63533" lon="3.19428">
        <ele>400.6</ele>
        <time>2021-10-09T06:44:00Z</time>
      </trkpt>
      <trkpt lat="43.63513" lon="3.19411">
        <ele>399.4</ele>
        <time>2021-10-09T06:43:48Z</time>
      </trkpt>
      <trkpt lat="43.63505" lon="3.19397">
        <ele>397.6</ele>
        <time>2021-10-09T06:43:40Z</time>
      </trkpt>
      <trkpt lat="43.63494" lon="3.19386">
        <ele>396.4</ele>
        <time>2021-10-09T06:43:32Z</time>
      </trkpt>
      <trkpt lat="43.63482" lon="3.19378">
        <ele>394.2</ele>
        <time>2021-10-09T06:43:24Z</time>
      </trkpt>
      <trkpt lat="43.63468" lon="3.19375">
        <ele>392.8</ele>
        <time>2021-10-09T06:43:16Z</time>
      </trkpt>
      <trkpt lat="43.63453" lon="3.19377">
        <ele>391</ele>
        <time>2021-10-09T06:43:08Z</time>
      </trkpt>
      <trkpt lat="43.63439" lon="3.19385">
        <ele>390.2</ele>
        <time>2021-10-09T06:43:00Z</time>
      </trkpt>
      <trkpt lat="43.6341" lon="3.19418">
        <ele>375.5</ele>
        <time>2021-10-09T06:42:40Z</time>
      </trkpt>
      <trkpt lat="43.63399" lon="3.19439">
        <ele>374.3</ele>
        <time>2021-10-09T06:42:35Z</time>
      </trkpt>
      <trkpt lat="43.63393" lon="3.19493">
        <ele>375</ele>
        <time>2021-10-09T06:42:25Z</time>
      </trkpt>
      <trkpt lat="43.63384" lon="3.19512">
        <ele>375.2</ele>
        <time>2021-10-09T06:42:17Z</time>
      </trkpt>
      <trkpt lat="43.63364" lon="3.19522">
        <ele>374.2</ele>
        <time>2021-10-09T06:42:09Z</time>
      </trkpt>
      <trkpt lat="43.63318" lon="3.19533">
        <ele>383.4</ele>
        <time>2021-10-09T06:41:45Z</time>
      </trkpt>
      <trkpt lat="43.63288" lon="3.19529">
        <ele>369.9</ele>
        <time>2021-10-09T06:41:33Z</time>
      </trkpt>
      <trkpt lat="43.63265" lon="3.19543">
        <ele>369</ele>
        <time>2021-10-09T06:41:17Z</time>
      </trkpt>
      <trkpt lat="43.63249" lon="3.1957">
        <ele>366.9</ele>
        <time>2021-10-09T06:41:09Z</time>
      </trkpt>
      <trkpt lat="43.63252" lon="3.19599">
        <ele>366</ele>
        <time>2021-10-09T06:41:04Z</time>
      </trkpt>
      <trkpt lat="43.63274" lon="3.19627">
        <ele>374.6</ele>
        <time>2021-10-09T06:40:47Z</time>
      </trkpt>
      <trkpt lat="43.6328" lon="3.1964">
        <ele>374.2</ele>
        <time>2021-10-09T06:40:43Z</time>
      </trkpt>
      <trkpt lat="43.63284" lon="3.19658">
        <ele>374.6</ele>
        <time>2021-10-09T06:40:39Z</time>
      </trkpt>
      <trkpt lat="43.63287" lon="3.19707">
        <ele>375</ele>
        <time>2021-10-09T06:40:30Z</time>
      </trkpt>
      <trkpt lat="43.63282" lon="3.19733">
        <ele>376</ele>
        <time>2021-10-09T06:40:26Z</time>
      </trkpt>
      <trkpt lat="43.63276" lon="3.19745">
        <ele>376.6</ele>
        <time>2021-10-09T06:40:24Z</time>
      </trkpt>
      <trkpt lat="43.63264" lon="3.19758">
        <ele>377.2</ele>
        <time>2021-10-09T06:40:21Z</time>
      </trkpt>
      <trkpt lat="43.63179" lon="3.198">
        <ele>377.8</ele>
        <time>2021-10-09T06:39:54Z</time>
      </trkpt>
      <trkpt lat="43.63168" lon="3.19804">
        <ele>377.6</ele>
        <time>2021-10-09T06:39:50Z</time>
      </trkpt>
      <trkpt lat="43.63156" lon="3.19806">
        <ele>377.8</ele>
        <time>2021-10-09T06:39:46Z</time>
      </trkpt>
      <trkpt lat="43.63139" lon="3.19802">
        <ele>377.4</ele>
        <time>2021-10-09T06:39:38Z</time>
      </trkpt>
      <trkpt lat="43.63121" lon="3.19789">
        <ele>364.9</ele>
        <time>2021-10-09T06:39:30Z</time>
      </trkpt>
      <trkpt lat="43.63112" lon="3.19792">
        <ele>365</ele>
        <time>2021-10-09T06:39:26Z</time>
      </trkpt>
      <trkpt lat="43.63093" lon="3.19809">
        <ele>372.6</ele>
        <time>2021-10-09T06:39:10Z</time>
      </trkpt>
      <trkpt lat="43.63077" lon="3.19821">
        <ele>371.6</ele>
        <time>2021-10-09T06:39:02Z</time>
      </trkpt>
      <trkpt lat="43.63062" lon="3.19828">
        <ele>370.8</ele>
        <time>2021-10-09T06:38:54Z</time>
      </trkpt>
      <trkpt lat="43.63024" lon="3.19832">
        <ele>368.6</ele>
        <time>2021-10-09T06:38:34Z</time>
      </trkpt>
      <trkpt lat="43.63009" lon="3.19837">
        <ele>367.4</ele>
        <time>2021-10-09T06:38:26Z</time>
      </trkpt>
      <trkpt lat="43.62994" lon="3.19849">
        <ele>366.4</ele>
        <time>2021-10-09T06:38:18Z</time>
      </trkpt>
      <trkpt lat="43.62964" lon="3.19891">
        <ele>363</ele>
        <time>2021-10-09T06:37:54Z</time>
      </trkpt>
      <trkpt lat="43.62959" lon="3.19896">
        <ele>362.4</ele>
        <time>2021-10-09T06:37:51Z</time>
      </trkpt>
      <trkpt lat="43.62937" lon="3.19906">
        <ele>360.6</ele>
        <time>2021-10-09T06:37:37Z</time>
      </trkpt>
      <trkpt lat="43.6291" lon="3.19908">
        <ele>347.7</ele>
        <time>2021-10-09T06:37:18Z</time>
      </trkpt>
      <trkpt lat="43.62887" lon="3.19905">
        <ele>359.2</ele>
        <time>2021-10-09T06:37:10Z</time>
      </trkpt>
      <trkpt lat="43.62871" lon="3.19898">
        <ele>358.6</ele>
        <time>2021-10-09T06:37:02Z</time>
      </trkpt>
      <trkpt lat="43.62846" lon="3.19893">
        <ele>356.2</ele>
        <time>2021-10-09T06:36:46Z</time>
      </trkpt>
      <trkpt lat="43.62827" lon="3.19895">
        <ele>354.4</ele>
        <time>2021-10-09T06:36:36Z</time>
      </trkpt>
      <trkpt lat="43.62808" lon="3.19904">
        <ele>353</ele>
        <time>2021-10-09T06:36:24Z</time>
      </trkpt>
      <trkpt lat="43.62786" lon="3.19921">
        <ele>351.4</ele>
        <time>2021-10-09T06:36:08Z</time>
      </trkpt>
      <trkpt lat="43.62741" lon="3.19956">
        <ele>340.4</ele>
      </trkpt>
      <trkpt lat="43.62712" lon="3.19964">
        <ele>340.8</ele>
      </trkpt>
      <trkpt lat="43.6268" lon="3.19962">
        <ele>340.1</ele>
      </trkpt>
      <trkpt lat="43.62663" lon="3.19969">
        <ele>339.4</ele>
      </trkpt>
      <trkpt lat="43.62629" lon="3.19992">
        <ele>340</ele>
      </trkpt>
      <trkpt lat="43.62583" lon="3.20012">
        <ele>338.9</ele>
      </trkpt>
      <trkpt lat="43.62541" lon="3.20021">
        <ele>334.5</ele>
      </trkpt>
      <trkpt lat="43.62521" lon="3.20033">
        <ele>332.2</ele>
      </trkpt>
      <trkpt lat="43.625" lon="3.20046">
        <ele>330</ele>
      </trkpt>
      <trkpt lat="43.62419" lon="3.20073">
        <ele>322.2</ele>
      </trkpt>
      <trkpt lat="43.6233" lon="3.20118">
        <ele>317.3</ele>
      </trkpt>
      <trkpt lat="43.62259" lon="3.20136">
        <ele>314.9</ele>
      </trkpt>
      <trkpt lat="43.62237" lon="3.20138">
        <ele>314.5</ele>
      </trkpt>
      <trkpt lat="43.62222" lon="3.2013">
        <ele>314</ele>
      </trkpt>
      <trkpt lat="43.62215" lon="3.20107">
        <ele>313.5</ele>
      </trkpt>
      <trkpt lat="43.62213" lon="3.20069">
        <ele>313.2</ele>
      </trkpt>
      <trkpt lat="43.62205" lon="3.20039">
        <ele>313</ele>
      </trkpt>
      <trkpt lat="43.62187" lon="3.20033">
        <ele>312.7</ele>
      </trkpt>
      <trkpt lat="43.62146" lon="3.20045">
        <ele>309.9</ele>
      </trkpt>
      <trkpt lat="43.62107" lon="3.20064">
        <ele>305.9</ele>
      </trkpt>
      <trkpt lat="43.62087" lon="3.20064">
        <ele>305.1</ele>
      </trkpt>
      <trkpt lat="43.6204" lon="3.20063">
        <ele>301.7</ele>
      </trkpt>
      <trkpt lat="43.6203" lon="3.20056">
        <ele>301.1</ele>
      </trkpt>
      <trkpt lat="43.6202" lon="3.2002">
        <ele>299</ele>
      </trkpt>
      <trkpt lat="43.61995" lon="3.19981">
        <ele>296.1</ele>
      </trkpt>
      <trkpt lat="43.61967" lon="3.19956">
        <ele>292.4</ele>
      </trkpt>
      <trkpt lat="43.61939" lon="3.19931">
        <ele>288</ele>
      </trkpt>
      <trkpt lat="43.61918" lon="3.19907">
        <ele>284.5</ele>
      </trkpt>
      <trkpt lat="43.61907" lon="3.199">
        <ele>283.9</ele>
      </trkpt>
      <trkpt lat="43.61907" lon="3.19884">
        <ele>284.1</ele>
      </trkpt>
      <trkpt lat="43.61902" lon="3.19867">
        <ele>285.3</ele>
      </trkpt>
      <trkpt lat="43.61878" lon="3.19841">
        <ele>284.6</ele>
      </trkpt>
      <trkpt lat="43.61861" lon="3.1982">
        <ele>283</ele>
      </trkpt>
      <trkpt lat="43.6184" lon="3.19644">
        <ele>283.7</ele>
      </trkpt>
      <trkpt lat="43.61828" lon="3.19564">
        <ele>281.9</ele>
      </trkpt>
      <trkpt lat="43.61783" lon="3.1956">
        <ele>280</ele>
      </trkpt>
      <trkpt lat="43.61743" lon="3.19535">
        <ele>280</ele>
      </trkpt>
      <trkpt lat="43.61699" lon="3.19504">
        <ele>280.2</ele>
      </trkpt>
      <trkpt lat="43.61664" lon="3.19462">
        <ele>279.9</ele>
      </trkpt>
      <trkpt lat="43.61647" lon="3.19429">
        <ele>279.4</ele>
      </trkpt>
      <trkpt lat="43.61639" lon="3.19382">
        <ele>278</ele>
      </trkpt>
      <trkpt lat="43.61644" lon="3.19307">
        <ele>277.6</ele>
      </trkpt>
      <trkpt lat="43.61664" lon="3.1924">
        <ele>276.3</ele>
      </trkpt>
      <trkpt lat="43.61673" lon="3.19185">
        <ele>275.2</ele>
      </trkpt>
      <trkpt lat="43.61666" lon="3.19133">
        <ele>276.7</ele>
      </trkpt>
      <trkpt lat="43.61645" lon="3.19094">
        <ele>276.1</ele>
      </trkpt>
      <trkpt lat="43.61628" lon="3.19071">
        <ele>276</ele>
      </trkpt>
      <trkpt lat="43.616" lon="3.19049">
        <ele>274.8</ele>
      </trkpt>
      <trkpt lat="43.61562" lon="3.1898">
        <ele>273.9</ele>
      </trkpt>
      <trkpt lat="43.61559" lon="3.1901">
        <ele>272.6</ele>
      </trkpt>
      <trkpt lat="43.61563" lon="3.19055">
        <ele>272.75</ele>
      </trkpt>
      <trkpt lat="43.61554" lon="3.19081">
        <ele>271.25</ele>
      </trkpt>
      <trkpt lat="43.61548" lon="3.19092">
        <ele>271.75</ele>
      </trkpt>
      <trkpt lat="43.61538" lon="3.19101">
        <ele>272.25</ele>
      </trkpt>
      <trkpt lat="43.6153" lon="3.19103">
        <ele>272.5</ele>
      </trkpt>
      <trkpt lat="43.61508" lon="3.191">
        <ele>270.3</ele>
      </trkpt>
      <trkpt lat="43.61484" lon="3.19095">
        <ele>273.5</ele>
      </trkpt>
      <trkpt lat="43.61479" lon="3.19098">
        <ele>274.5</ele>
      </trkpt>
      <trkpt lat="43.61474" lon="3.19103">
        <ele>275.5</ele>
      </trkpt>
      <trkpt lat="43.61472" lon="3.19114">
        <ele>276.75</ele>
      </trkpt>
      <trkpt lat="43.61473" lon="3.19125">
        <ele>277.5</ele>
      </trkpt>
      <trkpt lat="43.61472" lon="3.19134">
        <ele>276.6</ele>
      </trkpt>
      <trkpt lat="43.61464" lon="3.19151">
        <ele>276.9</ele>
      </trkpt>
      <trkpt lat="43.61457" lon="3.19197">
        <ele>282.75</ele>
      </trkpt>
      <trkpt lat="43.61438" lon="3.19208">
        <ele>278.2</ele>
      </trkpt>
      <trkpt lat="43.61424" lon="3.19199">
        <ele>278.5</ele>
      </trkpt>
      <trkpt lat="43.61404" lon="3.19169">
        <ele>280.4</ele>
      </trkpt>
      <trkpt lat="43.61382" lon="3.19164">
        <ele>282.6</ele>
      </trkpt>
      <trkpt lat="43.61378" lon="3.19146">
        <ele>283.7</ele>
      </trkpt>
      <trkpt lat="43.61383" lon="3.19118">
        <ele>284.9</ele>
      </trkpt>
      <trkpt lat="43.61386" lon="3.19095">
        <ele>285.9</ele>
      </trkpt>
      <trkpt lat="43.61376" lon="3.19089">
        <ele>288.3</ele>
      </trkpt>
      <trkpt lat="43.61365" lon="3.19098">
        <ele>290.1</ele>
      </trkpt>
      <trkpt lat="43.61356" lon="3.19122">
        <ele>289.9</ele>
      </trkpt>
      <trkpt lat="43.61346" lon="3.19131">
        <ele>292.1</ele>
      </trkpt>
      <trkpt lat="43.61329" lon="3.19171">
        <ele>295.5</ele>
      </trkpt>
      <trkpt lat="43.61335" lon="3.1919">
        <ele>295.8</ele>
      </trkpt>
      <trkpt lat="43.61349" lon="3.19218">
        <ele>295.8</ele>
      </trkpt>
      <trkpt lat="43.61341" lon="3.19256">
        <ele>296.1</ele>
      </trkpt>
      <trkpt lat="43.61323" lon="3.19272">
        <ele>297.6</ele>
      </trkpt>
      <trkpt lat="43.61287" lon="3.19281">
        <ele>301.7</ele>
      </trkpt>
      <trkpt lat="43.61269" lon="3.19297">
        <ele>303</ele>
      </trkpt>
      <trkpt lat="43.61264" lon="3.19328">
        <ele>305.2</ele>
      </trkpt>
      <trkpt lat="43.61304" lon="3.19353">
        <ele>306.7</ele>
      </trkpt>
      <trkpt lat="43.61348" lon="3.19402">
        <ele>309.3</ele>
      </trkpt>
      <trkpt lat="43.61359" lon="3.1943">
        <ele>308.8</ele>
      </trkpt>
      <trkpt lat="43.61352" lon="3.19452">
        <ele>309.5</ele>
      </trkpt>
      <trkpt lat="43.61337" lon="3.1946">
        <ele>311.1</ele>
      </trkpt>
      <trkpt lat="43.61312" lon="3.19481">
        <ele>313.2</ele>
      </trkpt>
      <trkpt lat="43.61227" lon="3.195">
        <ele>315.5</ele>
      </trkpt>
      <trkpt lat="43.61194" lon="3.1953">
        <ele>314.1</ele>
      </trkpt>
      <trkpt lat="43.61171" lon="3.19543">
        <ele>311.4</ele>
      </trkpt>
      <trkpt lat="43.61163" lon="3.19559">
        <ele>310.9</ele>
      </trkpt>
      <trkpt lat="43.6117" lon="3.19597">
        <ele>311.6</ele>
      </trkpt>
      <trkpt lat="43.61159" lon="3.19605">
        <ele>310.3</ele>
      </trkpt>
      <trkpt lat="43.61148" lon="3.19606">
        <ele>308.8</ele>
      </trkpt>
      <trkpt lat="43.61138" lon="3.19612">
        <ele>308</ele>
      </trkpt>
      <trkpt lat="43.61129" lon="3.19618">
        <ele>308.6</ele>
      </trkpt>
      <trkpt lat="43.61102" lon="3.1962">
        <ele>306.3</ele>
      </trkpt>
      <trkpt lat="43.61089" lon="3.19614">
        <ele>303.8</ele>
      </trkpt>
      <trkpt lat="43.6108" lon="3.19598">
        <ele>301.9</ele>
      </trkpt>
      <trkpt lat="43.61076" lon="3.19585">
        <ele>300.8</ele>
      </trkpt>
      <trkpt lat="43.61063" lon="3.1958">
        <ele>305.75</ele>
      </trkpt>
      <trkpt lat="43.61028" lon="3.19578">
        <ele>300.8</ele>
      </trkpt>
      <trkpt lat="43.60996" lon="3.19559">
        <ele>297.8</ele>
      </trkpt>
      <trkpt lat="43.6098" lon="3.19543">
        <ele>296.6</ele>
      </trkpt>
      <trkpt lat="43.60885" lon="3.19463">
        <ele>292.3</ele>
      </trkpt>
      <trkpt lat="43.60853" lon="3.19446">
        <ele>292.8</ele>
      </trkpt>
      <trkpt lat="43.60829" lon="3.194">
        <ele>292.9</ele>
      </trkpt>
      <trkpt lat="43.60829" lon="3.19384">
        <ele>293.4</ele>
      </trkpt>
      <trkpt lat="43.60845" lon="3.19354">
        <ele>293.8</ele>
      </trkpt>
      <trkpt lat="43.60841" lon="3.19337">
        <ele>292.8</ele>
      </trkpt>
      <trkpt lat="43.60799" lon="3.1931">
        <ele>289.6</ele>
      </trkpt>
      <trkpt lat="43.60771" lon="3.19244">
        <ele>286.5</ele>
      </trkpt>
      <trkpt lat="43.60759" lon="3.19237">
        <ele>286.7</ele>
      </trkpt>
      <trkpt lat="43.60725" lon="3.19229">
        <ele>286.4</ele>
      </trkpt>
      <trkpt lat="43.60695" lon="3.19227">
        <ele>285.5</ele>
      </trkpt>
      <trkpt lat="43.6066" lon="3.19231">
        <ele>284</ele>
      </trkpt>
      <trkpt lat="43.60647" lon="3.19223">
        <ele>283.4</ele>
      </trkpt>
      <trkpt lat="43.60615" lon="3.19191">
        <ele>283.4</ele>
      </trkpt>
      <trkpt lat="43.60578" lon="3.19139">
        <ele>279.8</ele>
      </trkpt>
      <trkpt lat="43.60558" lon="3.1909">
        <ele>278.1</ele>
      </trkpt>
      <trkpt lat="43.60546" lon="3.19047">
        <ele>277.3</ele>
      </trkpt>
      <trkpt lat="43.60536" lon="3.19025">
        <ele>276.7</ele>
      </trkpt>
      <trkpt lat="43.60504" lon="3.18988">
        <ele>275.3</ele>
      </trkpt>
      <trkpt lat="43.6049" lon="3.18968">
        <ele>274.1</ele>
      </trkpt>
      <trkpt lat="43.60444" lon="3.18947">
        <ele>271</ele>
      </trkpt>
      <trkpt lat="43.60429" lon="3.18932">
        <ele>271.3</ele>
      </trkpt>
      <trkpt lat="43.60422" lon="3.18943">
        <ele>271.8</ele>
      </trkpt>
      <trkpt lat="43.60406" lon="3.18978">
        <ele>272.4</ele>
      </trkpt>
      <trkpt lat="43.60373" lon="3.19041">
        <ele>275.3</ele>
      </trkpt>
      <trkpt lat="43.60364" lon="3.191">
        <ele>275.9</ele>
      </trkpt>
      <trkpt lat="43.60317" lon="3.19169">
        <ele>278.2</ele>
      </trkpt>
      <trkpt lat="43.60285" lon="3.19201">
        <ele>277.6</ele>
      </trkpt>
      <trkpt lat="43.60271" lon="3.19299">
        <ele>277</ele>
      </trkpt>
      <trkpt lat="43.6027" lon="3.19326">
        <ele>278.1</ele>
      </trkpt>
      <trkpt lat="43.60273" lon="3.19425">
        <ele>278.8</ele>
      </trkpt>
      <trkpt lat="43.60278" lon="3.19462">
        <ele>279</ele>
      </trkpt>
      <trkpt lat="43.60287" lon="3.19501">
        <ele>279.4</ele>
      </trkpt>
      <trkpt lat="43.60287" lon="3.19538">
        <ele>280.4</ele>
      </trkpt>
      <trkpt lat="43.60281" lon="3.1956">
        <ele>280</ele>
      </trkpt>
      <trkpt lat="43.60224" lon="3.19645">
        <ele>281.3</ele>
      </trkpt>
      <trkpt lat="43.60212" lon="3.19682">
        <ele>283.3</ele>
      </trkpt>
      <trkpt lat="43.6021" lon="3.19714">
        <ele>285.3</ele>
      </trkpt>
      <trkpt lat="43.6021" lon="3.19791">
        <ele>283.9</ele>
      </trkpt>
      <trkpt lat="43.60218" lon="3.19861">
        <ele>283.8</ele>
      </trkpt>
      <trkpt lat="43.60231" lon="3.19891">
        <ele>286.1</ele>
      </trkpt>
      <trkpt lat="43.6024" lon="3.19939">
        <ele>288.3</ele>
      </trkpt>
      <trkpt lat="43.6024" lon="3.19967">
        <ele>287.9</ele>
      </trkpt>
      <trkpt lat="43.6023" lon="3.19988">
        <ele>287.1</ele>
      </trkpt>
      <trkpt lat="43.60202" lon="3.19986">
        <ele>286.9</ele>
      </trkpt>
      <trkpt lat="43.6019" lon="3.19989">
        <ele>288</ele>
      </trkpt>
      <trkpt lat="43.60162" lon="3.20029">
        <ele>291.4</ele>
      </trkpt>
      <trkpt lat="43.60119" lon="3.2007">
        <ele>294.4</ele>
      </trkpt>
      <trkpt lat="43.60066" lon="3.20116">
        <ele>297.3</ele>
      </trkpt>
      <trkpt lat="43.60054" lon="3.20141">
        <ele>296.1</ele>
      </trkpt>
      <trkpt lat="43.60053" lon="3.20151">
        <ele>296.6</ele>
      </trkpt>
      <trkpt lat="43.60054" lon="3.20186">
        <ele>298.7</ele>
      </trkpt>
      <trkpt lat="43.60055" lon="3.20212">
        <ele>299.1</ele>
      </trkpt>
      <trkpt lat="43.60043" lon="3.20237">
        <ele>301.7</ele>
      </trkpt>
      <trkpt lat="43.60037" lon="3.20249">
        <ele>302.4</ele>
      </trkpt>
      <trkpt lat="43.60025" lon="3.20268">
        <ele>305.2</ele>
      </trkpt>
      <trkpt lat="43.60016" lon="3.20288">
        <ele>307</ele>
      </trkpt>
      <trkpt lat="43.60002" lon="3.20316">
        <ele>307.5</ele>
      </trkpt>
      <trkpt lat="43.59993" lon="3.20329">
        <ele>307.5</ele>
      </trkpt>
      <trkpt lat="43.59981" lon="3.20328">
        <ele>308.3</ele>
      </trkpt>
      <trkpt lat="43.5998" lon="3.20313">
        <ele>310</ele>
      </trkpt>
      <trkpt lat="43.5999" lon="3.20297">
        <ele>310.2</ele>
      </trkpt>
      <trkpt lat="43.59995" lon="3.2028">
        <ele>310.7</ele>
      </trkpt>
      <trkpt lat="43.59995" lon="3.2026">
        <ele>311.6</ele>
      </trkpt>
      <trkpt lat="43.59989" lon="3.2025">
        <ele>313</ele>
      </trkpt>
      <trkpt lat="43.59983" lon="3.20241">
        <ele>314.6</ele>
      </trkpt>
      <trkpt lat="43.59976" lon="3.20233">
        <ele>315.3</ele>
      </trkpt>
      <trkpt lat="43.59952" lon="3.20212">
        <ele>316.5</ele>
      </trkpt>
      <trkpt lat="43.59939" lon="3.20197">
        <ele>316.6</ele>
      </trkpt>
      <trkpt lat="43.59929" lon="3.20188">
        <ele>317.3</ele>
      </trkpt>
      <trkpt lat="43.59925" lon="3.20188">
        <ele>317.5</ele>
      </trkpt>
      <trkpt lat="43.59921" lon="3.20191">
        <ele>317.7</ele>
      </trkpt>
      <trkpt lat="43.59919" lon="3.20198">
        <ele>318.4</ele>
      </trkpt>
      <trkpt lat="43.5992" lon="3.20205">
        <ele>319.5</ele>
      </trkpt>
      <trkpt lat="43.59929" lon="3.20221">
        <ele>320.2</ele>
      </trkpt>
      <trkpt lat="43.59932" lon="3.20231">
        <ele>320.2</ele>
      </trkpt>
      <trkpt lat="43.59931" lon="3.20242">
        <ele>321</ele>
      </trkpt>
      <trkpt lat="43.59928" lon="3.20254">
        <ele>321.8</ele>
      </trkpt>
      <trkpt lat="43.59922" lon="3.20265">
        <ele>322.2</ele>
      </trkpt>
      <trkpt lat="43.59907" lon="3.20277">
        <ele>323.4</ele>
      </trkpt>
      <trkpt lat="43.59858" lon="3.20303">
        <ele>328.5</ele>
      </trkpt>
      <trkpt lat="43.59817" lon="3.20305">
        <ele>331.1</ele>
      </trkpt>
      <trkpt lat="43.59777" lon="3.20305">
        <ele>334.1</ele>
      </trkpt>
      <trkpt lat="43.59745" lon="3.20295">
        <ele>338.5</ele>
      </trkpt>
      <trkpt lat="43.5972" lon="3.20293">
        <ele>339.4</ele>
      </trkpt>
      <trkpt lat="43.59687" lon="3.20292">
        <ele>340.9</ele>
      </trkpt>
      <trkpt lat="43.59668" lon="3.2028">
        <ele>343.4</ele>
      </trkpt>
      <trkpt lat="43.59654" lon="3.20261">
        <ele>344.2</ele>
      </trkpt>
      <trkpt lat="43.59633" lon="3.20237">
        <ele>348.1</ele>
      </trkpt>
      <trkpt lat="43.59621" lon="3.20232">
        <ele>349.8</ele>
      </trkpt>
      <trkpt lat="43.59602" lon="3.20238">
        <ele>349.4</ele>
      </trkpt>
      <trkpt lat="43.59592" lon="3.20239">
        <ele>350</ele>
      </trkpt>
      <trkpt lat="43.5958" lon="3.20238">
        <ele>351.8</ele>
      </trkpt>
      <trkpt lat="43.59565" lon="3.20242">
        <ele>353.6</ele>
      </trkpt>
      <trkpt lat="43.59562" lon="3.20246">
        <ele>353.2</ele>
      </trkpt>
      <trkpt lat="43.59556" lon="3.20263">
        <ele>354.4</ele>
      </trkpt>
      <trkpt lat="43.59554" lon="3.20273">
        <ele>355.3</ele>
      </trkpt>
      <trkpt lat="43.59549" lon="3.20283">
        <ele>355.8</ele>
      </trkpt>
      <trkpt lat="43.59543" lon="3.20289">
        <ele>356</ele>
      </trkpt>
      <trkpt lat="43.59535" lon="3.20293">
        <ele>356.8</ele>
      </trkpt>
      <trkpt lat="43.59516" lon="3.20295">
        <ele>358</ele>
      </trkpt>
      <trkpt lat="43.59506" lon="3.20292">
        <ele>359.2</ele>
      </trkpt>
      <trkpt lat="43.59486" lon="3.20278">
        <ele>363</ele>
      </trkpt>
      <trkpt lat="43.59479" lon="3.20278">
        <ele>363</ele>
      </trkpt>
      <trkpt lat="43.59472" lon="3.20284">
        <ele>362</ele>
      </trkpt>
      <trkpt lat="43.59445" lon="3.20322">
        <ele>365.2</ele>
      </trkpt>
      <trkpt lat="43.59437" lon="3.20331">
        <ele>366</ele>
      </trkpt>
      <trkpt lat="43.5943" lon="3.20338">
        <ele>366.6</ele>
      </trkpt>
      <trkpt lat="43.59369" lon="3.20373">
        <ele>372.3</ele>
      </trkpt>
      <trkpt lat="43.59354" lon="3.20383">
        <ele>374.3</ele>
      </trkpt>
      <trkpt lat="43.59285" lon="3.20433">
        <ele>380.6</ele>
      </trkpt>
      <trkpt lat="43.5926" lon="3.20452">
        <ele>382.2</ele>
      </trkpt>
      <trkpt lat="43.59254" lon="3.20472">
        <ele>382.4</ele>
      </trkpt>
      <trkpt lat="43.5925" lon="3.20515">
        <ele>385.1</ele>
      </trkpt>
      <trkpt lat="43.59247" lon="3.20535">
        <ele>386.7</ele>
      </trkpt>
      <trkpt lat="43.59239" lon="3.2055">
        <ele>387.8</ele>
      </trkpt>
      <trkpt lat="43.59198" lon="3.20584">
        <ele>387.4</ele>
      </trkpt>
      <trkpt lat="43.59188" lon="3.20581">
        <ele>386.8</ele>
      </trkpt>
      <trkpt lat="43.59182" lon="3.20568">
        <ele>387.5</ele>
      </trkpt>
      <trkpt lat="43.59196" lon="3.20456">
        <ele>388.1</ele>
      </trkpt>
      <trkpt lat="43.59192" lon="3.20441">
        <ele>387.7</ele>
      </trkpt>
      <trkpt lat="43.59184" lon="3.2043">
        <ele>386.8</ele>
      </trkpt>
      <trkpt lat="43.59134" lon="3.20385">
        <ele>388.2</ele>
      </trkpt>
      <trkpt lat="43.59123" lon="3.20366">
        <ele>388.7</ele>
      </trkpt>
      <trkpt lat="43.5912" lon="3.20346">
        <ele>388.3</ele>
      </trkpt>
      <trkpt lat="43.59108" lon="3.2014">
        <ele>384.5</ele>
      </trkpt>
      <trkpt lat="43.59102" lon="3.20046">
        <ele>386.5</ele>
      </trkpt>
      <trkpt lat="43.59096" lon="3.19943">
        <ele>393.3</ele>
      </trkpt>
      <trkpt lat="43.59096" lon="3.19931">
        <ele>393.1</ele>
      </trkpt>
      <trkpt lat="43.59117" lon="3.19786">
        <ele>400.3</ele>
      </trkpt>
      <trkpt lat="43.59118" lon="3.19762">
        <ele>400.1</ele>
      </trkpt>
      <trkpt lat="43.59115" lon="3.19748">
        <ele>399.6</ele>
      </trkpt>
      <trkpt lat="43.59084" lon="3.19684">
        <ele>394.5</ele>
      </trkpt>
      <trkpt lat="43.59069" lon="3.19635">
        <ele>391.3</ele>
      </trkpt>
      <trkpt lat="43.59058" lon="3.19598">
        <ele>388.1</ele>
      </trkpt>
      <trkpt lat="43.59052" lon="3.19575">
        <ele>386.1</ele>
      </trkpt>
      <trkpt lat="43.58968" lon="3.19534">
        <ele>384.3</ele>
      </trkpt>
      <trkpt lat="43.5897" lon="3.19496">
        <ele>383.8</ele>
      </trkpt>
      <trkpt lat="43.58972" lon="3.19478">
        <ele>384</ele>
      </trkpt>
      <trkpt lat="43.58976" lon="3.1946">
        <ele>384.9</ele>
      </trkpt>
      <trkpt lat="43.5898" lon="3.19449">
        <ele>386.1</ele>
      </trkpt>
      <trkpt lat="43.5899" lon="3.19425">
        <ele>388.5</ele>
      </trkpt>
      <trkpt lat="43.58997" lon="3.19405">
        <ele>388.8</ele>
      </trkpt>
      <trkpt lat="43.59006" lon="3.19389">
        <ele>388.4</ele>
      </trkpt>
      <trkpt lat="43.5901" lon="3.19378">
        <ele>388.4</ele>
      </trkpt>
      <trkpt lat="43.59012" lon="3.19365">
        <ele>388.1</ele>
      </trkpt>
      <trkpt lat="43.5901" lon="3.19354">
        <ele>387.9</ele>
      </trkpt>
      <trkpt lat="43.59003" lon="3.19342">
        <ele>387.9</ele>
      </trkpt>
      <trkpt lat="43.58984" lon="3.19316">
        <ele>388.3</ele>
      </trkpt>
      <trkpt lat="43.58976" lon="3.19308">
        <ele>388.7</ele>
      </trkpt>
      <trkpt lat="43.58949" lon="3.19306">
        <ele>391.5</ele>
      </trkpt>
      <trkpt lat="43.58944" lon="3.19304">
        <ele>392.1</ele>
      </trkpt>
      <trkpt lat="43.58936" lon="3.19297">
        <ele>392.3</ele>
      </trkpt>
      <trkpt lat="43.58922" lon="3.1928">
        <ele>392.9</ele>
      </trkpt>
      <trkpt lat="43.58917" lon="3.19266">
        <ele>393.4</ele>
      </trkpt>
      <trkpt lat="43.58916" lon="3.19254">
        <ele>393.8</ele>
      </trkpt>
      <trkpt lat="43.58916" lon="3.19247">
        <ele>394</ele>
      </trkpt>
      <trkpt lat="43.58913" lon="3.19234">
        <ele>394.1</ele>
      </trkpt>
      <trkpt lat="43.5891" lon="3.19228">
        <ele>393.9</ele>
      </trkpt>
      <trkpt lat="43.58893" lon="3.19198">
        <ele>392.4</ele>
      </trkpt>
      <trkpt lat="43.58878" lon="3.19165">
        <ele>391.5</ele>
      </trkpt>
      <trkpt lat="43.58872" lon="3.19151">
        <ele>390.9</ele>
      </trkpt>
      <trkpt lat="43.58869" lon="3.19142">
        <ele>390.8</ele>
      </trkpt>
      <trkpt lat="43.5886" lon="3.19123">
        <ele>389.9</ele>
      </trkpt>
      <trkpt lat="43.58836" lon="3.19094">
        <ele>388.8</ele>
      </trkpt>
      <trkpt lat="43.58832" lon="3.19088">
        <ele>388.8</ele>
      </trkpt>
      <trkpt lat="43.58825" lon="3.19069">
        <ele>389.5</ele>
      </trkpt>
      <trkpt lat="43.58821" lon="3.1901">
        <ele>391</ele>
      </trkpt>
      <trkpt lat="43.58814" lon="3.1896">
        <ele>390.4</ele>
      </trkpt>
      <trkpt lat="43.58796" lon="3.18886">
        <ele>390.5</ele>
      </trkpt>
      <trkpt lat="43.5879" lon="3.18872">
        <ele>390.2</ele>
      </trkpt>
      <trkpt lat="43.58777" lon="3.18859">
        <ele>389.4</ele>
      </trkpt>
      <trkpt lat="43.58757" lon="3.1885">
        <ele>388</ele>
      </trkpt>
      <trkpt lat="43.58743" lon="3.18841">
        <ele>387.6</ele>
      </trkpt>
      <trkpt lat="43.58719" lon="3.18819">
        <ele>388.4</ele>
      </trkpt>
      <trkpt lat="43.58705" lon="3.18811">
        <ele>387.5</ele>
      </trkpt>
      <trkpt lat="43.58658" lon="3.18797">
        <ele>387.9</ele>
      </trkpt>
      <trkpt lat="43.58643" lon="3.18805">
        <ele>389.6</ele>
      </trkpt>
      <trkpt lat="43.58621" lon="3.1882">
        <ele>390.1</ele>
      </trkpt>
      <trkpt lat="43.5859" lon="3.18854">
        <ele>391.8</ele>
      </trkpt>
      <trkpt lat="43.58552" lon="3.18898">
        <ele>392.8</ele>
      </trkpt>
      <trkpt lat="43.58529" lon="3.1892">
        <ele>391.9</ele>
      </trkpt>
      <trkpt lat="43.58518" lon="3.18929">
        <ele>391.6</ele>
      </trkpt>
      <trkpt lat="43.58505" lon="3.18936">
        <ele>391</ele>
      </trkpt>
      <trkpt lat="43.5848" lon="3.18944">
        <ele>389.3</ele>
      </trkpt>
      <trkpt lat="43.58468" lon="3.18943">
        <ele>389.4</ele>
      </trkpt>
      <trkpt lat="43.58453" lon="3.18944">
        <ele>389.7</ele>
      </trkpt>
      <trkpt lat="43.58441" lon="3.18947">
        <ele>389.8</ele>
      </trkpt>
      <trkpt lat="43.58411" lon="3.18957">
        <ele>389.1</ele>
      </trkpt>
      <trkpt lat="43.5831" lon="3.18988">
        <ele>388.5</ele>
      </trkpt>
      <trkpt lat="43.58218" lon="3.19014">
        <ele>390.4</ele>
      </trkpt>
      <trkpt lat="43.58198" lon="3.1902">
        <ele>389.6</ele>
      </trkpt>
      <trkpt lat="43.58184" lon="3.19019">
        <ele>389.1</ele>
      </trkpt>
      <trkpt lat="43.58134" lon="3.19006">
        <ele>389.2</ele>
      </trkpt>
      <trkpt lat="43.58106" lon="3.18997">
        <ele>389.4</ele>
      </trkpt>
      <trkpt lat="43.58091" lon="3.18992">
        <ele>389.9</ele>
      </trkpt>
      <trkpt lat="43.58075" lon="3.18979">
        <ele>389.5</ele>
      </trkpt>
      <trkpt lat="43.58057" lon="3.18969">
        <ele>388.2</ele>
      </trkpt>
      <trkpt lat="43.58032" lon="3.18959">
        <ele>388.5</ele>
      </trkpt>
      <trkpt lat="43.57971" lon="3.18946">
        <ele>388.9</ele>
      </trkpt>
      <trkpt lat="43.57911" lon="3.18943">
        <ele>391</ele>
      </trkpt>
      <trkpt lat="43.5783" lon="3.18927">
        <ele>391</ele>
      </trkpt>
      <trkpt lat="43.57751" lon="3.18906">
        <ele>389.6</ele>
      </trkpt>
      <trkpt lat="43.57739" lon="3.18899">
        <ele>389.5</ele>
      </trkpt>
      <trkpt lat="43.57732" lon="3.18893">
        <ele>389.2</ele>
      </trkpt>
      <trkpt lat="43.57671" lon="3.18808">
        <ele>387</ele>
      </trkpt>
      <trkpt lat="43.5764" lon="3.1878">
        <ele>386.1</ele>
      </trkpt>
      <trkpt lat="43.57634" lon="3.18764">
        <ele>385.9</ele>
      </trkpt>
      <trkpt lat="43.57626" lon="3.18738">
        <ele>385.7</ele>
      </trkpt>
      <trkpt lat="43.57607" lon="3.18701">
        <ele>386.3</ele>
      </trkpt>
      <trkpt lat="43.57552" lon="3.18613">
        <ele>387.2</ele>
      </trkpt>
      <trkpt lat="43.57539" lon="3.18597">
        <ele>386.8</ele>
      </trkpt>
      <trkpt lat="43.57517" lon="3.18572">
        <ele>385.4</ele>
      </trkpt>
      <trkpt lat="43.57481" lon="3.185">
        <ele>382</ele>
      </trkpt>
      <trkpt lat="43.57454" lon="3.18464">
        <ele>382.7</ele>
      </trkpt>
      <trkpt lat="43.57437" lon="3.18439">
        <ele>383</ele>
      </trkpt>
      <trkpt lat="43.5741" lon="3.1839">
        <ele>383</ele>
      </trkpt>
      <trkpt lat="43.57397" lon="3.18378">
        <ele>383</ele>
      </trkpt>
      <trkpt lat="43.57387" lon="3.18384">
        <ele>383.1</ele>
      </trkpt>
      <trkpt lat="43.5738" lon="3.1843">
        <ele>380.7</ele>
      </trkpt>
      <trkpt lat="43.57379" lon="3.1846">
        <ele>378.2</ele>
      </trkpt>
      <trkpt lat="43.57379" lon="3.1848">
        <ele>376.5</ele>
      </trkpt>
      <trkpt lat="43.57378" lon="3.1851">
        <ele>374.1</ele>
      </trkpt>
      <trkpt lat="43.57379" lon="3.18547">
        <ele>370.9</ele>
      </trkpt>
      <trkpt lat="43.57376" lon="3.18573">
        <ele>368.4</ele>
      </trkpt>
      <trkpt lat="43.57369" lon="3.18592">
        <ele>364.7</ele>
      </trkpt>
      <trkpt lat="43.57361" lon="3.18613">
        <ele>358.2</ele>
      </trkpt>
      <trkpt lat="43.5735" lon="3.18633">
        <ele>359.8</ele>
      </trkpt>
      <trkpt lat="43.57343" lon="3.18665">
        <ele>354.7</ele>
      </trkpt>
      <trkpt lat="43.57339" lon="3.18675">
        <ele>351.8</ele>
      </trkpt>
      <trkpt lat="43.57332" lon="3.18685">
        <ele>347.9</ele>
      </trkpt>
      <trkpt lat="43.57327" lon="3.18688">
        <ele>346.7</ele>
      </trkpt>
      <trkpt lat="43.57307" lon="3.18687">
        <ele>344.5</ele>
      </trkpt>
      <trkpt lat="43.573" lon="3.18685">
        <ele>343.8</ele>
      </trkpt>
      <trkpt lat="43.57285" lon="3.18674">
        <ele>342.6</ele>
      </trkpt>
      <trkpt lat="43.57274" lon="3.18676">
        <ele>340.6</ele>
      </trkpt>
      <trkpt lat="43.57261" lon="3.18677">
        <ele>339.2</ele>
      </trkpt>
      <trkpt lat="43.57249" lon="3.18674">
        <ele>338.6</ele>
      </trkpt>
      <trkpt lat="43.57233" lon="3.18672">
        <ele>337.8</ele>
      </trkpt>
      <trkpt lat="43.57227" lon="3.18676">
        <ele>336.6</ele>
      </trkpt>
      <trkpt lat="43.57213" lon="3.18686">
        <ele>334.4</ele>
      </trkpt>
      <trkpt lat="43.57194" lon="3.18692">
        <ele>332.8</ele>
      </trkpt>
      <trkpt lat="43.57173" lon="3.18707">
        <ele>331.6</ele>
      </trkpt>
      <trkpt lat="43.57157" lon="3.18725">
        <ele>329.7</ele>
      </trkpt>
      <trkpt lat="43.57149" lon="3.18734">
        <ele>328.6</ele>
      </trkpt>
      <trkpt lat="43.57136" lon="3.18743">
        <ele>326.9</ele>
      </trkpt>
      <trkpt lat="43.57114" lon="3.18754">
        <ele>325.4</ele>
      </trkpt>
      <trkpt lat="43.57096" lon="3.18777">
        <ele>324.3</ele>
      </trkpt>
      <trkpt lat="43.57083" lon="3.18801">
        <ele>321.9</ele>
      </trkpt>
      <trkpt lat="43.57066" lon="3.18829">
        <ele>321.8</ele>
      </trkpt>
      <trkpt lat="43.57058" lon="3.18841">
        <ele>320.8</ele>
      </trkpt>
      <trkpt lat="43.57046" lon="3.18854">
        <ele>320.4</ele>
      </trkpt>
      <trkpt lat="43.57032" lon="3.18863">
        <ele>320.2</ele>
      </trkpt>
      <trkpt lat="43.57019" lon="3.18867">
        <ele>320.3</ele>
      </trkpt>
      <trkpt lat="43.56994" lon="3.18872">
        <ele>320.6</ele>
      </trkpt>
      <trkpt lat="43.56969" lon="3.1888">
        <ele>319.7</ele>
      </trkpt>
      <trkpt lat="43.56954" lon="3.18887">
        <ele>319.9</ele>
      </trkpt>
      <trkpt lat="43.56939" lon="3.18909">
        <ele>317.7</ele>
      </trkpt>
      <trkpt lat="43.56919" lon="3.18946">
        <ele>316.4</ele>
      </trkpt>
      <trkpt lat="43.5691" lon="3.18966">
        <ele>315.4</ele>
      </trkpt>
      <trkpt lat="43.56898" lon="3.18979">
        <ele>315</ele>
      </trkpt>
      <trkpt lat="43.56882" lon="3.18997">
        <ele>314.6</ele>
      </trkpt>
      <trkpt lat="43.56866" lon="3.1901">
        <ele>313.4</ele>
      </trkpt>
      <trkpt lat="43.56854" lon="3.19013">
        <ele>312.3</ele>
      </trkpt>
      <trkpt lat="43.56841" lon="3.19007">
        <ele>311.4</ele>
      </trkpt>
      <trkpt lat="43.56819" lon="3.18993">
        <ele>309.3</ele>
      </trkpt>
      <trkpt lat="43.56798" lon="3.18969">
        <ele>306.9</ele>
      </trkpt>
      <trkpt lat="43.56783" lon="3.18948">
        <ele>304.9</ele>
      </trkpt>
      <trkpt lat="43.56767" lon="3.18913">
        <ele>302.1</ele>
      </trkpt>
      <trkpt lat="43.5676" lon="3.18898">
        <ele>301</ele>
      </trkpt>
      <trkpt lat="43.56753" lon="3.18896">
        <ele>299.6</ele>
      </trkpt>
      <trkpt lat="43.56748" lon="3.18905">
        <ele>298.5</ele>
      </trkpt>
      <trkpt lat="43.56739" lon="3.18943">
        <ele>296.6</ele>
      </trkpt>
      <trkpt lat="43.56732" lon="3.18948">
        <ele>295.2</ele>
      </trkpt>
      <trkpt lat="43.56727" lon="3.18941">
        <ele>294</ele>
      </trkpt>
      <trkpt lat="43.56725" lon="3.18923">
        <ele>293.5</ele>
      </trkpt>
      <trkpt lat="43.56719" lon="3.18902">
        <ele>293.2</ele>
      </trkpt>
      <trkpt lat="43.567" lon="3.18881">
        <ele>292.2</ele>
      </trkpt>
      <trkpt lat="43.56686" lon="3.18873">
        <ele>291.3</ele>
      </trkpt>
      <trkpt lat="43.56674" lon="3.18874">
        <ele>290.2</ele>
      </trkpt>
      <trkpt lat="43.56655" lon="3.18891">
        <ele>287.8</ele>
      </trkpt>
      <trkpt lat="43.56648" lon="3.1889">
        <ele>286.6</ele>
      </trkpt>
      <trkpt lat="43.56625" lon="3.18868">
        <ele>282.1</ele>
      </trkpt>
      <trkpt lat="43.56622" lon="3.1886">
        <ele>281.5</ele>
      </trkpt>
      <trkpt lat="43.56615" lon="3.18861">
        <ele>280.5</ele>
      </trkpt>
      <trkpt lat="43.56606" lon="3.18864">
        <ele>279.3</ele>
      </trkpt>
      <trkpt lat="43.566" lon="3.18874">
        <ele>278.6</ele>
      </trkpt>
      <trkpt lat="43.56594" lon="3.18884">
        <ele>278</ele>
      </trkpt>
      <trkpt lat="43.56587" lon="3.18889">
        <ele>277.4</ele>
      </trkpt>
      <trkpt lat="43.56568" lon="3.18898">
        <ele>275.8</ele>
      </trkpt>
      <trkpt lat="43.56557" lon="3.18905">
        <ele>274.6</ele>
      </trkpt>
      <trkpt lat="43.56542" lon="3.18918">
        <ele>272.5</ele>
      </trkpt>
      <trkpt lat="43.56536" lon="3.18925">
        <ele>271.6</ele>
      </trkpt>
      <trkpt lat="43.56518" lon="3.18931">
        <ele>269.6</ele>
      </trkpt>
      <trkpt lat="43.56502" lon="3.18938">
        <ele>268.1</ele>
      </trkpt>
      <trkpt lat="43.56497" lon="3.18934">
        <ele>267.9</ele>
      </trkpt>
      <trkpt lat="43.56491" lon="3.18929">
        <ele>267.9</ele>
      </trkpt>
      <trkpt lat="43.56485" lon="3.18926">
        <ele>267.8</ele>
      </trkpt>
      <trkpt lat="43.56467" lon="3.18937">
        <ele>267.3</ele>
      </trkpt>
      <trkpt lat="43.56454" lon="3.18956">
        <ele>266.7</ele>
      </trkpt>
      <trkpt lat="43.56436" lon="3.18932">
        <ele>266.8</ele>
      </trkpt>
      <trkpt lat="43.56414" lon="3.18946">
        <ele>263.9</ele>
      </trkpt>
      <trkpt lat="43.56402" lon="3.18953">
        <ele>263.1</ele>
      </trkpt>
      <trkpt lat="43.5639" lon="3.18958">
        <ele>262.1</ele>
      </trkpt>
      <trkpt lat="43.56377" lon="3.18962">
        <ele>260.5</ele>
      </trkpt>
      <trkpt lat="43.56372" lon="3.1896">
        <ele>260.3</ele>
      </trkpt>
      <trkpt lat="43.56355" lon="3.1893">
        <ele>261.1</ele>
      </trkpt>
      <trkpt lat="43.5634" lon="3.18908">
        <ele>260.8</ele>
      </trkpt>
      <trkpt lat="43.56334" lon="3.18901">
        <ele>260.8</ele>
      </trkpt>
      <trkpt lat="43.56311" lon="3.18871">
        <ele>261.8</ele>
      </trkpt>
      <trkpt lat="43.56299" lon="3.18857">
        <ele>262.3</ele>
      </trkpt>
      <trkpt lat="43.56292" lon="3.18828">
        <ele>264.4</ele>
      </trkpt>
      <trkpt lat="43.56284" lon="3.18808">
        <ele>264.6</ele>
      </trkpt>
      <trkpt lat="43.56262" lon="3.18775">
        <ele>265.3</ele>
      </trkpt>
      <trkpt lat="43.56252" lon="3.18763">
        <ele>265.8</ele>
      </trkpt>
      <trkpt lat="43.56245" lon="3.18751">
        <ele>266.7</ele>
      </trkpt>
      <trkpt lat="43.5623" lon="3.18717">
        <ele>269.1</ele>
      </trkpt>
      <trkpt lat="43.56211" lon="3.1868">
        <ele>269</ele>
      </trkpt>
      <trkpt lat="43.56207" lon="3.18667">
        <ele>269.3</ele>
      </trkpt>
      <trkpt lat="43.56199" lon="3.18633">
        <ele>267.1</ele>
      </trkpt>
      <trkpt lat="43.56193" lon="3.1861">
        <ele>267</ele>
      </trkpt>
      <trkpt lat="43.5618" lon="3.18578">
        <ele>268.9</ele>
      </trkpt>
      <trkpt lat="43.56171" lon="3.18565">
        <ele>269.3</ele>
      </trkpt>
      <trkpt lat="43.5615" lon="3.18547">
        <ele>269.6</ele>
      </trkpt>
      <trkpt lat="43.56139" lon="3.1853">
        <ele>269.8</ele>
      </trkpt>
      <trkpt lat="43.56127" lon="3.18496">
        <ele>270.1</ele>
      </trkpt>
      <trkpt lat="43.56104" lon="3.18466">
        <ele>267.8</ele>
      </trkpt>
      <trkpt lat="43.56094" lon="3.1845">
        <ele>268.1</ele>
      </trkpt>
      <trkpt lat="43.56086" lon="3.1843">
        <ele>268.3</ele>
      </trkpt>
      <trkpt lat="43.56022" lon="3.18431">
        <ele>268</ele>
      </trkpt>
      <trkpt lat="43.56014" lon="3.18429">
        <ele>267</ele>
      </trkpt>
      <trkpt lat="43.56003" lon="3.18415">
        <ele>270.4</ele>
      </trkpt>
      <trkpt lat="43.55997" lon="3.1841">
        <ele>271.4</ele>
      </trkpt>
      <trkpt lat="43.55989" lon="3.18406">
        <ele>272.6</ele>
      </trkpt>
      <trkpt lat="43.5598" lon="3.18408">
        <ele>273.1</ele>
      </trkpt>
      <trkpt lat="43.55967" lon="3.18433">
        <ele>270.3</ele>
      </trkpt>
      <trkpt lat="43.5596" lon="3.18448">
        <ele>269.1</ele>
      </trkpt>
      <trkpt lat="43.55948" lon="3.18452">
        <ele>269.8</ele>
      </trkpt>
      <trkpt lat="43.55937" lon="3.18454">
        <ele>269.8</ele>
      </trkpt>
      <trkpt lat="43.55858" lon="3.1845">
        <ele>273</ele>
      </trkpt>
      <trkpt lat="43.55764" lon="3.18442">
        <ele>278.5</ele>
      </trkpt>
      <trkpt lat="43.55664" lon="3.18445">
        <ele>275.8</ele>
      </trkpt>
      <trkpt lat="43.55622" lon="3.1845">
        <ele>272.8</ele>
      </trkpt>
      <trkpt lat="43.55605" lon="3.18451">
        <ele>272.6</ele>
      </trkpt>
      <trkpt lat="43.55588" lon="3.18455">
        <ele>273</ele>
      </trkpt>
      <trkpt lat="43.55508" lon="3.18491">
        <ele>272.3</ele>
      </trkpt>
      <trkpt lat="43.55464" lon="3.1853">
        <ele>271.5</ele>
      </trkpt>
      <trkpt lat="43.55445" lon="3.18544">
        <ele>271.2</ele>
      </trkpt>
      <trkpt lat="43.55427" lon="3.18551">
        <ele>271.1</ele>
      </trkpt>
      <trkpt lat="43.55395" lon="3.18566">
        <ele>271.7</ele>
      </trkpt>
      <trkpt lat="43.55382" lon="3.18571">
        <ele>271.9</ele>
      </trkpt>
      <trkpt lat="43.55357" lon="3.18578">
        <ele>271.6</ele>
      </trkpt>
      <trkpt lat="43.55209" lon="3.18609">
        <ele>265.5</ele>
      </trkpt>
      <trkpt lat="43.55132" lon="3.1863">
        <ele>264.2</ele>
      </trkpt>
      <trkpt lat="43.55103" lon="3.18634">
        <ele>264.7</ele>
      </trkpt>
      <trkpt lat="43.5505" lon="3.18631">
        <ele>261.3</ele>
      </trkpt>
      <trkpt lat="43.55031" lon="3.18628">
        <ele>259.7</ele>
      </trkpt>
      <trkpt lat="43.55008" lon="3.18636">
        <ele>258.2</ele>
      </trkpt>
      <trkpt lat="43.54979" lon="3.18652">
        <ele>258.3</ele>
      </trkpt>
      <trkpt lat="43.54957" lon="3.18662">
        <ele>259.1</ele>
      </trkpt>
      <trkpt lat="43.54936" lon="3.18667">
        <ele>260.3</ele>
      </trkpt>
      <trkpt lat="43.54923" lon="3.18668">
        <ele>260.8</ele>
      </trkpt>
      <trkpt lat="43.5491" lon="3.18668">
        <ele>261</ele>
      </trkpt>
      <trkpt lat="43.54883" lon="3.18662">
        <ele>260.5</ele>
      </trkpt>
      <trkpt lat="43.54854" lon="3.18656">
        <ele>259.3</ele>
      </trkpt>
      <trkpt lat="43.54846" lon="3.18662">
        <ele>258.5</ele>
      </trkpt>
      <trkpt lat="43.5484" lon="3.18683">
        <ele>257.7</ele>
      </trkpt>
      <trkpt lat="43.5483" lon="3.18696">
        <ele>256.9</ele>
      </trkpt>
      <trkpt lat="43.54819" lon="3.18703">
        <ele>256.6</ele>
      </trkpt>
      <trkpt lat="43.54806" lon="3.18703">
        <ele>255.6</ele>
      </trkpt>
      <trkpt lat="43.54794" lon="3.18695">
        <ele>254.6</ele>
      </trkpt>
      <trkpt lat="43.5478" lon="3.18692">
        <ele>253.8</ele>
      </trkpt>
      <trkpt lat="43.54748" lon="3.18679">
        <ele>250.2</ele>
      </trkpt>
      <trkpt lat="43.54729" lon="3.18674">
        <ele>248.5</ele>
      </trkpt>
      <trkpt lat="43.54654" lon="3.18658">
        <ele>239</ele>
      </trkpt>
      <trkpt lat="43.54637" lon="3.18661">
        <ele>236.7</ele>
      </trkpt>
      <trkpt lat="43.54627" lon="3.18669">
        <ele>234.9</ele>
      </trkpt>
      <trkpt lat="43.54618" lon="3.18678">
        <ele>233.2</ele>
      </trkpt>
      <trkpt lat="43.54595" lon="3.18687">
        <ele>231</ele>
      </trkpt>
      <trkpt lat="43.5457" lon="3.18701">
        <ele>229.7</ele>
      </trkpt>
      <trkpt lat="43.54556" lon="3.18702">
        <ele>229.6</ele>
      </trkpt>
      <trkpt lat="43.54541" lon="3.18703">
        <ele>229.2</ele>
      </trkpt>
      <trkpt lat="43.54526" lon="3.18707">
        <ele>229.3</ele>
      </trkpt>
      <trkpt lat="43.54481" lon="3.18723">
        <ele>229.7</ele>
      </trkpt>
      <trkpt lat="43.54466" lon="3.18733">
        <ele>229.6</ele>
      </trkpt>
      <trkpt lat="43.54444" lon="3.18749">
        <ele>227.9</ele>
      </trkpt>
      <trkpt lat="43.54426" lon="3.18767">
        <ele>224.8</ele>
      </trkpt>
      <trkpt lat="43.54401" lon="3.18801">
        <ele>222.5</ele>
      </trkpt>
      <trkpt lat="43.54375" lon="3.18826">
        <ele>220.1</ele>
      </trkpt>
      <trkpt lat="43.54358" lon="3.18841">
        <ele>218.6</ele>
      </trkpt>
      <trkpt lat="43.54349" lon="3.18844">
        <ele>217.4</ele>
      </trkpt>
      <trkpt lat="43.5434" lon="3.18846">
        <ele>216.3</ele>
      </trkpt>
      <trkpt lat="43.54332" lon="3.18851">
        <ele>215.5</ele>
      </trkpt>
      <trkpt lat="43.54303" lon="3.18872">
        <ele>212.8</ele>
      </trkpt>
      <trkpt lat="43.54297" lon="3.18879">
        <ele>212.2</ele>
      </trkpt>
      <trkpt lat="43.5429" lon="3.18891">
        <ele>211.9</ele>
      </trkpt>
      <trkpt lat="43.54281" lon="3.18902">
        <ele>211.6</ele>
      </trkpt>
      <trkpt lat="43.54265" lon="3.18918">
        <ele>211.5</ele>
      </trkpt>
      <trkpt lat="43.5421" lon="3.18922">
        <ele>208.7</ele>
      </trkpt>
      <trkpt lat="43.54193" lon="3.18927">
        <ele>208.6</ele>
      </trkpt>
      <trkpt lat="43.5418" lon="3.18935">
        <ele>208.3</ele>
      </trkpt>
      <trkpt lat="43.54158" lon="3.18949">
        <ele>207.1</ele>
      </trkpt>
      <trkpt lat="43.5415" lon="3.18959">
        <ele>206.1</ele>
      </trkpt>
      <trkpt lat="43.54142" lon="3.18969">
        <ele>205.2</ele>
      </trkpt>
      <trkpt lat="43.54129" lon="3.18984">
        <ele>204.1</ele>
      </trkpt>
      <trkpt lat="43.54116" lon="3.18989">
        <ele>204</ele>
      </trkpt>
      <trkpt lat="43.54101" lon="3.18995">
        <ele>204.4</ele>
      </trkpt>
      <trkpt lat="43.54091" lon="3.19005">
        <ele>204</ele>
      </trkpt>
      <trkpt lat="43.54081" lon="3.19013">
        <ele>202.9</ele>
      </trkpt>
      <trkpt lat="43.54067" lon="3.19016">
        <ele>201.5</ele>
      </trkpt>
      <trkpt lat="43.54053" lon="3.19016">
        <ele>200.3</ele>
      </trkpt>
      <trkpt lat="43.54038" lon="3.19013">
        <ele>198.2</ele>
      </trkpt>
      <trkpt lat="43.54025" lon="3.19012">
        <ele>196.1</ele>
      </trkpt>
      <trkpt lat="43.54012" lon="3.19011">
        <ele>193.6</ele>
      </trkpt>
      <trkpt lat="43.54002" lon="3.19022">
        <ele>192.1</ele>
      </trkpt>
      <trkpt lat="43.53993" lon="3.19026">
        <ele>191.4</ele>
      </trkpt>
      <trkpt lat="43.53986" lon="3.19037">
        <ele>190.5</ele>
      </trkpt>
      <trkpt lat="43.53973" lon="3.19037">
        <ele>189.7</ele>
      </trkpt>
      <trkpt lat="43.53958" lon="3.19043">
        <ele>188.2</ele>
      </trkpt>
      <trkpt lat="43.53946" lon="3.19055">
        <ele>187.1</ele>
      </trkpt>
      <trkpt lat="43.53936" lon="3.19074">
        <ele>185.9</ele>
      </trkpt>
      <trkpt lat="43.53932" lon="3.1908">
        <ele>185.6</ele>
      </trkpt>
      <trkpt lat="43.53896" lon="3.19086">
        <ele>182.7</ele>
      </trkpt>
      <trkpt lat="43.53893" lon="3.1908">
        <ele>182.4</ele>
      </trkpt>
      <trkpt lat="43.53892" lon="3.18975">
        <ele>181.4</ele>
      </trkpt>
      <trkpt lat="43.539" lon="3.18953">
        <ele>181.6</ele>
      </trkpt>
      <trkpt lat="43.53897" lon="3.18932">
        <ele>180.8</ele>
      </trkpt>
      <trkpt lat="43.53863" lon="3.18847">
        <ele>177.1</ele>
      </trkpt>
      <trkpt lat="43.53854" lon="3.18836">
        <ele>177</ele>
      </trkpt>
      <trkpt lat="43.53849" lon="3.18834">
        <ele>177</ele>
      </trkpt>
      <trkpt lat="43.53832" lon="3.18844">
        <ele>176.6</ele>
      </trkpt>
      <trkpt lat="43.53824" lon="3.18844">
        <ele>176.5</ele>
      </trkpt>
      <trkpt lat="43.53816" lon="3.18837">
        <ele>176.8</ele>
      </trkpt>
      <trkpt lat="43.53727" lon="3.1883">
        <ele>176.5</ele>
      </trkpt>
      <trkpt lat="43.53713" lon="3.18838">
        <ele>174.7</ele>
      </trkpt>
      <trkpt lat="43.53696" lon="3.18852">
        <ele>171.9</ele>
      </trkpt>
      <trkpt lat="43.53691" lon="3.18861">
        <ele>171.7</ele>
      </trkpt>
      <trkpt lat="43.53681" lon="3.18869">
        <ele>171.2</ele>
      </trkpt>
      <trkpt lat="43.5366" lon="3.18884">
        <ele>170.3</ele>
      </trkpt>
      <trkpt lat="43.5365" lon="3.18893">
        <ele>169.9</ele>
      </trkpt>
      <trkpt lat="43.53633" lon="3.18908">
        <ele>169.5</ele>
      </trkpt>
      <trkpt lat="43.5362" lon="3.18915">
        <ele>169.3</ele>
      </trkpt>
      <trkpt lat="43.53599" lon="3.18917">
        <ele>168.5</ele>
      </trkpt>
      <trkpt lat="43.53577" lon="3.18932">
        <ele>167.6</ele>
      </trkpt>
      <trkpt lat="43.53548" lon="3.18968">
        <ele>165.9</ele>
      </trkpt>
      <trkpt lat="43.53538" lon="3.18982">
        <ele>165.4</ele>
      </trkpt>
      <trkpt lat="43.53525" lon="3.18993">
        <ele>165</ele>
      </trkpt>
      <trkpt lat="43.5351" lon="3.19011">
        <ele>164.4</ele>
      </trkpt>
      <trkpt lat="43.53503" lon="3.19015">
        <ele>164.1</ele>
      </trkpt>
      <trkpt lat="43.53491" lon="3.19022">
        <ele>164.1</ele>
      </trkpt>
      <trkpt lat="43.53477" lon="3.19021">
        <ele>164.4</ele>
      </trkpt>
      <trkpt lat="43.53462" lon="3.19029">
        <ele>164.3</ele>
      </trkpt>
      <trkpt lat="43.53453" lon="3.1903">
        <ele>164.6</ele>
      </trkpt>
      <trkpt lat="43.53445" lon="3.1903">
        <ele>164.8</ele>
      </trkpt>
      <trkpt lat="43.5343" lon="3.19028">
        <ele>165</ele>
      </trkpt>
      <trkpt lat="43.53402" lon="3.19018">
        <ele>165.2</ele>
      </trkpt>
      <trkpt lat="43.53391" lon="3.19018">
        <ele>165</ele>
      </trkpt>
      <trkpt lat="43.53365" lon="3.19037">
        <ele>165</ele>
      </trkpt>
      <trkpt lat="43.53352" lon="3.19052">
        <ele>164.8</ele>
      </trkpt>
      <trkpt lat="43.53319" lon="3.19107">
        <ele>163.6</ele>
      </trkpt>
      <trkpt lat="43.5327" lon="3.19182">
        <ele>161.8</ele>
      </trkpt>
      <trkpt lat="43.53255" lon="3.19198">
        <ele>161.3</ele>
      </trkpt>
      <trkpt lat="43.53239" lon="3.19206">
        <ele>161.3</ele>
      </trkpt>
      <trkpt lat="43.53224" lon="3.1921">
        <ele>161</ele>
      </trkpt>
      <trkpt lat="43.53193" lon="3.19224">
        <ele>160.9</ele>
      </trkpt>
      <trkpt lat="43.5311" lon="3.1927">
        <ele>157.8</ele>
      </trkpt>
      <trkpt lat="43.53079" lon="3.19285">
        <ele>156.8</ele>
      </trkpt>
      <trkpt lat="43.53056" lon="3.19288">
        <ele>155.7</ele>
      </trkpt>
      <trkpt lat="43.53038" lon="3.19286">
        <ele>155.3</ele>
      </trkpt>
      <trkpt lat="43.52929" lon="3.19281">
        <ele>153.1</ele>
      </trkpt>
      <trkpt lat="43.52898" lon="3.19287">
        <ele>152.9</ele>
      </trkpt>
      <trkpt lat="43.52883" lon="3.19297">
        <ele>153.5</ele>
      </trkpt>
      <trkpt lat="43.52816" lon="3.19304">
        <ele>153.3</ele>
      </trkpt>
      <trkpt lat="43.52781" lon="3.19309">
        <ele>153.4</ele>
      </trkpt>
      <trkpt lat="43.52705" lon="3.1933">
        <ele>152.1</ele>
      </trkpt>
      <trkpt lat="43.52619" lon="3.19353">
        <ele>152.3</ele>
      </trkpt>
      <trkpt lat="43.52602" lon="3.19361">
        <ele>152.3</ele>
      </trkpt>
      <trkpt lat="43.52582" lon="3.19384">
        <ele>152.6</ele>
      </trkpt>
      <trkpt lat="43.52533" lon="3.19492">
        <ele>153.5</ele>
      </trkpt>
      <trkpt lat="43.52507" lon="3.19538">
        <ele>154.2</ele>
      </trkpt>
      <trkpt lat="43.52493" lon="3.19572">
        <ele>154</ele>
      </trkpt>
      <trkpt lat="43.52474" lon="3.19629">
        <ele>154.8</ele>
      </trkpt>
      <trkpt lat="43.52425" lon="3.19665">
        <ele>149.3</ele>
      </trkpt>
      <trkpt lat="43.52393" lon="3.19679">
        <ele>148</ele>
      </trkpt>
      <trkpt lat="43.52396" lon="3.19705">
        <ele>144.6</ele>
      </trkpt>
      <trkpt lat="43.52385" lon="3.1971">
        <ele>144.3</ele>
      </trkpt>
      <trkpt lat="43.52357" lon="3.19711">
        <ele>145.1</ele>
      </trkpt>
      <trkpt lat="43.52336" lon="3.19707">
        <ele>146.1</ele>
      </trkpt>
      <trkpt lat="43.52319" lon="3.197">
        <ele>145.9</ele>
      </trkpt>
      <trkpt lat="43.52304" lon="3.1969">
        <ele>144.8</ele>
      </trkpt>
      <trkpt lat="43.52291" lon="3.19734">
        <ele>140.3</ele>
      </trkpt>
      <trkpt lat="43.52286" lon="3.19736">
        <ele>139.8</ele>
      </trkpt>
      <trkpt lat="43.52281" lon="3.19751">
        <ele>139.2</ele>
      </trkpt>
      <trkpt lat="43.52277" lon="3.19753">
        <ele>139</ele>
        <time>2024-05-13T11:24:27+00:00</time>
      </trkpt>
      <trkpt lat="43.52273" lon="3.197">
        <ele>140</ele>
        <time>2024-05-13T11:24:44+00:00</time>
      </trkpt>
      <trkpt lat="43.52236" lon="3.19596">
        <ele>138.4</ele>
        <time>2024-05-13T11:25:16+00:00</time>
      </trkpt>
      <trkpt lat="43.52214" lon="3.19597">
        <ele>139.1</ele>
      </trkpt>
      <trkpt lat="43.52206" lon="3.19591">
        <ele>139</ele>
      </trkpt>
      <trkpt lat="43.5205" lon="3.19548">
        <ele>139.5</ele>
      </trkpt>
      <trkpt lat="43.51989" lon="3.19527">
        <ele>140</ele>
      </trkpt>
      <trkpt lat="43.51891" lon="3.19589">
        <ele>141.9</ele>
      </trkpt>
      <trkpt lat="43.51779" lon="3.196">
        <ele>142.6</ele>
      </trkpt>
      <trkpt lat="43.51745" lon="3.19591">
        <ele>142.3</ele>
      </trkpt>
      <trkpt lat="43.51738" lon="3.19579">
        <ele>141.8</ele>
      </trkpt>
      <trkpt lat="43.51669" lon="3.19608">
        <ele>144</ele>
      </trkpt>
      <trkpt lat="43.51532" lon="3.19544">
        <ele>143.9</ele>
      </trkpt>
      <trkpt lat="43.51332" lon="3.19503">
        <ele>141</ele>
      </trkpt>
      <trkpt lat="43.51285" lon="3.19513">
        <ele>139.4</ele>
      </trkpt>
      <trkpt lat="43.51244" lon="3.1951">
        <ele>137.1</ele>
      </trkpt>
      <trkpt lat="43.5121" lon="3.19503">
        <ele>136.1</ele>
      </trkpt>
      <trkpt lat="43.51154" lon="3.19461">
        <ele>134.2</ele>
      </trkpt>
      <trkpt lat="43.50967" lon="3.19455">
        <ele>131.9</ele>
      </trkpt>
      <trkpt lat="43.50871" lon="3.1941">
        <ele>129</ele>
      </trkpt>
      <trkpt lat="43.50725" lon="3.19375">
        <ele>127.1</ele>
      </trkpt>
      <trkpt lat="43.50514" lon="3.19265">
        <ele>125</ele>
      </trkpt>
      <trkpt lat="43.50409" lon="3.19263">
        <ele>123.2</ele>
      </trkpt>
      <trkpt lat="43.50395" lon="3.19271">
        <ele>123</ele>
      </trkpt>
      <trkpt lat="43.50371" lon="3.1932">
        <ele>124.5</ele>
      </trkpt>
      <trkpt lat="43.50321" lon="3.19406">
        <ele>126.6</ele>
      </trkpt>
      <trkpt lat="43.50312" lon="3.19416">
        <ele>127</ele>
      </trkpt>
      <trkpt lat="43.50282" lon="3.19447">
        <ele>127.1</ele>
      </trkpt>
      <trkpt lat="43.50262" lon="3.19468">
        <ele>126.9</ele>
      </trkpt>
      <trkpt lat="43.50242" lon="3.1948">
        <ele>127.3</ele>
      </trkpt>
      <trkpt lat="43.50232" lon="3.19512">
        <ele>127.7</ele>
      </trkpt>
      <trkpt lat="43.50222" lon="3.19532">
        <ele>128</ele>
      </trkpt>
      <trkpt lat="43.50204" lon="3.19546">
        <ele>128.7</ele>
      </trkpt>
      <trkpt lat="43.50171" lon="3.19556">
        <ele>129.9</ele>
      </trkpt>
      <trkpt lat="43.50139" lon="3.19571">
        <ele>131</ele>
      </trkpt>
      <trkpt lat="43.50004" lon="3.19671">
        <ele>132.9</ele>
      </trkpt>
      <trkpt lat="43.49974" lon="3.19689">
        <ele>132.2</ele>
      </trkpt>
      <trkpt lat="43.49901" lon="3.19731">
        <ele>130.5</ele>
      </trkpt>
      <trkpt lat="43.49846" lon="3.19759">
        <ele>129</ele>
      </trkpt>
      <trkpt lat="43.49775" lon="3.1979">
        <ele>128</ele>
      </trkpt>
      <trkpt lat="43.49756" lon="3.19795">
        <ele>128.5</ele>
      </trkpt>
      <trkpt lat="43.49653" lon="3.19801">
        <ele>126.4</ele>
      </trkpt>
      <trkpt lat="43.49548" lon="3.1982">
        <ele>123</ele>
      </trkpt>
      <trkpt lat="43.49488" lon="3.1984">
        <ele>122.8</ele>
      </trkpt>
      <trkpt lat="43.49471" lon="3.19844">
        <ele>122.6</ele>
      </trkpt>
      <trkpt lat="43.49443" lon="3.19845">
        <ele>122.6</ele>
      </trkpt>
      <trkpt lat="43.49426" lon="3.19851">
        <ele>122.4</ele>
      </trkpt>
      <trkpt lat="43.49402" lon="3.19865">
        <ele>122</ele>
      </trkpt>
      <trkpt lat="43.49338" lon="3.19911">
        <ele>121.2</ele>
      </trkpt>
      <trkpt lat="43.49315" lon="3.19926">
        <ele>121.4</ele>
      </trkpt>
      <trkpt lat="43.4929" lon="3.19937">
        <ele>121.3</ele>
      </trkpt>
      <trkpt lat="43.49271" lon="3.19943">
        <ele>121.1</ele>
      </trkpt>
      <trkpt lat="43.49211" lon="3.1996">
        <ele>119.9</ele>
      </trkpt>
      <trkpt lat="43.49179" lon="3.19977">
        <ele>118.8</ele>
      </trkpt>
      <trkpt lat="43.49134" lon="3.20003">
        <ele>117.9</ele>
      </trkpt>
      <trkpt lat="43.49103" lon="3.20015">
        <ele>117.3</ele>
      </trkpt>
      <trkpt lat="43.49079" lon="3.20024">
        <ele>116.4</ele>
      </trkpt>
      <trkpt lat="43.48974" lon="3.20076">
        <ele>113.6</ele>
      </trkpt>
      <trkpt lat="43.48952" lon="3.20083">
        <ele>113</ele>
      </trkpt>
      <trkpt lat="43.48851" lon="3.20101">
        <ele>110.3</ele>
      </trkpt>
      <trkpt lat="43.48799" lon="3.20107">
        <ele>108.9</ele>
      </trkpt>
      <trkpt lat="43.48759" lon="3.20133">
        <ele>109.8</ele>
      </trkpt>
      <trkpt lat="43.48734" lon="3.20138">
        <ele>109.4</ele>
      </trkpt>
      <trkpt lat="43.4871" lon="3.20147">
        <ele>108.5</ele>
      </trkpt>
      <trkpt lat="43.48673" lon="3.20171">
        <ele>107</ele>
      </trkpt>
      <trkpt lat="43.48655" lon="3.20186">
        <ele>105.3</ele>
      </trkpt>
      <trkpt lat="43.48633" lon="3.20221">
        <ele>105.7</ele>
      </trkpt>
      <trkpt lat="43.48588" lon="3.20272">
        <ele>106.2</ele>
      </trkpt>
      <trkpt lat="43.48545" lon="3.20317">
        <ele>107</ele>
      </trkpt>
      <trkpt lat="43.48534" lon="3.2032">
        <ele>106.5</ele>
      </trkpt>
      <trkpt lat="43.48504" lon="3.20309">
        <ele>106</ele>
      </trkpt>
      <trkpt lat="43.48481" lon="3.2031">
        <ele>106.9</ele>
      </trkpt>
      <trkpt lat="43.48456" lon="3.2032">
        <ele>107</ele>
      </trkpt>
      <trkpt lat="43.48425" lon="3.20342">
        <ele>105.8</ele>
      </trkpt>
      <trkpt lat="43.48393" lon="3.20384">
        <ele>105.1</ele>
      </trkpt>
      <trkpt lat="43.48371" lon="3.2042">
        <ele>104.4</ele>
      </trkpt>
      <trkpt lat="43.48355" lon="3.20459">
        <ele>103.5</ele>
      </trkpt>
      <trkpt lat="43.48321" lon="3.20572">
        <ele>99</ele>
      </trkpt>
      <trkpt lat="43.48323" lon="3.20617">
        <ele>101.1</ele>
      </trkpt>
      <trkpt lat="43.48305" lon="3.20691">
        <ele>102.6</ele>
      </trkpt>
      <trkpt lat="43.48259" lon="3.20757">
        <ele>104.2</ele>
      </trkpt>
      <trkpt lat="43.48236" lon="3.20774">
        <ele>105.3</ele>
      </trkpt>
      <trkpt lat="43.48177" lon="3.20788">
        <ele>105.9</ele>
      </trkpt>
      <trkpt lat="43.48126" lon="3.20813">
        <ele>105.8</ele>
      </trkpt>
      <trkpt lat="43.48089" lon="3.20833">
        <ele>105.3</ele>
      </trkpt>
      <trkpt lat="43.48074" lon="3.20845">
        <ele>104.7</ele>
      </trkpt>
      <trkpt lat="43.48033" lon="3.2091">
        <ele>105.6</ele>
      </trkpt>
      <trkpt lat="43.47989" lon="3.2095">
        <ele>106.1</ele>
      </trkpt>
      <trkpt lat="43.47975" lon="3.20958">
        <ele>106.1</ele>
      </trkpt>
      <trkpt lat="43.47927" lon="3.21006">
        <ele>105.5</ele>
      </trkpt>
      <trkpt lat="43.47887" lon="3.21061">
        <ele>105</ele>
      </trkpt>
      <trkpt lat="43.47881" lon="3.21065">
        <ele>105</ele>
      </trkpt>
      <trkpt lat="43.47823" lon="3.21109">
        <ele>103.6</ele>
      </trkpt>
      <trkpt lat="43.4775" lon="3.21148">
        <ele>102</ele>
      </trkpt>
      <trkpt lat="43.47701" lon="3.21183">
        <ele>100.2</ele>
      </trkpt>
      <trkpt lat="43.47665" lon="3.21214">
        <ele>98.9</ele>
      </trkpt>
      <trkpt lat="43.4765" lon="3.21232">
        <ele>99.1</ele>
      </trkpt>
      <trkpt lat="43.47625" lon="3.21283">
        <ele>101.6</ele>
      </trkpt>
      <trkpt lat="43.47554" lon="3.21398">
        <ele>100.6</ele>
      </trkpt>
      <trkpt lat="43.4754" lon="3.21415">
        <ele>100</ele>
      </trkpt>
      <trkpt lat="43.47537" lon="3.21426">
        <ele>100</ele>
      </trkpt>
      <trkpt lat="43.47519" lon="3.2149">
        <ele>100</ele>
      </trkpt>
      <trkpt lat="43.47567" lon="3.21575">
        <ele>101.4</ele>
      </trkpt>
      <trkpt lat="43.4756" lon="3.21605">
        <ele>102.8</ele>
      </trkpt>
      <trkpt lat="43.47561" lon="3.21632">
        <ele>103.1</ele>
      </trkpt>
      <trkpt lat="43.47568" lon="3.21657">
        <ele>104.1</ele>
      </trkpt>
      <trkpt lat="43.47675" lon="3.21793">
        <ele>110.8</ele>
      </trkpt>
      <trkpt lat="43.47736" lon="3.21897">
        <ele>115.6</ele>
      </trkpt>
      <trkpt lat="43.47736" lon="3.21909">
        <ele>115.9</ele>
      </trkpt>
      <trkpt lat="43.47724" lon="3.21966">
        <ele>118.8</ele>
      </trkpt>
      <trkpt lat="43.47818" lon="3.22178">
        <ele>124.4</ele>
      </trkpt>
      <trkpt lat="43.47835" lon="3.22191">
        <ele>124</ele>
      </trkpt>
      <trkpt lat="43.47894" lon="3.22192">
        <ele>130.1</ele>
      </trkpt>
      <trkpt lat="43.47898" lon="3.22194">
        <ele>130.3</ele>
      </trkpt>
      <trkpt lat="43.47901" lon="3.22243">
        <ele>132.6</ele>
      </trkpt>
      <trkpt lat="43.47917" lon="3.22314">
        <ele>125.2</ele>
      </trkpt>
      <trkpt lat="43.47929" lon="3.22359">
        <ele>131</ele>
      </trkpt>
      <trkpt lat="43.47952" lon="3.22413">
        <ele>129.4</ele>
      </trkpt>
      <trkpt lat="43.47962" lon="3.22449">
        <ele>130.8</ele>
      </trkpt>
      <trkpt lat="43.47971" lon="3.22507">
        <ele>133.2</ele>
      </trkpt>
      <trkpt lat="43.47979" lon="3.22565">
        <ele>134.3</ele>
      </trkpt>
      <trkpt lat="43.48009" lon="3.22679">
        <ele>133.9</ele>
      </trkpt>
      <trkpt lat="43.48027" lon="3.22736">
        <ele>132.5</ele>
      </trkpt>
      <trkpt lat="43.48045" lon="3.22771">
        <ele>131.9</ele>
      </trkpt>
      <trkpt lat="43.48044" lon="3.22791">
        <ele>124.8</ele>
      </trkpt>
      <trkpt lat="43.48038" lon="3.22823">
        <ele>130.5</ele>
      </trkpt>
      <trkpt lat="43.4804" lon="3.22846">
        <ele>130.2</ele>
      </trkpt>
      <trkpt lat="43.48051" lon="3.22898">
        <ele>128.7</ele>
      </trkpt>
      <trkpt lat="43.48056" lon="3.22969">
        <ele>119</ele>
      </trkpt>
      <trkpt lat="43.48055" lon="3.23068">
        <ele>122.7</ele>
      </trkpt>
      <trkpt lat="43.4805" lon="3.23083">
        <ele>121.2</ele>
      </trkpt>
      <trkpt lat="43.48042" lon="3.23098">
        <ele>119.9</ele>
      </trkpt>
      <trkpt lat="43.48028" lon="3.23136">
        <ele>110</ele>
      </trkpt>
      <trkpt lat="43.4802" lon="3.23164">
        <ele>114.9</ele>
      </trkpt>
      <trkpt lat="43.48022" lon="3.23174">
        <ele>114.8</ele>
      </trkpt>
      <trkpt lat="43.48057" lon="3.23198">
        <ele>114.5</ele>
      </trkpt>
      <trkpt lat="43.48061" lon="3.23212">
        <ele>116.3</ele>
      </trkpt>
      <trkpt lat="43.4804" lon="3.23273">
        <ele>116.8</ele>
      </trkpt>
      <trkpt lat="43.48045" lon="3.23286">
        <ele>120.6</ele>
      </trkpt>
      <trkpt lat="43.48083" lon="3.23345">
        <ele>123.4</ele>
      </trkpt>
      <trkpt lat="43.48126" lon="3.23378">
        <ele>119.8</ele>
      </trkpt>
      <trkpt lat="43.4814" lon="3.23401">
        <ele>124.4</ele>
      </trkpt>
      <trkpt lat="43.48173" lon="3.23487">
        <ele>126</ele>
      </trkpt>
      <trkpt lat="43.4819" lon="3.23542">
        <ele>126.5</ele>
      </trkpt>
      <trkpt lat="43.48243" lon="3.23697">
        <ele>132.2</ele>
      </trkpt>
      <trkpt lat="43.48265" lon="3.237">
        <ele>132.3</ele>
      </trkpt>
      <trkpt lat="43.48283" lon="3.23721">
        <ele>133.7</ele>
      </trkpt>
      <trkpt lat="43.48318" lon="3.23764">
        <ele>135.3</ele>
      </trkpt>
      <trkpt lat="43.48339" lon="3.23801">
        <ele>128.2</ele>
      </trkpt>
      <trkpt lat="43.48361" lon="3.23852">
        <ele>134.7</ele>
      </trkpt>
      <trkpt lat="43.4837" lon="3.23881">
        <ele>124.4</ele>
      </trkpt>
      <trkpt lat="43.48376" lon="3.23934">
        <ele>132.6</ele>
      </trkpt>
      <trkpt lat="43.48404" lon="3.23991">
        <ele>129.2</ele>
      </trkpt>
      <trkpt lat="43.48411" lon="3.24015">
        <ele>127.8</ele>
      </trkpt>
      <trkpt lat="43.48446" lon="3.24153">
        <ele>126.1</ele>
      </trkpt>
      <trkpt lat="43.48451" lon="3.24186">
        <ele>126.3</ele>
      </trkpt>
      <trkpt lat="43.48473" lon="3.24251">
        <ele>128.2</ele>
      </trkpt>
      <trkpt lat="43.48505" lon="3.2431">
        <ele>132.3</ele>
      </trkpt>
      <trkpt lat="43.48577" lon="3.24447">
        <ele>131.7</ele>
      </trkpt>
      <trkpt lat="43.48578" lon="3.24465">
        <ele>131.1</ele>
      </trkpt>
      <trkpt lat="43.48567" lon="3.24475">
        <ele>123.4</ele>
      </trkpt>
      <trkpt lat="43.4856" lon="3.24485">
        <ele>130.2</ele>
      </trkpt>
      <trkpt lat="43.48572" lon="3.24537">
        <ele>130</ele>
      </trkpt>
      <trkpt lat="43.48589" lon="3.24592">
        <ele>130</ele>
      </trkpt>
      <trkpt lat="43.48609" lon="3.24644">
        <ele>129.7</ele>
      </trkpt>
      <trkpt lat="43.48632" lon="3.24728">
        <ele>126.2</ele>
      </trkpt>
      <trkpt lat="43.48634" lon="3.24763">
        <ele>123.1</ele>
      </trkpt>
      <trkpt lat="43.48628" lon="3.24847">
        <ele>118.3</ele>
      </trkpt>
      <trkpt lat="43.48627" lon="3.24884">
        <ele>114.4</ele>
      </trkpt>
      <trkpt lat="43.4862" lon="3.24899">
        <ele>113.5</ele>
      </trkpt>
      <trkpt lat="43.4861" lon="3.2491">
        <ele>113</ele>
      </trkpt>
      <trkpt lat="43.48596" lon="3.24915">
        <ele>113.3</ele>
      </trkpt>
      <trkpt lat="43.48591" lon="3.24937">
        <ele>111.4</ele>
      </trkpt>
      <trkpt lat="43.48626" lon="3.24995">
        <ele>112.1</ele>
      </trkpt>
      <trkpt lat="43.48644" lon="3.25035">
        <ele>113.4</ele>
      </trkpt>
      <trkpt lat="43.48704" lon="3.2514">
        <ele>116.7</ele>
      </trkpt>
      <trkpt lat="43.48733" lon="3.25185">
        <ele>118.7</ele>
      </trkpt>
      <trkpt lat="43.48735" lon="3.25193">
        <ele>112.6</ele>
      </trkpt>
      <trkpt lat="43.48697" lon="3.25253">
        <ele>117.4</ele>
      </trkpt>
      <trkpt lat="43.48659" lon="3.25309">
        <ele>116.4</ele>
      </trkpt>
      <trkpt lat="43.48645" lon="3.25317">
        <ele>115.4</ele>
      </trkpt>
      <trkpt lat="43.48622" lon="3.25326">
        <ele>114.4</ele>
      </trkpt>
      <trkpt lat="43.48565" lon="3.25363">
        <ele>112.3</ele>
      </trkpt>
      <trkpt lat="43.48528" lon="3.25396">
        <ele>110.3</ele>
      </trkpt>
      <trkpt lat="43.48496" lon="3.25429">
        <ele>109.4</ele>
      </trkpt>
      <trkpt lat="43.48464" lon="3.25469">
        <ele>107.5</ele>
      </trkpt>
      <trkpt lat="43.48462" lon="3.25477">
        <ele>107.4</ele>
      </trkpt>
      <trkpt lat="43.48461" lon="3.25497">
        <ele>108.1</ele>
      </trkpt>
      <trkpt lat="43.48456" lon="3.25509">
        <ele>102.4</ele>
      </trkpt>
      <trkpt lat="43.48435" lon="3.25526">
        <ele>109.2</ele>
      </trkpt>
      <trkpt lat="43.4839" lon="3.25587">
        <ele>109.2</ele>
      </trkpt>
      <trkpt lat="43.48392" lon="3.25593">
        <ele>109.7</ele>
      </trkpt>
      <trkpt lat="43.48414" lon="3.25648">
        <ele>115.3</ele>
      </trkpt>
      <trkpt lat="43.48439" lon="3.25693">
        <ele>118.6</ele>
      </trkpt>
      <trkpt lat="43.48448" lon="3.25728">
        <ele>110.8</ele>
      </trkpt>
      <trkpt lat="43.48443" lon="3.2574">
        <ele>118</ele>
      </trkpt>
      <trkpt lat="43.48432" lon="3.25752">
        <ele>116.2</ele>
      </trkpt>
      <trkpt lat="43.48431" lon="3.25766">
        <ele>115.7</ele>
      </trkpt>
      <trkpt lat="43.4847" lon="3.25835">
        <ele>118.5</ele>
      </trkpt>
      <trkpt lat="43.4848" lon="3.25844">
        <ele>118.6</ele>
      </trkpt>
      <trkpt lat="43.48472" lon="3.25852">
        <ele>116.9</ele>
      </trkpt>
      <trkpt lat="43.48462" lon="3.25849">
        <ele>115.9</ele>
      </trkpt>
      <trkpt lat="43.48405" lon="3.25877">
        <ele>101</ele>
      </trkpt>
      <trkpt lat="43.48384" lon="3.25884">
        <ele>109</ele>
      </trkpt>
      <trkpt lat="43.48342" lon="3.25889">
        <ele>99.4</ele>
      </trkpt>
      <trkpt lat="43.48335" lon="3.25894">
        <ele>106.1</ele>
      </trkpt>
      <trkpt lat="43.48358" lon="3.25935">
        <ele>99.2</ele>
      </trkpt>
      <trkpt lat="43.48391" lon="3.25986">
        <ele>106.6</ele>
      </trkpt>
      <trkpt lat="43.48434" lon="3.2606">
        <ele>97.4</ele>
      </trkpt>
      <trkpt lat="43.48451" lon="3.26093">
        <ele>104.4</ele>
      </trkpt>
      <trkpt lat="43.48462" lon="3.26136">
        <ele>105.6</ele>
      </trkpt>
      <trkpt lat="43.4851" lon="3.26243">
        <ele>96.4</ele>
      </trkpt>
      <trkpt lat="43.48515" lon="3.26262">
        <ele>103.6</ele>
      </trkpt>
      <trkpt lat="43.48511" lon="3.26277">
        <ele>95.2</ele>
      </trkpt>
      <trkpt lat="43.48384" lon="3.26429">
        <ele>87.8</ele>
      </trkpt>
      <trkpt lat="43.48376" lon="3.26447">
        <ele>96</ele>
      </trkpt>
      <trkpt lat="43.48374" lon="3.26493">
        <ele>87.4</ele>
      </trkpt>
      <trkpt lat="43.4838" lon="3.26525">
        <ele>95</ele>
      </trkpt>
      <trkpt lat="43.48385" lon="3.26575">
        <ele>87.6</ele>
      </trkpt>
      <trkpt lat="43.48388" lon="3.26609">
        <ele>93.1</ele>
      </trkpt>
      <trkpt lat="43.48385" lon="3.26648">
        <ele>92.8</ele>
      </trkpt>
      <trkpt lat="43.48391" lon="3.26661">
        <ele>92.3</ele>
      </trkpt>
      <trkpt lat="43.48424" lon="3.26699">
        <ele>94.2</ele>
      </trkpt>
      <trkpt lat="43.4846" lon="3.26731">
        <ele>88.6</ele>
      </trkpt>
      <trkpt lat="43.48469" lon="3.26743">
        <ele>94.9</ele>
      </trkpt>
      <trkpt lat="43.48464" lon="3.26776">
        <ele>94.7</ele>
      </trkpt>
      <trkpt lat="43.48462" lon="3.26793">
        <ele>94.9</ele>
      </trkpt>
      <trkpt lat="43.48464" lon="3.26812">
        <ele>87.4</ele>
      </trkpt>
      <trkpt lat="43.48489" lon="3.26888">
        <ele>94.6</ele>
      </trkpt>
      <trkpt lat="43.48505" lon="3.26948">
        <ele>91.6</ele>
      </trkpt>
      <trkpt lat="43.48552" lon="3.27105">
        <ele>90.7</ele>
      </trkpt>
      <trkpt lat="43.48564" lon="3.27153">
        <ele>83</ele>
      </trkpt>
      <trkpt lat="43.48571" lon="3.27191">
        <ele>90</ele>
      </trkpt>
      <trkpt lat="43.48571" lon="3.27253">
        <ele>81</ele>
      </trkpt>
      <trkpt lat="43.48569" lon="3.27298">
        <ele>88</ele>
      </trkpt>
      <trkpt lat="43.48559" lon="3.27339">
        <ele>78.8</ele>
      </trkpt>
      <trkpt lat="43.48526" lon="3.27406">
        <ele>85.4</ele>
      </trkpt>
      <trkpt lat="43.48503" lon="3.27454">
        <ele>82.8</ele>
      </trkpt>
      <trkpt lat="43.48478" lon="3.27537">
        <ele>80.7</ele>
      </trkpt>
      <trkpt lat="43.48468" lon="3.27561">
        <ele>80.1</ele>
      </trkpt>
      <trkpt lat="43.48466" lon="3.27602">
        <ele>82.6</ele>
      </trkpt>
      <trkpt lat="43.48435" lon="3.27691">
        <ele>84.2</ele>
      </trkpt>
      <trkpt lat="43.48404" lon="3.27778">
        <ele>84.5</ele>
      </trkpt>
      <trkpt lat="43.48408" lon="3.27806">
        <ele>84.4</ele>
      </trkpt>
      <trkpt lat="43.484" lon="3.2781">
        <ele>83.9</ele>
      </trkpt>
      <trkpt lat="43.48385" lon="3.27812">
        <ele>82.6</ele>
      </trkpt>
      <trkpt lat="43.48375" lon="3.27811">
        <ele>81</ele>
      </trkpt>
      <trkpt lat="43.48361" lon="3.27807">
        <ele>79</ele>
      </trkpt>
      <trkpt lat="43.48334" lon="3.2783">
        <ele>74.3</ele>
      </trkpt>
      <trkpt lat="43.48329" lon="3.27836">
        <ele>73.7</ele>
      </trkpt>
      <trkpt lat="43.48321" lon="3.2784">
        <ele>73.2</ele>
      </trkpt>
      <trkpt lat="43.483" lon="3.27874">
        <ele>72.7</ele>
      </trkpt>
      <trkpt lat="43.48297" lon="3.27889">
        <ele>72</ele>
      </trkpt>
      <trkpt lat="43.48306" lon="3.27926">
        <ele>71.8</ele>
      </trkpt>
      <trkpt lat="43.48309" lon="3.2796">
        <ele>71.3</ele>
      </trkpt>
      <trkpt lat="43.4826" lon="3.27961">
        <ele>71.9</ele>
      </trkpt>
      <trkpt lat="43.48258" lon="3.27977">
        <ele>70.3</ele>
      </trkpt>
      <trkpt lat="43.48216" lon="3.28034">
        <ele>68.6</ele>
      </trkpt>
      <trkpt lat="43.4821" lon="3.2805">
        <ele>69.7</ele>
      </trkpt>
      <trkpt lat="43.48212" lon="3.28084">
        <ele>70.4</ele>
      </trkpt>
      <trkpt lat="43.48206" lon="3.28094">
        <ele>70.7</ele>
      </trkpt>
      <trkpt lat="43.48182" lon="3.28111">
        <ele>71</ele>
      </trkpt>
      <trkpt lat="43.48109" lon="3.28189">
        <ele>65.6</ele>
      </trkpt>
      <trkpt lat="43.48101" lon="3.28207">
        <ele>71.1</ele>
      </trkpt>
      <trkpt lat="43.48105" lon="3.28218">
        <ele>72</ele>
      </trkpt>
      <trkpt lat="43.48159" lon="3.28268">
        <ele>74.6</ele>
      </trkpt>
      <trkpt lat="43.48164" lon="3.28281">
        <ele>68</ele>
      </trkpt>
      <trkpt lat="43.48152" lon="3.2829">
        <ele>75.5</ele>
      </trkpt>
      <trkpt lat="43.48133" lon="3.28307">
        <ele>74.7</ele>
      </trkpt>
      <trkpt lat="43.48095" lon="3.28331">
        <ele>75.1</ele>
      </trkpt>
      <trkpt lat="43.48057" lon="3.28348">
        <ele>68.4</ele>
      </trkpt>
      <trkpt lat="43.48041" lon="3.28354">
        <ele>73.2</ele>
      </trkpt>
      <trkpt lat="43.48032" lon="3.2837">
        <ele>73.9</ele>
      </trkpt>
      <trkpt lat="43.48" lon="3.28447">
        <ele>74.8</ele>
      </trkpt>
      <trkpt lat="43.47996" lon="3.28464">
        <ele>73.4</ele>
      </trkpt>
      <trkpt lat="43.48003" lon="3.28502">
        <ele>74.1</ele>
      </trkpt>
      <trkpt lat="43.47999" lon="3.28514">
        <ele>73.5</ele>
      </trkpt>
      <trkpt lat="43.4795" lon="3.2856">
        <ele>71.7</ele>
      </trkpt>
      <trkpt lat="43.47923" lon="3.28592">
        <ele>71.1</ele>
      </trkpt>
      <trkpt lat="43.47892" lon="3.28643">
        <ele>60.4</ele>
      </trkpt>
      <trkpt lat="43.47761" lon="3.2875">
        <ele>57.6</ele>
      </trkpt>
      <trkpt lat="43.47757" lon="3.28761">
        <ele>65.1</ele>
      </trkpt>
      <trkpt lat="43.47759" lon="3.28771">
        <ele>57.8</ele>
      </trkpt>
      <trkpt lat="43.47774" lon="3.28808">
        <ele>64.9</ele>
      </trkpt>
      <trkpt lat="43.47806" lon="3.2886">
        <ele>65.9</ele>
      </trkpt>
      <trkpt lat="43.47846" lon="3.28931">
        <ele>59</ele>
      </trkpt>
      <trkpt lat="43.47852" lon="3.28973">
        <ele>59</ele>
      </trkpt>
      <trkpt lat="43.47848" lon="3.28996">
        <ele>66.4</ele>
      </trkpt>
      <trkpt lat="43.47845" lon="3.29006">
        <ele>58.8</ele>
      </trkpt>
      <trkpt lat="43.47812" lon="3.29037">
        <ele>58.8</ele>
      </trkpt>
      <trkpt lat="43.47764" lon="3.29065">
        <ele>65.9</ele>
      </trkpt>
      <trkpt lat="43.47746" lon="3.29075">
        <ele>65.7</ele>
      </trkpt>
      <trkpt lat="43.47725" lon="3.29076">
        <ele>65.3</ele>
      </trkpt>
      <trkpt lat="43.4771" lon="3.29087">
        <ele>65.6</ele>
      </trkpt>
      <trkpt lat="43.47699" lon="3.29108">
        <ele>65.2</ele>
      </trkpt>
      <trkpt lat="43.47653" lon="3.29196">
        <ele>65</ele>
      </trkpt>
      <trkpt lat="43.47619" lon="3.29255">
        <ele>65</ele>
      </trkpt>
      <trkpt lat="43.47601" lon="3.29275">
        <ele>65</ele>
      </trkpt>
      <trkpt lat="43.47581" lon="3.29285">
        <ele>65</ele>
      </trkpt>
      <trkpt lat="43.47495" lon="3.29313">
        <ele>55</ele>
      </trkpt>
      <trkpt lat="43.47489" lon="3.29325">
        <ele>55.6</ele>
      </trkpt>
      <trkpt lat="43.4749" lon="3.29335">
        <ele>62.1</ele>
      </trkpt>
      <trkpt lat="43.47529" lon="3.29385">
        <ele>63.7</ele>
      </trkpt>
      <trkpt lat="43.47531" lon="3.29394">
        <ele>59</ele>
      </trkpt>
      <trkpt lat="43.47513" lon="3.29425">
        <ele>65.9</ele>
      </trkpt>
      <trkpt lat="43.47498" lon="3.29462">
        <ele>67.5</ele>
      </trkpt>
      <trkpt lat="43.47492" lon="3.29462">
        <ele>67.2</ele>
      </trkpt>
      <trkpt lat="43.47484" lon="3.29458">
        <ele>66.6</ele>
      </trkpt>
      <trkpt lat="43.47478" lon="3.29465">
        <ele>66.8</ele>
      </trkpt>
      <trkpt lat="43.47453" lon="3.29502">
        <ele>67.7</ele>
      </trkpt>
      <trkpt lat="43.47435" lon="3.2952">
        <ele>66.2</ele>
      </trkpt>
      <trkpt lat="43.47417" lon="3.29545">
        <ele>64.8</ele>
      </trkpt>
      <trkpt lat="43.47393" lon="3.29601">
        <ele>56.4</ele>
      </trkpt>
      <trkpt lat="43.47381" lon="3.29612">
        <ele>65.6</ele>
      </trkpt>
      <trkpt lat="43.47324" lon="3.29661">
        <ele>65.8</ele>
      </trkpt>
      <trkpt lat="43.47315" lon="3.29663">
        <ele>65.8</ele>
      </trkpt>
      <trkpt lat="43.4724" lon="3.29627">
        <ele>62.6</ele>
      </trkpt>
      <trkpt lat="43.47231" lon="3.29623">
        <ele>62.4</ele>
      </trkpt>
      <trkpt lat="43.47214" lon="3.29628">
        <ele>64</ele>
      </trkpt>
      <trkpt lat="43.47205" lon="3.29625">
        <ele>64</ele>
      </trkpt>
      <trkpt lat="43.47186" lon="3.29616">
        <ele>62</ele>
      </trkpt>
      <trkpt lat="43.47162" lon="3.29611">
        <ele>61</ele>
      </trkpt>
      <trkpt lat="43.47145" lon="3.29613">
        <ele>61.1</ele>
      </trkpt>
      <trkpt lat="43.47125" lon="3.29612">
        <ele>61</ele>
      </trkpt>
      <trkpt lat="43.47076" lon="3.2964">
        <ele>61.5</ele>
      </trkpt>
      <trkpt lat="43.47112" lon="3.29693">
        <ele>63</ele>
      </trkpt>
      <trkpt lat="43.47127" lon="3.29703">
        <ele>64.5</ele>
      </trkpt>
      <trkpt lat="43.47146" lon="3.29704">
        <ele>66.8</ele>
      </trkpt>
      <trkpt lat="43.47166" lon="3.29712">
        <ele>70.6</ele>
      </trkpt>
      <trkpt lat="43.47192" lon="3.29738">
        <ele>75.3</ele>
      </trkpt>
      <trkpt lat="43.47232" lon="3.29786">
        <ele>79.7</ele>
      </trkpt>
      <trkpt lat="43.47243" lon="3.29796">
        <ele>80.4</ele>
      </trkpt>
      <trkpt lat="43.473" lon="3.29842">
        <ele>81.3</ele>
      </trkpt>
      <trkpt lat="43.47302" lon="3.29849">
        <ele>81.6</ele>
      </trkpt>
      <trkpt lat="43.47266" lon="3.29901">
        <ele>82.4</ele>
      </trkpt>
      <trkpt lat="43.47253" lon="3.29926">
        <ele>78</ele>
      </trkpt>
      <trkpt lat="43.47237" lon="3.29948">
        <ele>83.6</ele>
      </trkpt>
      <trkpt lat="43.47214" lon="3.29972">
        <ele>77.8</ele>
      </trkpt>
      <trkpt lat="43.47163" lon="3.30014">
        <ele>78.6</ele>
      </trkpt>
      <trkpt lat="43.47149" lon="3.30029">
        <ele>83.4</ele>
      </trkpt>
      <trkpt lat="43.47135" lon="3.30061">
        <ele>84</ele>
      </trkpt>
      <trkpt lat="43.47107" lon="3.30173">
        <ele>85.1</ele>
      </trkpt>
      <trkpt lat="43.47091" lon="3.30212">
        <ele>85.9</ele>
      </trkpt>
      <trkpt lat="43.47076" lon="3.3024">
        <ele>86.2</ele>
      </trkpt>
      <trkpt lat="43.47025" lon="3.30326">
        <ele>84</ele>
      </trkpt>
      <trkpt lat="43.46995" lon="3.30371">
        <ele>89.5</ele>
      </trkpt>
      <trkpt lat="43.46967" lon="3.30406">
        <ele>91.5</ele>
      </trkpt>
      <trkpt lat="43.46931" lon="3.30465">
        <ele>93.3</ele>
      </trkpt>
      <trkpt lat="43.46927" lon="3.30476">
        <ele>93.4</ele>
      </trkpt>
      <trkpt lat="43.46896" lon="3.30521">
        <ele>92.8</ele>
      </trkpt>
      <trkpt lat="43.46872" lon="3.30561">
        <ele>93.1</ele>
      </trkpt>
      <trkpt lat="43.46849" lon="3.30593">
        <ele>87.4</ele>
      </trkpt>
      <trkpt lat="43.4681" lon="3.30653">
        <ele>93.5</ele>
      </trkpt>
      <trkpt lat="43.46784" lon="3.30707">
        <ele>88.4</ele>
      </trkpt>
      <trkpt lat="43.46769" lon="3.30733">
        <ele>94.5</ele>
      </trkpt>
      <trkpt lat="43.46753" lon="3.30768">
        <ele>95.3</ele>
      </trkpt>
      <trkpt lat="43.4674" lon="3.30825">
        <ele>96.2</ele>
      </trkpt>
      <trkpt lat="43.46731" lon="3.30844">
        <ele>89.2</ele>
      </trkpt>
      <trkpt lat="43.46718" lon="3.30879">
        <ele>96.4</ele>
      </trkpt>
      <trkpt lat="43.46717" lon="3.30907">
        <ele>96</ele>
      </trkpt>
      <trkpt lat="43.46712" lon="3.30932">
        <ele>95.9</ele>
      </trkpt>
      <trkpt lat="43.467" lon="3.30976">
        <ele>96.3</ele>
      </trkpt>
      <trkpt lat="43.46694" lon="3.31011">
        <ele>93</ele>
      </trkpt>
      <trkpt lat="43.46688" lon="3.3102">
        <ele>97.8</ele>
      </trkpt>
      <trkpt lat="43.46634" lon="3.31049">
        <ele>95.8</ele>
      </trkpt>
      <trkpt lat="43.46622" lon="3.31063">
        <ele>100.7</ele>
      </trkpt>
      <trkpt lat="43.46617" lon="3.3109">
        <ele>102.8</ele>
      </trkpt>
      <trkpt lat="43.46617" lon="3.31133">
        <ele>104.2</ele>
      </trkpt>
      <trkpt lat="43.46606" lon="3.31187">
        <ele>103.8</ele>
      </trkpt>
      <trkpt lat="43.46595" lon="3.3122">
        <ele>103</ele>
      </trkpt>
      <trkpt lat="43.46551" lon="3.31339">
        <ele>102.9</ele>
      </trkpt>
      <trkpt lat="43.46553" lon="3.31351">
        <ele>103.5</ele>
      </trkpt>
      <trkpt lat="43.46571" lon="3.31386">
        <ele>104.5</ele>
      </trkpt>
      <trkpt lat="43.46595" lon="3.31453">
        <ele>105.5</ele>
      </trkpt>
      <trkpt lat="43.46612" lon="3.31526">
        <ele>105.9</ele>
      </trkpt>
      <trkpt lat="43.46636" lon="3.31605">
        <ele>107.8</ele>
      </trkpt>
      <trkpt lat="43.46666" lon="3.31677">
        <ele>100.8</ele>
      </trkpt>
      <trkpt lat="43.46724" lon="3.31802">
        <ele>108.1</ele>
      </trkpt>
      <trkpt lat="43.4673" lon="3.31815">
        <ele>107.9</ele>
      </trkpt>
      <trkpt lat="43.46796" lon="3.3198">
        <ele>103.8</ele>
      </trkpt>
      <trkpt lat="43.46822" lon="3.32034">
        <ele>102.8</ele>
      </trkpt>
      <trkpt lat="43.46841" lon="3.32086">
        <ele>102.2</ele>
      </trkpt>
      <trkpt lat="43.46841" lon="3.32095">
        <ele>101.9</ele>
      </trkpt>
      <trkpt lat="43.46822" lon="3.32137">
        <ele>100.5</ele>
      </trkpt>
      <trkpt lat="43.46818" lon="3.32155">
        <ele>100.3</ele>
      </trkpt>
      <trkpt lat="43.46822" lon="3.32194">
        <ele>93.6</ele>
      </trkpt>
      <trkpt lat="43.46817" lon="3.32198">
        <ele>99.1</ele>
      </trkpt>
      <trkpt lat="43.46807" lon="3.32211">
        <ele>99.3</ele>
      </trkpt>
      <trkpt lat="43.46799" lon="3.32209">
        <ele>100.1</ele>
      </trkpt>
      <trkpt lat="43.46753" lon="3.32134">
        <ele>102</ele>
      </trkpt>
      <trkpt lat="43.46735" lon="3.32106">
        <ele>102.2</ele>
      </trkpt>
      <trkpt lat="43.4672" lon="3.32086">
        <ele>94.8</ele>
      </trkpt>
      <trkpt lat="43.46704" lon="3.32069">
        <ele>102.7</ele>
      </trkpt>
      <trkpt lat="43.46695" lon="3.3207">
        <ele>102.5</ele>
      </trkpt>
      <trkpt lat="43.46673" lon="3.3212">
        <ele>101.7</ele>
      </trkpt>
      <trkpt lat="43.46646" lon="3.32195">
        <ele>100</ele>
      </trkpt>
      <trkpt lat="43.46617" lon="3.3228">
        <ele>90.8</ele>
      </trkpt>
      <trkpt lat="43.46617" lon="3.32292">
        <ele>98.4</ele>
      </trkpt>
      <trkpt lat="43.46625" lon="3.323">
        <ele>98.1</ele>
      </trkpt>
      <trkpt lat="43.46685" lon="3.32351">
        <ele>90.8</ele>
      </trkpt>
      <trkpt lat="43.46689" lon="3.32359">
        <ele>98.9</ele>
      </trkpt>
      <trkpt lat="43.46688" lon="3.32368">
        <ele>90.2</ele>
      </trkpt>
      <trkpt lat="43.46635" lon="3.32481">
        <ele>95.6</ele>
      </trkpt>
      <trkpt lat="43.46635" lon="3.32488">
        <ele>87.2</ele>
      </trkpt>
      <trkpt lat="43.46637" lon="3.32495">
        <ele>95.2</ele>
      </trkpt>
      <trkpt lat="43.46657" lon="3.32514">
        <ele>86.6</ele>
      </trkpt>
      <trkpt lat="43.46659" lon="3.32526">
        <ele>95</ele>
      </trkpt>
      <trkpt lat="43.46607" lon="3.32628">
        <ele>91</ele>
      </trkpt>
      <trkpt lat="43.46607" lon="3.32637">
        <ele>90.4</ele>
      </trkpt>
      <trkpt lat="43.46629" lon="3.32676">
        <ele>88.2</ele>
      </trkpt>
      <trkpt lat="43.46628" lon="3.32689">
        <ele>87.5</ele>
      </trkpt>
      <trkpt lat="43.46591" lon="3.32738">
        <ele>85.8</ele>
      </trkpt>
      <trkpt lat="43.46591" lon="3.32746">
        <ele>85.2</ele>
      </trkpt>
      <trkpt lat="43.46625" lon="3.32823">
        <ele>81.1</ele>
      </trkpt>
      <trkpt lat="43.46629" lon="3.32849">
        <ele>80</ele>
      </trkpt>
      <trkpt lat="43.46626" lon="3.32855">
        <ele>71.8</ele>
      </trkpt>
      <trkpt lat="43.46594" lon="3.3293">
        <ele>76</ele>
      </trkpt>
      <trkpt lat="43.46597" lon="3.32938">
        <ele>79.7</ele>
      </trkpt>
      <trkpt lat="43.46622" lon="3.32958">
        <ele>81.3</ele>
      </trkpt>
      <trkpt lat="43.46629" lon="3.32969">
        <ele>81.7</ele>
      </trkpt>
      <trkpt lat="43.46647" lon="3.33011">
        <ele>82.4</ele>
      </trkpt>
      <trkpt lat="43.46678" lon="3.33074">
        <ele>85.1</ele>
      </trkpt>
      <trkpt lat="43.46685" lon="3.33102">
        <ele>86.7</ele>
      </trkpt>
      <trkpt lat="43.46687" lon="3.33124">
        <ele>87.2</ele>
      </trkpt>
      <trkpt lat="43.46696" lon="3.33161">
        <ele>88</ele>
      </trkpt>
      <trkpt lat="43.46711" lon="3.33207">
        <ele>85.6</ele>
      </trkpt>
      <trkpt lat="43.4674" lon="3.33271">
        <ele>93.8</ele>
      </trkpt>
      <trkpt lat="43.4677" lon="3.33317">
        <ele>93.7</ele>
      </trkpt>
      <trkpt lat="43.46789" lon="3.33376">
        <ele>96.2</ele>
      </trkpt>
      <trkpt lat="43.46804" lon="3.33444">
        <ele>88.8</ele>
      </trkpt>
      <trkpt lat="43.4681" lon="3.33553">
        <ele>95.2</ele>
      </trkpt>
      <trkpt lat="43.46816" lon="3.33587">
        <ele>87.6</ele>
      </trkpt>
      <trkpt lat="43.46837" lon="3.33623">
        <ele>94.1</ele>
      </trkpt>
      <trkpt lat="43.46841" lon="3.33645">
        <ele>94.1</ele>
      </trkpt>
      <trkpt lat="43.46839" lon="3.33717">
        <ele>93.9</ele>
      </trkpt>
      <trkpt lat="43.46844" lon="3.33729">
        <ele>94</ele>
      </trkpt>
      <trkpt lat="43.46893" lon="3.33745">
        <ele>86.8</ele>
      </trkpt>
      <trkpt lat="43.46961" lon="3.33757">
        <ele>93.8</ele>
      </trkpt>
      <trkpt lat="43.47021" lon="3.33772">
        <ele>87.6</ele>
      </trkpt>
      <trkpt lat="43.4703" lon="3.33786">
        <ele>87.6</ele>
      </trkpt>
      <trkpt lat="43.46994" lon="3.33965">
        <ele>94.7</ele>
      </trkpt>
      <trkpt lat="43.46976" lon="3.34017">
        <ele>96.4</ele>
      </trkpt>
      <trkpt lat="43.47023" lon="3.34036">
        <ele>97.7</ele>
      </trkpt>
      <trkpt lat="43.47013" lon="3.34058">
        <ele>99</ele>
      </trkpt>
      <trkpt lat="43.47029" lon="3.34098">
        <ele>99.9</ele>
      </trkpt>
      <trkpt lat="43.47026" lon="3.34128">
        <ele>99.4</ele>
      </trkpt>
      <trkpt lat="43.47024" lon="3.34144">
        <ele>98.8</ele>
      </trkpt>
      <trkpt lat="43.47013" lon="3.34148">
        <ele>98.7</ele>
      </trkpt>
      <trkpt lat="43.47014" lon="3.34157">
        <ele>98.3</ele>
      </trkpt>
      <trkpt lat="43.46988" lon="3.34204">
        <ele>97.9</ele>
      </trkpt>
      <trkpt lat="43.46996" lon="3.34216">
        <ele>97.9</ele>
      </trkpt>
      <trkpt lat="43.47031" lon="3.3425">
        <ele>96.9</ele>
      </trkpt>
      <trkpt lat="43.47038" lon="3.3425">
        <ele>96.6</ele>
      </trkpt>
      <trkpt lat="43.4707" lon="3.34291">
        <ele>96.9</ele>
      </trkpt>
      <trkpt lat="43.47087" lon="3.34297">
        <ele>96.7</ele>
      </trkpt>
      <trkpt lat="43.47102" lon="3.34322">
        <ele>97.6</ele>
      </trkpt>
      <trkpt lat="43.47099" lon="3.34385">
        <ele>98.4</ele>
      </trkpt>
      <trkpt lat="43.47087" lon="3.34456">
        <ele>97.8</ele>
      </trkpt>
      <trkpt lat="43.47048" lon="3.34547">
        <ele>95.8</ele>
      </trkpt>
      <trkpt lat="43.46987" lon="3.3463">
        <ele>93.8</ele>
      </trkpt>
      <trkpt lat="43.46981" lon="3.34678">
        <ele>92.5</ele>
      </trkpt>
      <trkpt lat="43.46982" lon="3.34727">
        <ele>90.3</ele>
      </trkpt>
      <trkpt lat="43.46984" lon="3.34812">
        <ele>87.4</ele>
      </trkpt>
      <trkpt lat="43.46981" lon="3.34862">
        <ele>78</ele>
      </trkpt>
      <trkpt lat="43.46964" lon="3.34948">
        <ele>83.9</ele>
      </trkpt>
      <trkpt lat="43.46947" lon="3.35015">
        <ele>73.2</ele>
      </trkpt>
      <trkpt lat="43.4691" lon="3.35123">
        <ele>78.1</ele>
      </trkpt>
      <trkpt lat="43.4686" lon="3.35234">
        <ele>75.2</ele>
      </trkpt>
      <trkpt lat="43.46844" lon="3.35331">
        <ele>71.7</ele>
      </trkpt>
      <trkpt lat="43.46842" lon="3.35356">
        <ele>70.9</ele>
      </trkpt>
      <trkpt lat="43.46818" lon="3.35452">
        <ele>62</ele>
      </trkpt>
      <trkpt lat="43.46801" lon="3.35496">
        <ele>68</ele>
      </trkpt>
      <trkpt lat="43.46724" lon="3.35621">
        <ele>65.6</ele>
      </trkpt>
      <trkpt lat="43.4667" lon="3.35712">
        <ele>64.4</ele>
      </trkpt>
      <trkpt lat="43.46601" lon="3.35849">
        <ele>62</ele>
      </trkpt>
      <trkpt lat="43.46543" lon="3.35962">
        <ele>60.4</ele>
      </trkpt>
      <trkpt lat="43.46521" lon="3.36025">
        <ele>52</ele>
      </trkpt>
      <trkpt lat="43.46509" lon="3.36074">
        <ele>59.3</ele>
      </trkpt>
      <trkpt lat="43.46492" lon="3.36169">
        <ele>58.7</ele>
      </trkpt>
      <trkpt lat="43.46472" lon="3.36255">
        <ele>57</ele>
      </trkpt>
      <trkpt lat="43.46454" lon="3.36321">
        <ele>56.3</ele>
      </trkpt>
      <trkpt lat="43.4645" lon="3.36358">
        <ele>55.5</ele>
      </trkpt>
      <trkpt lat="43.46453" lon="3.36371">
        <ele>55.3</ele>
      </trkpt>
      <trkpt lat="43.46473" lon="3.3643">
        <ele>55</ele>
      </trkpt>
      <trkpt lat="43.46478" lon="3.36503">
        <ele>53.9</ele>
      </trkpt>
      <trkpt lat="43.46393" lon="3.36509">
        <ele>48.6</ele>
      </trkpt>
      <trkpt lat="43.46379" lon="3.36521">
        <ele>54.4</ele>
      </trkpt>
      <trkpt lat="43.46364" lon="3.36564">
        <ele>53.6</ele>
      </trkpt>
      <trkpt lat="43.46358" lon="3.36581">
        <ele>53.1</ele>
      </trkpt>
      <trkpt lat="43.46359" lon="3.36599">
        <ele>51.9</ele>
      </trkpt>
      <trkpt lat="43.46369" lon="3.36625">
        <ele>50.2</ele>
      </trkpt>
      <trkpt lat="43.46372" lon="3.36655">
        <ele>49.1</ele>
      </trkpt>
      <trkpt lat="43.46364" lon="3.3669">
        <ele>41</ele>
      </trkpt>
      <trkpt lat="43.46334" lon="3.36821">
        <ele>44.4</ele>
      </trkpt>
      <trkpt lat="43.46312" lon="3.36854">
        <ele>45</ele>
      </trkpt>
      <trkpt lat="43.4631" lon="3.36864">
        <ele>45.6</ele>
      </trkpt>
      <trkpt lat="43.46367" lon="3.36924">
        <ele>45.6</ele>
      </trkpt>
      <trkpt lat="43.46373" lon="3.3694">
        <ele>47</ele>
      </trkpt>
      <trkpt lat="43.46375" lon="3.3696">
        <ele>48.9</ele>
      </trkpt>
      <trkpt lat="43.46373" lon="3.36979">
        <ele>51</ele>
      </trkpt>
      <trkpt lat="43.46364" lon="3.36999">
        <ele>53</ele>
      </trkpt>
      <trkpt lat="43.46346" lon="3.37025">
        <ele>53.4</ele>
      </trkpt>
      <trkpt lat="43.46344" lon="3.37035">
        <ele>54.2</ele>
      </trkpt>
      <trkpt lat="43.46348" lon="3.37037">
        <ele>53.6</ele>
      </trkpt>
      <trkpt lat="43.46371" lon="3.37029">
        <ele>57.2</ele>
      </trkpt>
      <trkpt lat="43.46394" lon="3.37031">
        <ele>59.4</ele>
      </trkpt>
      <trkpt lat="43.46437" lon="3.37008">
        <ele>62.2</ele>
      </trkpt>
      <trkpt lat="43.46472" lon="3.37">
        <ele>67</ele>
      </trkpt>
      <trkpt lat="43.46478" lon="3.37003">
        <ele>62.8</ele>
      </trkpt>
      <trkpt lat="43.46529" lon="3.37061">
        <ele>66.6</ele>
      </trkpt>
      <trkpt lat="43.46541" lon="3.37076">
        <ele>69.7</ele>
      </trkpt>
      <trkpt lat="43.46546" lon="3.37101">
        <ele>70.4</ele>
      </trkpt>
      <trkpt lat="43.46553" lon="3.37117">
        <ele>71.3</ele>
      </trkpt>
      <trkpt lat="43.46573" lon="3.37132">
        <ele>73</ele>
      </trkpt>
      <trkpt lat="43.46595" lon="3.37159">
        <ele>76.1</ele>
      </trkpt>
      <trkpt lat="43.46602" lon="3.3718">
        <ele>78.6</ele>
      </trkpt>
      <trkpt lat="43.46611" lon="3.37192">
        <ele>80.7</ele>
      </trkpt>
      <trkpt lat="43.4662" lon="3.37204">
        <ele>81.3</ele>
      </trkpt>
      <trkpt lat="43.46622" lon="3.37218">
        <ele>80</ele>
      </trkpt>
      <trkpt lat="43.4662" lon="3.37232">
        <ele>83.3</ele>
      </trkpt>
      <trkpt lat="43.46607" lon="3.37257">
        <ele>85.4</ele>
      </trkpt>
      <trkpt lat="43.466" lon="3.37287">
        <ele>80.2</ele>
      </trkpt>
      <trkpt lat="43.46583" lon="3.37319">
        <ele>85</ele>
      </trkpt>
      <trkpt lat="43.46568" lon="3.37333">
        <ele>79.8</ele>
      </trkpt>
      <trkpt lat="43.46555" lon="3.37345">
        <ele>85</ele>
      </trkpt>
      <trkpt lat="43.46532" lon="3.37361">
        <ele>86.7</ele>
      </trkpt>
      <trkpt lat="43.46528" lon="3.37374">
        <ele>85.6</ele>
      </trkpt>
      <trkpt lat="43.4652" lon="3.37375">
        <ele>85.8</ele>
      </trkpt>
      <trkpt lat="43.46503" lon="3.3738">
        <ele>86.5</ele>
      </trkpt>
      <trkpt lat="43.46499" lon="3.37384">
        <ele>86.7</ele>
      </trkpt>
      <trkpt lat="43.46487" lon="3.37392">
        <ele>85.5</ele>
      </trkpt>
      <trkpt lat="43.46485" lon="3.37401">
        <ele>85</ele>
      </trkpt>
      <trkpt lat="43.46478" lon="3.37405">
        <ele>84.7</ele>
      </trkpt>
      <trkpt lat="43.46475" lon="3.37413">
        <ele>84.8</ele>
      </trkpt>
      <trkpt lat="43.46475" lon="3.3742">
        <ele>84.8</ele>
      </trkpt>
      <trkpt lat="43.4647" lon="3.37432">
        <ele>84.2</ele>
      </trkpt>
      <trkpt lat="43.46462" lon="3.37446">
        <ele>83.6</ele>
      </trkpt>
      <trkpt lat="43.46452" lon="3.37457">
        <ele>83.7</ele>
      </trkpt>
      <trkpt lat="43.46434" lon="3.37484">
        <ele>83.2</ele>
      </trkpt>
      <trkpt lat="43.46427" lon="3.37496">
        <ele>82.6</ele>
      </trkpt>
      <trkpt lat="43.46424" lon="3.37511">
        <ele>82.3</ele>
      </trkpt>
      <trkpt lat="43.46415" lon="3.3753">
        <ele>81.7</ele>
      </trkpt>
      <trkpt lat="43.46414" lon="3.37547">
        <ele>80.4</ele>
      </trkpt>
      <trkpt lat="43.46418" lon="3.37558">
        <ele>79.7</ele>
      </trkpt>
      <trkpt lat="43.46428" lon="3.37574">
        <ele>72</ele>
      </trkpt>
      <trkpt lat="43.46431" lon="3.37577">
        <ele>77.9</ele>
      </trkpt>
      <trkpt lat="43.46447" lon="3.37583">
        <ele>77.8</ele>
      </trkpt>
      <trkpt lat="43.46453" lon="3.37589">
        <ele>77.2</ele>
      </trkpt>
      <trkpt lat="43.46477" lon="3.37641">
        <ele>71.2</ele>
      </trkpt>
      <trkpt lat="43.46519" lon="3.3769">
        <ele>78</ele>
      </trkpt>
      <trkpt lat="43.46547" lon="3.37718">
        <ele>78.7</ele>
      </trkpt>
      <trkpt lat="43.46585" lon="3.37775">
        <ele>65.2</ele>
      </trkpt>
      <trkpt lat="43.46588" lon="3.37781">
        <ele>74</ele>
      </trkpt>
      <trkpt lat="43.46583" lon="3.37801">
        <ele>72.3</ele>
      </trkpt>
      <trkpt lat="43.46582" lon="3.37819">
        <ele>61.2</ele>
      </trkpt>
      <trkpt lat="43.46554" lon="3.37891">
        <ele>56.2</ele>
      </trkpt>
      <trkpt lat="43.46551" lon="3.37914">
        <ele>62.8</ele>
      </trkpt>
      <trkpt lat="43.46552" lon="3.37937">
        <ele>55.2</ele>
      </trkpt>
      <trkpt lat="43.46556" lon="3.37949">
        <ele>61.7</ele>
      </trkpt>
      <trkpt lat="43.46572" lon="3.37975">
        <ele>61.6</ele>
      </trkpt>
      <trkpt lat="43.46597" lon="3.38">
        <ele>55.2</ele>
      </trkpt>
      <trkpt lat="43.46612" lon="3.38002">
        <ele>55.4</ele>
      </trkpt>
      <trkpt lat="43.4667" lon="3.37963">
        <ele>62.3</ele>
      </trkpt>
      <trkpt lat="43.46699" lon="3.37936">
        <ele>61.7</ele>
      </trkpt>
      <trkpt lat="43.46705" lon="3.37937">
        <ele>48.2</ele>
      </trkpt>
      <trkpt lat="43.46732" lon="3.37944">
        <ele>57.1</ele>
      </trkpt>
      <trkpt lat="43.4677" lon="3.37937">
        <ele>53.4</ele>
      </trkpt>
      <trkpt lat="43.46776" lon="3.37948">
        <ele>51</ele>
      </trkpt>
      <trkpt lat="43.46728" lon="3.38081">
        <ele>46.6</ele>
      </trkpt>
      <trkpt lat="43.46727" lon="3.38096">
        <ele>45.3</ele>
      </trkpt>
      <trkpt lat="43.46739" lon="3.3813">
        <ele>41.6</ele>
      </trkpt>
      <trkpt lat="43.46749" lon="3.38142">
        <ele>33</ele>
      </trkpt>
      <trkpt lat="43.4676" lon="3.38145">
        <ele>40.8</ele>
      </trkpt>
      <trkpt lat="43.46763" lon="3.38149">
        <ele>33.4</ele>
      </trkpt>
      <trkpt lat="43.46698" lon="3.38173">
        <ele>41.9</ele>
      </trkpt>
      <trkpt lat="43.46673" lon="3.38176">
        <ele>43.3</ele>
      </trkpt>
      <trkpt lat="43.46581" lon="3.38169">
        <ele>48</ele>
      </trkpt>
      <trkpt lat="43.46532" lon="3.3818">
        <ele>49.4</ele>
      </trkpt>
      <trkpt lat="43.4651" lon="3.3818">
        <ele>49.5</ele>
      </trkpt>
      <trkpt lat="43.46498" lon="3.38186">
        <ele>49.4</ele>
      </trkpt>
      <trkpt lat="43.46471" lon="3.38189">
        <ele>50.2</ele>
      </trkpt>
      <trkpt lat="43.46453" lon="3.38198">
        <ele>50.7</ele>
      </trkpt>
      <trkpt lat="43.46428" lon="3.38217">
        <ele>51.6</ele>
      </trkpt>
      <trkpt lat="43.464" lon="3.38232">
        <ele>53</ele>
      </trkpt>
      <trkpt lat="43.4638" lon="3.38237">
        <ele>54</ele>
      </trkpt>
      <trkpt lat="43.46344" lon="3.38368">
        <ele>59.5</ele>
      </trkpt>
      <trkpt lat="43.46296" lon="3.38513">
        <ele>63.5</ele>
      </trkpt>
      <trkpt lat="43.463" lon="3.38531">
        <ele>62.9</ele>
      </trkpt>
      <trkpt lat="43.46309" lon="3.38539">
        <ele>62.2</ele>
      </trkpt>
      <trkpt lat="43.46356" lon="3.38569">
        <ele>62.4</ele>
      </trkpt>
      <trkpt lat="43.46261" lon="3.38859">
        <ele>68.4</ele>
      </trkpt>
      <trkpt lat="43.46246" lon="3.38921">
        <ele>69</ele>
      </trkpt>
      <trkpt lat="43.46226" lon="3.3898">
        <ele>67.6</ele>
      </trkpt>
      <trkpt lat="43.46184" lon="3.39097">
        <ele>64.7</ele>
      </trkpt>
      <trkpt lat="43.46177" lon="3.39118">
        <ele>63.4</ele>
      </trkpt>
      <trkpt lat="43.46158" lon="3.39148">
        <ele>59.1</ele>
      </trkpt>
      <trkpt lat="43.46134" lon="3.39179">
        <ele>55.4</ele>
      </trkpt>
      <trkpt lat="43.46118" lon="3.39199">
        <ele>53</ele>
      </trkpt>
      <trkpt lat="43.46115" lon="3.39208">
        <ele>51.4</ele>
      </trkpt>
      <trkpt lat="43.4612" lon="3.3923">
        <ele>49.7</ele>
      </trkpt>
      <trkpt lat="43.46196" lon="3.39308">
        <ele>36.6</ele>
      </trkpt>
      <trkpt lat="43.46204" lon="3.39321">
        <ele>47.4</ele>
      </trkpt>
      <trkpt lat="43.46213" lon="3.39346">
        <ele>46.5</ele>
      </trkpt>
      <trkpt lat="43.46218" lon="3.3938">
        <ele>44.2</ele>
      </trkpt>
      <trkpt lat="43.46216" lon="3.39461">
        <ele>41.4</ele>
      </trkpt>
      <trkpt lat="43.46217" lon="3.39559">
        <ele>32.6</ele>
      </trkpt>
      <trkpt lat="43.4622" lon="3.39593">
        <ele>38.7</ele>
      </trkpt>
      <trkpt lat="43.46227" lon="3.39626">
        <ele>38.2</ele>
      </trkpt>
      <trkpt lat="43.46235" lon="3.39642">
        <ele>38.3</ele>
      </trkpt>
      <trkpt lat="43.46247" lon="3.39653">
        <ele>38.4</ele>
      </trkpt>
      <trkpt lat="43.46277" lon="3.39702">
        <ele>31.4</ele>
      </trkpt>
      <trkpt lat="43.46279" lon="3.39733">
        <ele>36</ele>
      </trkpt>
      <trkpt lat="43.46273" lon="3.39816">
        <ele>35.6</ele>
      </trkpt>
      <trkpt lat="43.46269" lon="3.39838">
        <ele>35</ele>
      </trkpt>
      <trkpt lat="43.46252" lon="3.39874">
        <ele>34.5</ele>
      </trkpt>
      <trkpt lat="43.46238" lon="3.39938">
        <ele>34.8</ele>
      </trkpt>
      <trkpt lat="43.4623" lon="3.39989">
        <ele>36.3</ele>
      </trkpt>
      <trkpt lat="43.46213" lon="3.40068">
        <ele>37.4</ele>
      </trkpt>
      <trkpt lat="43.46215" lon="3.40078">
        <ele>38.1</ele>
      </trkpt>
      <trkpt lat="43.46267" lon="3.40104">
        <ele>31.8</ele>
      </trkpt>
      <trkpt lat="43.46277" lon="3.40111">
        <ele>37</ele>
      </trkpt>
      <trkpt lat="43.46279" lon="3.40123">
        <ele>36.9</ele>
      </trkpt>
      <trkpt lat="43.46253" lon="3.40246">
        <ele>34.8</ele>
      </trkpt>
      <trkpt lat="43.46246" lon="3.40353">
        <ele>41.3</ele>
      </trkpt>
      <trkpt lat="43.46243" lon="3.40386">
        <ele>42.4</ele>
      </trkpt>
      <trkpt lat="43.46233" lon="3.40422">
        <ele>39.4</ele>
      </trkpt>
      <trkpt lat="43.46213" lon="3.40505">
        <ele>46.8</ele>
      </trkpt>
      <trkpt lat="43.4618" lon="3.40665">
        <ele>53</ele>
      </trkpt>
      <trkpt lat="43.46171" lon="3.40702">
        <ele>54.1</ele>
      </trkpt>
      <trkpt lat="43.4617" lon="3.40753">
        <ele>52.7</ele>
      </trkpt>
      <trkpt lat="43.46159" lon="3.40835">
        <ele>46.2</ele>
      </trkpt>
      <trkpt lat="43.46141" lon="3.40872">
        <ele>44.1</ele>
      </trkpt>
      <trkpt lat="43.46108" lon="3.40927">
        <ele>38.5</ele>
      </trkpt>
      <trkpt lat="43.46093" lon="3.40964">
        <ele>37.3</ele>
      </trkpt>
      <trkpt lat="43.4608" lon="3.4097">
        <ele>36.1</ele>
      </trkpt>
      <trkpt lat="43.46056" lon="3.40974">
        <ele>36</ele>
      </trkpt>
      <trkpt lat="43.46055" lon="3.41015">
        <ele>36</ele>
      </trkpt>
      <trkpt lat="43.46049" lon="3.41031">
        <ele>36.2</ele>
      </trkpt>
      <trkpt lat="43.4603" lon="3.41055">
        <ele>36</ele>
      </trkpt>
      <trkpt lat="43.46026" lon="3.41072">
        <ele>35.4</ele>
      </trkpt>
      <trkpt lat="43.4604" lon="3.41132">
        <ele>32.9</ele>
      </trkpt>
      <trkpt lat="43.46043" lon="3.41162">
        <ele>32.5</ele>
      </trkpt>
      <trkpt lat="43.46045" lon="3.41268">
        <ele>32.1</ele>
      </trkpt>
      <trkpt lat="43.46038" lon="3.41282">
        <ele>32</ele>
      </trkpt>
      <trkpt lat="43.46045" lon="3.41303">
        <ele>32</ele>
      </trkpt>
      <trkpt lat="43.46047" lon="3.41329">
        <ele>26.8</ele>
      </trkpt>
      <trkpt lat="43.46038" lon="3.41527">
        <ele>32.6</ele>
      </trkpt>
      <trkpt lat="43.46019" lon="3.41647">
        <ele>32.3</ele>
      </trkpt>
      <trkpt lat="43.46006" lon="3.41725">
        <ele>33</ele>
      </trkpt>
      <trkpt lat="43.45996" lon="3.41767">
        <ele>33.2</ele>
      </trkpt>
      <trkpt lat="43.45975" lon="3.41805">
        <ele>33</ele>
      </trkpt>
      <trkpt lat="43.45951" lon="3.41874">
        <ele>30.6</ele>
      </trkpt>
      <trkpt lat="43.45989" lon="3.41889">
        <ele>24</ele>
      </trkpt>
      <trkpt lat="43.46074" lon="3.42085">
        <ele>18</ele>
      </trkpt>
      <trkpt lat="43.46084" lon="3.42108">
        <ele>23</ele>
      </trkpt>
      <trkpt lat="43.46022" lon="3.42213">
        <ele>21.9</ele>
      </trkpt>
      <trkpt lat="43.45979" lon="3.4229">
        <ele>20.6</ele>
      </trkpt>
      <trkpt lat="43.45984" lon="3.42297">
        <ele>20.3</ele>
      </trkpt>
      <trkpt lat="43.45991" lon="3.42296">
        <ele>20.4</ele>
      </trkpt>
      <trkpt lat="43.4601" lon="3.4232">
        <ele>19.8</ele>
      </trkpt>
      <trkpt lat="43.46032" lon="3.42287">
        <ele>20.1</ele>
      </trkpt>
      <trkpt lat="43.46046" lon="3.42302">
        <ele>20.6</ele>
      </trkpt>
      <trkpt lat="43.46059" lon="3.42307">
        <ele>20.9</ele>
      </trkpt>
      <trkpt lat="43.46067" lon="3.42302">
        <ele>21.1</ele>
      </trkpt>
      <trkpt lat="43.46086" lon="3.42294">
        <ele>21.5</ele>
      </trkpt>
      <trkpt lat="43.46153" lon="3.42329">
        <ele>21.9</ele>
      </trkpt>
      <trkpt lat="43.46183" lon="3.42362">
        <ele>19.6</ele>
      </trkpt>
      <trkpt lat="43.46245" lon="3.42484">
        <ele>19.9</ele>
      </trkpt>
      <trkpt lat="43.4621" lon="3.42518">
        <ele>18.7</ele>
      </trkpt>
      <trkpt lat="43.46205" lon="3.42532">
        <ele>18.9</ele>
      </trkpt>
      <trkpt lat="43.46165" lon="3.42565">
        <ele>17.9</ele>
      </trkpt>
      <trkpt lat="43.46186" lon="3.42595">
        <ele>18</ele>
      </trkpt>
      <trkpt lat="43.46163" lon="3.42629">
        <ele>17.5</ele>
      </trkpt>
      <trkpt lat="43.46118" lon="3.42732">
        <ele>16.8</ele>
      </trkpt>
      <trkpt lat="43.46107" lon="3.42797">
        <ele>16.9</ele>
      </trkpt>
      <trkpt lat="43.46089" lon="3.42879">
        <ele>16</ele>
      </trkpt>
      <trkpt lat="43.4607" lon="3.42888">
        <ele>16</ele>
      </trkpt>
      <trkpt lat="43.4604" lon="3.43037">
        <ele>15.9</ele>
      </trkpt>
      <trkpt lat="43.4599" lon="3.43228">
        <ele>16.1</ele>
      </trkpt>
      <trkpt lat="43.46019" lon="3.43249">
        <ele>15</ele>
      </trkpt>
      <trkpt lat="43.46036" lon="3.43259">
        <ele>15</ele>
      </trkpt>
      <trkpt lat="43.46168" lon="3.43267">
        <ele>15</ele>
      </trkpt>
      <trkpt lat="43.46333" lon="3.43264">
        <ele>15</ele>
      </trkpt>
      <trkpt lat="43.46449" lon="3.43285">
        <ele>15</ele>
      </trkpt>
      <trkpt lat="43.46463" lon="3.43282">
        <ele>15</ele>
      </trkpt>
      <trkpt lat="43.46492" lon="3.43265">
        <ele>16.6</ele>
      </trkpt>
      <trkpt lat="43.46552" lon="3.43284">
        <ele>15.7</ele>
      </trkpt>
      <trkpt lat="43.46576" lon="3.43325">
        <ele>15</ele>
      </trkpt>
      <trkpt lat="43.46737" lon="3.43391">
        <ele>15</ele>
      </trkpt>
      <trkpt lat="43.46949" lon="3.43484">
        <ele>15</ele>
      </trkpt>
      <trkpt lat="43.46967" lon="3.43488">
        <ele>15</ele>
      </trkpt>
      <trkpt lat="43.4699" lon="3.43471">
        <ele>15.2</ele>
      </trkpt>
      <trkpt lat="43.47291" lon="3.43609">
        <ele>15.4</ele>
      </trkpt>
      <trkpt lat="43.47343" lon="3.43643">
        <ele>15.9</ele>
      </trkpt>
      <trkpt lat="43.47326" lon="3.43775">
        <ele>15</ele>
      </trkpt>
      <trkpt lat="43.47333" lon="3.43827">
        <ele>15</ele>
      </trkpt>
      <trkpt lat="43.47333" lon="3.4388">
        <ele>15</ele>
      </trkpt>
      <trkpt lat="43.4733" lon="3.43942">
        <ele>15.8</ele>
      </trkpt>
      <trkpt lat="43.47316" lon="3.44081">
        <ele>15.4</ele>
      </trkpt>
      <trkpt lat="43.47294" lon="3.44322">
        <ele>16.6</ele>
      </trkpt>
      <trkpt lat="43.47358" lon="3.44367">
        <ele>16.3</ele>
      </trkpt>
      <trkpt lat="43.47491" lon="3.44427">
        <ele>19.3</ele>
      </trkpt>
      <trkpt lat="43.47448" lon="3.4466">
        <ele>19.4</ele>
      </trkpt>
      <trkpt lat="43.47439" lon="3.44684">
        <ele>19.5</ele>
      </trkpt>
      <trkpt lat="43.47422" lon="3.44686">
        <ele>17.6</ele>
      </trkpt>
      <trkpt lat="43.47372" lon="3.44647">
        <ele>17</ele>
      </trkpt>
      <trkpt lat="43.47337" lon="3.44836">
        <ele>16</ele>
      </trkpt>
      <trkpt lat="43.47303" lon="3.45039">
        <ele>16</ele>
      </trkpt>
      <trkpt lat="43.47291" lon="3.45094">
        <ele>15.2</ele>
      </trkpt>
      <trkpt lat="43.47275" lon="3.45221">
        <ele>16</ele>
      </trkpt>
      <trkpt lat="43.47259" lon="3.45213">
        <ele>15.9</ele>
      </trkpt>
      <trkpt lat="43.47209" lon="3.45171">
        <ele>15.6</ele>
      </trkpt>
      <trkpt lat="43.47167" lon="3.45155">
        <ele>15.6</ele>
      </trkpt>
      <trkpt lat="43.47121" lon="3.4515">
        <ele>16.4</ele>
      </trkpt>
      <trkpt lat="43.47085" lon="3.45159">
        <ele>16.7</ele>
      </trkpt>
      <trkpt lat="43.47079" lon="3.45165">
        <ele>16.8</ele>
      </trkpt>
      <trkpt lat="43.47078" lon="3.45177">
        <ele>16.9</ele>
      </trkpt>
      <trkpt lat="43.47062" lon="3.45267">
        <ele>18.5</ele>
      </trkpt>
      <trkpt lat="43.4705" lon="3.45302">
        <ele>22</ele>
      </trkpt>
      <trkpt lat="43.47024" lon="3.45363">
        <ele>25.7</ele>
      </trkpt>
      <trkpt lat="43.4702" lon="3.45384">
        <ele>30.2</ele>
      </trkpt>
      <trkpt lat="43.4702" lon="3.45422">
        <ele>34.5</ele>
      </trkpt>
      <trkpt lat="43.47007" lon="3.45468">
        <ele>34</ele>
      </trkpt>
      <trkpt lat="43.47002" lon="3.455">
        <ele>32.4</ele>
      </trkpt>
      <trkpt lat="43.47001" lon="3.45536">
        <ele>31.9</ele>
      </trkpt>
      <trkpt lat="43.47005" lon="3.45616">
        <ele>32.4</ele>
      </trkpt>
      <trkpt lat="43.46998" lon="3.45665">
        <ele>32.8</ele>
      </trkpt>
      <trkpt lat="43.46985" lon="3.45726">
        <ele>32.9</ele>
      </trkpt>
      <trkpt lat="43.46965" lon="3.458">
        <ele>35.5</ele>
      </trkpt>
      <trkpt lat="43.46956" lon="3.45826">
        <ele>35.6</ele>
      </trkpt>
      <trkpt lat="43.46945" lon="3.45853">
        <ele>35.7</ele>
      </trkpt>
      <trkpt lat="43.46927" lon="3.45869">
        <ele>37.1</ele>
      </trkpt>
      <trkpt lat="43.46899" lon="3.45922">
        <ele>38</ele>
      </trkpt>
      <trkpt lat="43.46877" lon="3.45977">
        <ele>39.7</ele>
      </trkpt>
      <trkpt lat="43.46857" lon="3.46012">
        <ele>40.8</ele>
      </trkpt>
      <trkpt lat="43.46829" lon="3.46044">
        <ele>42.5</ele>
      </trkpt>
      <trkpt lat="43.4681" lon="3.46051">
        <ele>42.3</ele>
      </trkpt>
      <trkpt lat="43.4679" lon="3.46052">
        <ele>43.4</ele>
      </trkpt>
      <trkpt lat="43.46754" lon="3.46045">
        <ele>46.1</ele>
      </trkpt>
      <trkpt lat="43.46675" lon="3.46029">
        <ele>51.7</ele>
      </trkpt>
      <trkpt lat="43.46657" lon="3.46032">
        <ele>52.1</ele>
      </trkpt>
      <trkpt lat="43.46653" lon="3.46178">
        <ele>51.7</ele>
      </trkpt>
      <trkpt lat="43.46644" lon="3.46221">
        <ele>52</ele>
      </trkpt>
      <trkpt lat="43.46644" lon="3.46251">
        <ele>51.8</ele>
      </trkpt>
      <trkpt lat="43.46638" lon="3.46259">
        <ele>52.3</ele>
      </trkpt>
      <trkpt lat="43.46625" lon="3.46259">
        <ele>52.3</ele>
      </trkpt>
      <trkpt lat="43.46621" lon="3.46294">
        <ele>53</ele>
      </trkpt>
      <trkpt lat="43.46621" lon="3.46332">
        <ele>52.4</ele>
      </trkpt>
      <trkpt lat="43.46638" lon="3.46338">
        <ele>53</ele>
      </trkpt>
      <trkpt lat="43.46654" lon="3.46423">
        <ele>53.1</ele>
      </trkpt>
      <trkpt lat="43.46653" lon="3.46435">
        <ele>53.3</ele>
      </trkpt>
      <trkpt lat="43.46663" lon="3.46448">
        <ele>53.9</ele>
      </trkpt>
      <trkpt lat="43.46657" lon="3.46523">
        <ele>54.9</ele>
      </trkpt>
      <trkpt lat="43.4665" lon="3.46562">
        <ele>56</ele>
      </trkpt>
      <trkpt lat="43.46654" lon="3.46608">
        <ele>56.4</ele>
      </trkpt>
      <trkpt lat="43.46705" lon="3.46733">
        <ele>56.6</ele>
      </trkpt>
      <trkpt lat="43.46716" lon="3.46771">
        <ele>56.2</ele>
      </trkpt>
      <trkpt lat="43.4671" lon="3.46789">
        <ele>56.3</ele>
      </trkpt>
      <trkpt lat="43.46642" lon="3.46842">
        <ele>56.3</ele>
      </trkpt>
      <trkpt lat="43.46626" lon="3.46868">
        <ele>56.5</ele>
      </trkpt>
      <trkpt lat="43.46618" lon="3.46898">
        <ele>56.2</ele>
      </trkpt>
      <trkpt lat="43.46612" lon="3.46961">
        <ele>56</ele>
      </trkpt>
      <trkpt lat="43.46601" lon="3.46991">
        <ele>55.6</ele>
      </trkpt>
      <trkpt lat="43.46514" lon="3.47189">
        <ele>54.8</ele>
      </trkpt>
      <trkpt lat="43.46502" lon="3.47228">
        <ele>55.1</ele>
      </trkpt>
      <trkpt lat="43.46488" lon="3.47308">
        <ele>59.3</ele>
      </trkpt>
      <trkpt lat="43.46473" lon="3.47364">
        <ele>59.1</ele>
      </trkpt>
      <trkpt lat="43.46351" lon="3.47675">
        <ele>70.5</ele>
      </trkpt>
      <trkpt lat="43.46341" lon="3.47706">
        <ele>72.3</ele>
      </trkpt>
      <trkpt lat="43.46334" lon="3.47747">
        <ele>73</ele>
      </trkpt>
      <trkpt lat="43.46322" lon="3.47856">
        <ele>76.7</ele>
      </trkpt>
      <trkpt lat="43.4631" lon="3.47905">
        <ele>77.2</ele>
      </trkpt>
      <trkpt lat="43.46296" lon="3.47938">
        <ele>78.5</ele>
      </trkpt>
      <trkpt lat="43.46232" lon="3.48051">
        <ele>81.8</ele>
      </trkpt>
      <trkpt lat="43.46206" lon="3.48078">
        <ele>83</ele>
      </trkpt>
      <trkpt lat="43.46202" lon="3.48094">
        <ele>83.8</ele>
      </trkpt>
      <trkpt lat="43.46172" lon="3.48176">
        <ele>89.9</ele>
      </trkpt>
      <trkpt lat="43.46166" lon="3.4821">
        <ele>92.7</ele>
      </trkpt>
      <trkpt lat="43.46156" lon="3.48285">
        <ele>95.4</ele>
      </trkpt>
      <trkpt lat="43.46147" lon="3.48318">
        <ele>95.3</ele>
      </trkpt>
      <trkpt lat="43.46108" lon="3.48438">
        <ele>95</ele>
      </trkpt>
      <trkpt lat="43.46087" lon="3.48478">
        <ele>95.2</ele>
      </trkpt>
      <trkpt lat="43.46071" lon="3.48516">
        <ele>96</ele>
      </trkpt>
      <trkpt lat="43.46044" lon="3.48582">
        <ele>97</ele>
      </trkpt>
      <trkpt lat="43.45991" lon="3.48688">
        <ele>95.2</ele>
      </trkpt>
      <trkpt lat="43.45965" lon="3.4873">
        <ele>95</ele>
      </trkpt>
      <trkpt lat="43.45933" lon="3.4879">
        <ele>95.4</ele>
      </trkpt>
      <trkpt lat="43.45911" lon="3.48817">
        <ele>96</ele>
      </trkpt>
      <trkpt lat="43.45805" lon="3.4892">
        <ele>96</ele>
      </trkpt>
      <trkpt lat="43.45804" lon="3.48951">
        <ele>96.3</ele>
      </trkpt>
      <trkpt lat="43.45818" lon="3.48995">
        <ele>97</ele>
      </trkpt>
      <trkpt lat="43.45824" lon="3.49036">
        <ele>97.1</ele>
      </trkpt>
      <trkpt lat="43.45831" lon="3.49053">
        <ele>97.1</ele>
      </trkpt>
      <trkpt lat="43.45857" lon="3.49095">
        <ele>98</ele>
      </trkpt>
      <trkpt lat="43.45881" lon="3.49143">
        <ele>98</ele>
      </trkpt>
      <trkpt lat="43.45885" lon="3.49174">
        <ele>97.9</ele>
      </trkpt>
      <trkpt lat="43.45891" lon="3.49206">
        <ele>97</ele>
      </trkpt>
      <trkpt lat="43.45903" lon="3.49248">
        <ele>97</ele>
      </trkpt>
      <trkpt lat="43.45904" lon="3.49267">
        <ele>96.7</ele>
      </trkpt>
      <trkpt lat="43.45897" lon="3.49275">
        <ele>96.7</ele>
      </trkpt>
      <trkpt lat="43.45893" lon="3.49284">
        <ele>96.6</ele>
      </trkpt>
      <trkpt lat="43.45893" lon="3.49299">
        <ele>96.1</ele>
      </trkpt>
      <trkpt lat="43.45896" lon="3.49327">
        <ele>95.8</ele>
      </trkpt>
      <trkpt lat="43.45892" lon="3.49349">
        <ele>95.9</ele>
      </trkpt>
      <trkpt lat="43.45884" lon="3.49361">
        <ele>96.2</ele>
      </trkpt>
      <trkpt lat="43.4587" lon="3.49371">
        <ele>96.7</ele>
      </trkpt>
      <trkpt lat="43.45848" lon="3.49377">
        <ele>97.5</ele>
      </trkpt>
      <trkpt lat="43.45833" lon="3.49378">
        <ele>98</ele>
      </trkpt>
      <trkpt lat="43.45805" lon="3.49374">
        <ele>97.5</ele>
      </trkpt>
      <trkpt lat="43.45783" lon="3.4937">
        <ele>97.7</ele>
      </trkpt>
      <trkpt lat="43.45769" lon="3.49362">
        <ele>97.6</ele>
      </trkpt>
      <trkpt lat="43.4575" lon="3.49345">
        <ele>97</ele>
      </trkpt>
      <trkpt lat="43.45741" lon="3.49351">
        <ele>96.5</ele>
      </trkpt>
      <trkpt lat="43.45726" lon="3.494">
        <ele>94.8</ele>
      </trkpt>
      <trkpt lat="43.45695" lon="3.49506">
        <ele>93</ele>
      </trkpt>
      <trkpt lat="43.45676" lon="3.49581">
        <ele>92</ele>
      </trkpt>
      <trkpt lat="43.45668" lon="3.49626">
        <ele>90.5</ele>
      </trkpt>
      <trkpt lat="43.45653" lon="3.49711">
        <ele>89</ele>
      </trkpt>
      <trkpt lat="43.45648" lon="3.49749">
        <ele>89</ele>
      </trkpt>
      <trkpt lat="43.45639" lon="3.49848">
        <ele>89</ele>
      </trkpt>
      <trkpt lat="43.45638" lon="3.49876">
        <ele>89</ele>
      </trkpt>
      <trkpt lat="43.45652" lon="3.49923">
        <ele>88.6</ele>
      </trkpt>
      <trkpt lat="43.45655" lon="3.49963">
        <ele>89.3</ele>
      </trkpt>
      <trkpt lat="43.4565" lon="3.50184">
        <ele>82.4</ele>
      </trkpt>
      <trkpt lat="43.45655" lon="3.50196">
        <ele>81.9</ele>
      </trkpt>
      <trkpt lat="43.45669" lon="3.50219">
        <ele>81</ele>
      </trkpt>
      <trkpt lat="43.45669" lon="3.50233">
        <ele>80.2</ele>
      </trkpt>
      <trkpt lat="43.45652" lon="3.50283">
        <ele>78.2</ele>
      </trkpt>
      <trkpt lat="43.45614" lon="3.50404">
        <ele>72.9</ele>
      </trkpt>
      <trkpt lat="43.45609" lon="3.50434">
        <ele>71.4</ele>
      </trkpt>
      <trkpt lat="43.45587" lon="3.50618">
        <ele>64.6</ele>
      </trkpt>
      <trkpt lat="43.45578" lon="3.50711">
        <ele>64.1</ele>
      </trkpt>
      <trkpt lat="43.45586" lon="3.50722">
        <ele>63.8</ele>
      </trkpt>
      <trkpt lat="43.45656" lon="3.50768">
        <ele>59.9</ele>
      </trkpt>
      <trkpt lat="43.45685" lon="3.5079">
        <ele>58.4</ele>
      </trkpt>
      <trkpt lat="43.4569" lon="3.50802">
        <ele>58</ele>
      </trkpt>
      <trkpt lat="43.45694" lon="3.50819">
        <ele>58.5</ele>
      </trkpt>
      <trkpt lat="43.45661" lon="3.50834">
        <ele>56.7</ele>
      </trkpt>
      <trkpt lat="43.45642" lon="3.50847">
        <ele>55.9</ele>
      </trkpt>
      <trkpt lat="43.45621" lon="3.50868">
        <ele>54.6</ele>
      </trkpt>
      <trkpt lat="43.456" lon="3.50911">
        <ele>54.8</ele>
      </trkpt>
      <trkpt lat="43.45581" lon="3.50968">
        <ele>53.6</ele>
      </trkpt>
      <trkpt lat="43.4553" lon="3.51057">
        <ele>52.4</ele>
      </trkpt>
      <trkpt lat="43.4552" lon="3.51082">
        <ele>52.7</ele>
      </trkpt>
      <trkpt lat="43.45508" lon="3.51129">
        <ele>52.5</ele>
      </trkpt>
      <trkpt lat="43.45487" lon="3.51238">
        <ele>49.8</ele>
      </trkpt>
      <trkpt lat="43.45486" lon="3.5126">
        <ele>50</ele>
      </trkpt>
      <trkpt lat="43.4549" lon="3.51292">
        <ele>50.3</ele>
      </trkpt>
      <trkpt lat="43.45485" lon="3.51315">
        <ele>50</ele>
      </trkpt>
      <trkpt lat="43.45459" lon="3.51392">
        <ele>47.5</ele>
      </trkpt>
      <trkpt lat="43.4538" lon="3.5164">
        <ele>43.7</ele>
      </trkpt>
      <trkpt lat="43.45367" lon="3.5169">
        <ele>42.4</ele>
      </trkpt>
      <trkpt lat="43.45354" lon="3.51758">
        <ele>41.8</ele>
      </trkpt>
      <trkpt lat="43.45341" lon="3.51845">
        <ele>40</ele>
      </trkpt>
      <trkpt lat="43.4531" lon="3.52024">
        <ele>37.1</ele>
      </trkpt>
      <trkpt lat="43.45299" lon="3.52072">
        <ele>36.6</ele>
      </trkpt>
      <trkpt lat="43.45273" lon="3.52163">
        <ele>35.3</ele>
      </trkpt>
      <trkpt lat="43.45265" lon="3.52199">
        <ele>35</ele>
      </trkpt>
      <trkpt lat="43.45243" lon="3.52262">
        <ele>34.2</ele>
      </trkpt>
      <trkpt lat="43.45227" lon="3.52305">
        <ele>33</ele>
      </trkpt>
      <trkpt lat="43.45208" lon="3.52364">
        <ele>32.9</ele>
      </trkpt>
      <trkpt lat="43.45183" lon="3.5245">
        <ele>31.3</ele>
      </trkpt>
      <trkpt lat="43.45152" lon="3.52588">
        <ele>29.9</ele>
      </trkpt>
      <trkpt lat="43.45114" lon="3.52732">
        <ele>28.6</ele>
      </trkpt>
      <trkpt lat="43.45089" lon="3.52848">
        <ele>26.9</ele>
      </trkpt>
      <trkpt lat="43.45064" lon="3.52944">
        <ele>25.7</ele>
      </trkpt>
      <trkpt lat="43.45052" lon="3.52978">
        <ele>25.1</ele>
      </trkpt>
      <trkpt lat="43.45008" lon="3.53062">
        <ele>24.5</ele>
      </trkpt>
      <trkpt lat="43.45007" lon="3.53079">
        <ele>24.1</ele>
      </trkpt>
      <trkpt lat="43.45023" lon="3.53112">
        <ele>23.8</ele>
      </trkpt>
      <trkpt lat="43.45039" lon="3.53114">
        <ele>23.9</ele>
      </trkpt>
      <trkpt lat="43.45066" lon="3.53103">
        <ele>24</ele>
      </trkpt>
      <trkpt lat="43.45116" lon="3.53094">
        <ele>24.7</ele>
      </trkpt>
      <trkpt lat="43.45126" lon="3.53097">
        <ele>24.8</ele>
      </trkpt>
      <trkpt lat="43.45139" lon="3.53112">
        <ele>25</ele>
      </trkpt>
      <trkpt lat="43.45156" lon="3.53143">
        <ele>25.6</ele>
      </trkpt>
      <trkpt lat="43.45166" lon="3.53156">
        <ele>26</ele>
      </trkpt>
      <trkpt lat="43.45179" lon="3.53165">
        <ele>26</ele>
      </trkpt>
      <trkpt lat="43.45191" lon="3.53171">
        <ele>26</ele>
      </trkpt>
      <trkpt lat="43.45224" lon="3.53181">
        <ele>26</ele>
      </trkpt>
      <trkpt lat="43.45287" lon="3.53204">
        <ele>26.3</ele>
      </trkpt>
      <trkpt lat="43.45293" lon="3.53215">
        <ele>26.6</ele>
      </trkpt>
      <trkpt lat="43.45299" lon="3.5326">
        <ele>27</ele>
      </trkpt>
      <trkpt lat="43.45314" lon="3.53361">
        <ele>30.4</ele>
      </trkpt>
      <trkpt lat="43.45321" lon="3.53377">
        <ele>31.3</ele>
      </trkpt>
      <trkpt lat="43.45329" lon="3.53382">
        <ele>31.5</ele>
      </trkpt>
      <trkpt lat="43.45378" lon="3.53384">
        <ele>30.6</ele>
      </trkpt>
      <trkpt lat="43.45447" lon="3.53383">
        <ele>31.9</ele>
      </trkpt>
      <trkpt lat="43.45461" lon="3.53385">
        <ele>32.4</ele>
      </trkpt>
      <trkpt lat="43.45481" lon="3.53396">
        <ele>33</ele>
      </trkpt>
      <trkpt lat="43.45495" lon="3.53397">
        <ele>32.7</ele>
      </trkpt>
      <trkpt lat="43.45538" lon="3.53393">
        <ele>33.2</ele>
      </trkpt>
      <trkpt lat="43.45547" lon="3.53396">
        <ele>33.4</ele>
      </trkpt>
      <trkpt lat="43.45561" lon="3.53408">
        <ele>34.4</ele>
      </trkpt>
      <trkpt lat="43.45579" lon="3.53416">
        <ele>35</ele>
      </trkpt>
      <trkpt lat="43.45592" lon="3.5341">
        <ele>34.8</ele>
      </trkpt>
      <trkpt lat="43.45601" lon="3.53415">
        <ele>34.9</ele>
      </trkpt>
      <trkpt lat="43.45662" lon="3.53455">
        <ele>36.3</ele>
      </trkpt>
      <trkpt lat="43.45723" lon="3.5348">
        <ele>38.3</ele>
      </trkpt>
      <trkpt lat="43.4574" lon="3.53493">
        <ele>39.2</ele>
      </trkpt>
      <trkpt lat="43.45747" lon="3.53506">
        <ele>40.1</ele>
      </trkpt>
      <trkpt lat="43.45748" lon="3.53527">
        <ele>40.9</ele>
      </trkpt>
      <trkpt lat="43.45739" lon="3.53624">
        <ele>42.6</ele>
      </trkpt>
      <trkpt lat="43.45742" lon="3.53635">
        <ele>42.7</ele>
      </trkpt>
      <trkpt lat="43.4575" lon="3.53635">
        <ele>43</ele>
      </trkpt>
      <trkpt lat="43.45766" lon="3.5363">
        <ele>43.6</ele>
      </trkpt>
      <trkpt lat="43.45788" lon="3.5362">
        <ele>44.5</ele>
      </trkpt>
      <trkpt lat="43.45797" lon="3.53623">
        <ele>45</ele>
      </trkpt>
      <trkpt lat="43.45858" lon="3.5373">
        <ele>47</ele>
      </trkpt>
      <trkpt lat="43.45883" lon="3.53754">
        <ele>46.9</ele>
      </trkpt>
      <trkpt lat="43.45895" lon="3.53761">
        <ele>46.6</ele>
      </trkpt>
      <trkpt lat="43.4592" lon="3.53767">
        <ele>46.3</ele>
      </trkpt>
      <trkpt lat="43.45943" lon="3.53779">
        <ele>46</ele>
      </trkpt>
      <trkpt lat="43.45954" lon="3.53774">
        <ele>45.9</ele>
      </trkpt>
      <trkpt lat="43.45994" lon="3.53718">
        <ele>44</ele>
      </trkpt>
      <trkpt lat="43.46003" lon="3.53712">
        <ele>43.8</ele>
      </trkpt>
      <trkpt lat="43.4601" lon="3.53715">
        <ele>44.2</ele>
      </trkpt>
      <trkpt lat="43.46024" lon="3.53745">
        <ele>44.2</ele>
      </trkpt>
      <trkpt lat="43.46057" lon="3.53776">
        <ele>45.1</ele>
      </trkpt>
      <trkpt lat="43.46094" lon="3.53809">
        <ele>46</ele>
      </trkpt>
      <trkpt lat="43.46105" lon="3.53829">
        <ele>46</ele>
      </trkpt>
      <trkpt lat="43.46114" lon="3.53884">
        <ele>47.8</ele>
      </trkpt>
      <trkpt lat="43.46136" lon="3.53913">
        <ele>48.8</ele>
      </trkpt>
      <trkpt lat="43.46142" lon="3.5393">
        <ele>49.6</ele>
      </trkpt>
      <trkpt lat="43.46151" lon="3.53975">
        <ele>50.4</ele>
      </trkpt>
      <trkpt lat="43.46173" lon="3.54013">
        <ele>51.2</ele>
      </trkpt>
      <trkpt lat="43.46262" lon="3.54085">
        <ele>52.4</ele>
      </trkpt>
      <trkpt lat="43.46271" lon="3.5409">
        <ele>52.7</ele>
      </trkpt>
      <trkpt lat="43.46303" lon="3.54087">
        <ele>53</ele>
      </trkpt>
      <trkpt lat="43.46315" lon="3.54089">
        <ele>53.3</ele>
      </trkpt>
      <trkpt lat="43.4633" lon="3.54096">
        <ele>53.9</ele>
      </trkpt>
      <trkpt lat="43.46355" lon="3.54121">
        <ele>53.9</ele>
      </trkpt>
      <trkpt lat="43.46401" lon="3.54175">
        <ele>54.3</ele>
      </trkpt>
      <trkpt lat="43.46407" lon="3.54191">
        <ele>54.3</ele>
      </trkpt>
      <trkpt lat="43.4641" lon="3.54211">
        <ele>54.5</ele>
      </trkpt>
      <trkpt lat="43.46416" lon="3.54223">
        <ele>54.9</ele>
      </trkpt>
      <trkpt lat="43.46454" lon="3.54265">
        <ele>56</ele>
      </trkpt>
      <trkpt lat="43.46476" lon="3.54311">
        <ele>57.1</ele>
      </trkpt>
      <trkpt lat="43.46506" lon="3.5435">
        <ele>58.2</ele>
      </trkpt>
      <trkpt lat="43.46606" lon="3.54493">
        <ele>58.8</ele>
      </trkpt>
      <trkpt lat="43.46617" lon="3.545">
        <ele>59</ele>
      </trkpt>
      <trkpt lat="43.46632" lon="3.54499">
        <ele>59</ele>
      </trkpt>
      <trkpt lat="43.46666" lon="3.5449">
        <ele>60</ele>
      </trkpt>
      <trkpt lat="43.46718" lon="3.54463">
        <ele>60.9</ele>
      </trkpt>
      <trkpt lat="43.46733" lon="3.54462">
        <ele>61</ele>
      </trkpt>
      <trkpt lat="43.46747" lon="3.54475">
        <ele>61</ele>
      </trkpt>
      <trkpt lat="43.46821" lon="3.54541">
        <ele>63.3</ele>
      </trkpt>
      <trkpt lat="43.46808" lon="3.5456">
        <ele>63.1</ele>
      </trkpt>
      <trkpt lat="43.46779" lon="3.54608">
        <ele>62</ele>
      </trkpt>
      <trkpt lat="43.46757" lon="3.54654">
        <ele>60.6</ele>
      </trkpt>
      <trkpt lat="43.46738" lon="3.547">
        <ele>58.9</ele>
      </trkpt>
      <trkpt lat="43.46716" lon="3.54779">
        <ele>58</ele>
      </trkpt>
      <trkpt lat="43.46706" lon="3.54801">
        <ele>57.2</ele>
      </trkpt>
      <trkpt lat="43.4662" lon="3.54961">
        <ele>53</ele>
      </trkpt>
      <trkpt lat="43.46583" lon="3.55017">
        <ele>53</ele>
      </trkpt>
      <trkpt lat="43.46555" lon="3.55049">
        <ele>53.5</ele>
      </trkpt>
      <trkpt lat="43.46493" lon="3.55111">
        <ele>58.2</ele>
      </trkpt>
      <trkpt lat="43.46465" lon="3.55141">
        <ele>60.3</ele>
      </trkpt>
      <trkpt lat="43.46427" lon="3.55208">
        <ele>63.7</ele>
      </trkpt>
      <trkpt lat="43.464" lon="3.55237">
        <ele>67.3</ele>
      </trkpt>
      <trkpt lat="43.46395" lon="3.55262">
        <ele>69.1</ele>
      </trkpt>
      <trkpt lat="43.46389" lon="3.55309">
        <ele>71</ele>
      </trkpt>
      <trkpt lat="43.46378" lon="3.55347">
        <ele>70.3</ele>
      </trkpt>
      <trkpt lat="43.46361" lon="3.55414">
        <ele>67.2</ele>
      </trkpt>
      <trkpt lat="43.46357" lon="3.55526">
        <ele>62.2</ele>
      </trkpt>
      <trkpt lat="43.46351" lon="3.55606">
        <ele>59.8</ele>
      </trkpt>
      <trkpt lat="43.4634" lon="3.55691">
        <ele>57.2</ele>
      </trkpt>
      <trkpt lat="43.46338" lon="3.55737">
        <ele>53.6</ele>
      </trkpt>
      <trkpt lat="43.4635" lon="3.5577">
        <ele>51.8</ele>
      </trkpt>
      <trkpt lat="43.46347" lon="3.55795">
        <ele>49.7</ele>
      </trkpt>
      <trkpt lat="43.46318" lon="3.55893">
        <ele>44.2</ele>
      </trkpt>
      <trkpt lat="43.46321" lon="3.55907">
        <ele>44</ele>
      </trkpt>
      <trkpt lat="43.46364" lon="3.55951">
        <ele>46.9</ele>
      </trkpt>
      <trkpt lat="43.46384" lon="3.55968">
        <ele>47.7</ele>
      </trkpt>
      <trkpt lat="43.46476" lon="3.56013">
        <ele>47.1</ele>
      </trkpt>
      <trkpt lat="43.46506" lon="3.56043">
        <ele>44.9</ele>
      </trkpt>
      <trkpt lat="43.46556" lon="3.5606">
        <ele>43.5</ele>
      </trkpt>
      <trkpt lat="43.46583" lon="3.5608">
        <ele>41.2</ele>
      </trkpt>
      <trkpt lat="43.46607" lon="3.56103">
        <ele>40.4</ele>
      </trkpt>
      <trkpt lat="43.46642" lon="3.5614">
        <ele>38.9</ele>
      </trkpt>
      <trkpt lat="43.4673" lon="3.56263">
        <ele>35.7</ele>
      </trkpt>
      <trkpt lat="43.46945" lon="3.56572">
        <ele>39</ele>
      </trkpt>
      <trkpt lat="43.47044" lon="3.56711">
        <ele>38.6</ele>
      </trkpt>
      <trkpt lat="43.47206" lon="3.56946">
        <ele>41</ele>
      </trkpt>
      <trkpt lat="43.47206" lon="3.56959">
        <ele>41.5</ele>
      </trkpt>
      <trkpt lat="43.46852" lon="3.57149">
        <ele>42.7</ele>
      </trkpt>
      <trkpt lat="43.46809" lon="3.57172">
        <ele>45.1</ele>
      </trkpt>
      <trkpt lat="43.46792" lon="3.57184">
        <ele>45.6</ele>
      </trkpt>
      <trkpt lat="43.46782" lon="3.57201">
        <ele>46.2</ele>
      </trkpt>
      <trkpt lat="43.46776" lon="3.57232">
        <ele>47.3</ele>
      </trkpt>
      <trkpt lat="43.46779" lon="3.573">
        <ele>49.8</ele>
      </trkpt>
      <trkpt lat="43.46792" lon="3.57355">
        <ele>53.2</ele>
      </trkpt>
      <trkpt lat="43.46804" lon="3.57391">
        <ele>54.9</ele>
      </trkpt>
      <trkpt lat="43.46806" lon="3.57414">
        <ele>55.9</ele>
      </trkpt>
      <trkpt lat="43.46795" lon="3.57442">
        <ele>55.4</ele>
      </trkpt>
      <trkpt lat="43.46563" lon="3.57827">
        <ele>46</ele>
      </trkpt>
      <trkpt lat="43.46541" lon="3.57851">
        <ele>46</ele>
      </trkpt>
      <trkpt lat="43.46456" lon="3.57896">
        <ele>45.7</ele>
      </trkpt>
      <trkpt lat="43.4645" lon="3.57903">
        <ele>46</ele>
      </trkpt>
      <trkpt lat="43.46453" lon="3.57914">
        <ele>46.5</ele>
      </trkpt>
      <trkpt lat="43.46468" lon="3.57921">
        <ele>46.4</ele>
      </trkpt>
      <trkpt lat="43.46561" lon="3.57975">
        <ele>45.6</ele>
      </trkpt>
      <trkpt lat="43.46634" lon="3.58018">
        <ele>42.3</ele>
      </trkpt>
      <trkpt lat="43.46695" lon="3.58048">
        <ele>40.2</ele>
      </trkpt>
      <trkpt lat="43.46723" lon="3.58079">
        <ele>38.1</ele>
      </trkpt>
      <trkpt lat="43.46802" lon="3.5813">
        <ele>34.4</ele>
      </trkpt>
      <trkpt lat="43.46887" lon="3.58143">
        <ele>32.7</ele>
      </trkpt>
      <trkpt lat="43.46895" lon="3.58129">
        <ele>33.1</ele>
      </trkpt>
      <trkpt lat="43.46905" lon="3.58133">
        <ele>32.5</ele>
      </trkpt>
      <trkpt lat="43.4692" lon="3.58148">
        <ele>31.2</ele>
      </trkpt>
      <trkpt lat="43.46944" lon="3.58179">
        <ele>29.1</ele>
      </trkpt>
      <trkpt lat="43.46969" lon="3.58237">
        <ele>24.1</ele>
      </trkpt>
      <trkpt lat="43.47017" lon="3.58281">
        <ele>22.5</ele>
      </trkpt>
      <trkpt lat="43.47083" lon="3.58342">
        <ele>22</ele>
      </trkpt>
      <trkpt lat="43.47131" lon="3.58394">
        <ele>20.1</ele>
      </trkpt>
      <trkpt lat="43.47168" lon="3.58437">
        <ele>17.5</ele>
      </trkpt>
      <trkpt lat="43.47191" lon="3.58457">
        <ele>17.5</ele>
      </trkpt>
      <trkpt lat="43.47256" lon="3.58503">
        <ele>21.1</ele>
      </trkpt>
      <trkpt lat="43.47284" lon="3.58503">
        <ele>21.3</ele>
      </trkpt>
      <trkpt lat="43.47304" lon="3.58515">
        <ele>22.5</ele>
      </trkpt>
      <trkpt lat="43.47319" lon="3.58533">
        <ele>22.6</ele>
      </trkpt>
      <trkpt lat="43.47357" lon="3.58596">
        <ele>24.4</ele>
      </trkpt>
      <trkpt lat="43.47368" lon="3.58634">
        <ele>25.2</ele>
      </trkpt>
      <trkpt lat="43.47402" lon="3.58633">
        <ele>26.5</ele>
      </trkpt>
      <trkpt lat="43.47433" lon="3.58637">
        <ele>27.6</ele>
      </trkpt>
      <trkpt lat="43.47428" lon="3.58652">
        <ele>27.7</ele>
      </trkpt>
      <trkpt lat="43.47395" lon="3.58686">
        <ele>27</ele>
      </trkpt>
      <trkpt lat="43.47329" lon="3.58772">
        <ele>25</ele>
      </trkpt>
      <trkpt lat="43.47317" lon="3.5879">
        <ele>25</ele>
      </trkpt>
      <trkpt lat="43.47317" lon="3.58803">
        <ele>25</ele>
      </trkpt>
      <trkpt lat="43.4733" lon="3.58835">
        <ele>24.1</ele>
      </trkpt>
      <trkpt lat="43.47328" lon="3.58843">
        <ele>24.2</ele>
      </trkpt>
      <trkpt lat="43.47316" lon="3.58856">
        <ele>24.6</ele>
      </trkpt>
      <trkpt lat="43.47317" lon="3.58865">
        <ele>24.4</ele>
      </trkpt>
      <trkpt lat="43.47324" lon="3.58888">
        <ele>23.4</ele>
      </trkpt>
      <trkpt lat="43.47321" lon="3.58902">
        <ele>23</ele>
      </trkpt>
      <trkpt lat="43.47291" lon="3.58955">
        <ele>22</ele>
      </trkpt>
      <trkpt lat="43.47285" lon="3.58972">
        <ele>21.5</ele>
      </trkpt>
      <trkpt lat="43.47287" lon="3.58989">
        <ele>21</ele>
      </trkpt>
      <trkpt lat="43.47291" lon="3.59">
        <ele>20.5</ele>
      </trkpt>
      <trkpt lat="43.47305" lon="3.5902">
        <ele>19.3</ele>
      </trkpt>
      <trkpt lat="43.47304" lon="3.59032">
        <ele>18.8</ele>
      </trkpt>
      <trkpt lat="43.47144" lon="3.59186">
        <ele>17.2</ele>
      </trkpt>
      <trkpt lat="43.47134" lon="3.59194">
        <ele>17.2</ele>
      </trkpt>
      <trkpt lat="43.4707" lon="3.59253">
        <ele>17.9</ele>
      </trkpt>
      <trkpt lat="43.47037" lon="3.59287">
        <ele>18.9</ele>
      </trkpt>
      <trkpt lat="43.47031" lon="3.59298">
        <ele>18.5</ele>
      </trkpt>
      <trkpt lat="43.47037" lon="3.59308">
        <ele>18</ele>
      </trkpt>
      <trkpt lat="43.4712" lon="3.59397">
        <ele>17</ele>
      </trkpt>
      <trkpt lat="43.47138" lon="3.59419">
        <ele>17</ele>
      </trkpt>
      <trkpt lat="43.47306" lon="3.59485">
        <ele>17</ele>
      </trkpt>
      <trkpt lat="43.47312" lon="3.59495">
        <ele>17</ele>
      </trkpt>
      <trkpt lat="43.47314" lon="3.59505">
        <ele>17</ele>
      </trkpt>
      <trkpt lat="43.47316" lon="3.59586">
        <ele>16.4</ele>
      </trkpt>
      <trkpt lat="43.47317" lon="3.59679">
        <ele>16.4</ele>
      </trkpt>
      <trkpt lat="43.47317" lon="3.59718">
        <ele>16.4</ele>
      </trkpt>
      <trkpt lat="43.47322" lon="3.59745">
        <ele>17.4</ele>
      </trkpt>
      <trkpt lat="43.47345" lon="3.59832">
        <ele>19.9</ele>
      </trkpt>
      <trkpt lat="43.47351" lon="3.59841">
        <ele>20.7</ele>
      </trkpt>
      <trkpt lat="43.47368" lon="3.59843">
        <ele>20.7</ele>
      </trkpt>
      <trkpt lat="43.47447" lon="3.5984">
        <ele>20.5</ele>
      </trkpt>
      <trkpt lat="43.47466" lon="3.59849">
        <ele>20.7</ele>
      </trkpt>
      <trkpt lat="43.47507" lon="3.59883">
        <ele>20.2</ele>
      </trkpt>
      <trkpt lat="43.47602" lon="3.59977">
        <ele>19.5</ele>
      </trkpt>
      <trkpt lat="43.47695" lon="3.60062">
        <ele>23.7</ele>
      </trkpt>
      <trkpt lat="43.47709" lon="3.60082">
        <ele>24.8</ele>
      </trkpt>
      <trkpt lat="43.47723" lon="3.60114">
        <ele>24.9</ele>
      </trkpt>
      <trkpt lat="43.47738" lon="3.60157">
        <ele>24.6</ele>
      </trkpt>
      <trkpt lat="43.47751" lon="3.60179">
        <ele>25</ele>
      </trkpt>
      <trkpt lat="43.4787" lon="3.6044">
        <ele>32.8</ele>
      </trkpt>
      <trkpt lat="43.47883" lon="3.6046">
        <ele>33.6</ele>
      </trkpt>
      <trkpt lat="43.47937" lon="3.60514">
        <ele>34.8</ele>
      </trkpt>
      <trkpt lat="43.48199" lon="3.60749">
        <ele>39.9</ele>
      </trkpt>
      <trkpt lat="43.48234" lon="3.6079">
        <ele>41.2</ele>
      </trkpt>
      <trkpt lat="43.48224" lon="3.60802">
        <ele>41.9</ele>
      </trkpt>
      <trkpt lat="43.48149" lon="3.60936">
        <ele>48.3</ele>
      </trkpt>
      <trkpt lat="43.48221" lon="3.60991">
        <ele>51.4</ele>
      </trkpt>
      <trkpt lat="43.48241" lon="3.6099">
        <ele>50.1</ele>
      </trkpt>
      <trkpt lat="43.48257" lon="3.61026">
        <ele>54.2</ele>
      </trkpt>
      <trkpt lat="43.48277" lon="3.61044">
        <ele>55.4</ele>
      </trkpt>
      <trkpt lat="43.48275" lon="3.61049">
        <ele>56.3</ele>
      </trkpt>
      <trkpt lat="43.48175" lon="3.61039">
        <ele>61.4</ele>
      </trkpt>
      <trkpt lat="43.48153" lon="3.61043">
        <ele>61.6</ele>
      </trkpt>
      <trkpt lat="43.48141" lon="3.61051">
        <ele>62.4</ele>
      </trkpt>
      <trkpt lat="43.48127" lon="3.61068">
        <ele>63</ele>
      </trkpt>
      <trkpt lat="43.48119" lon="3.61083">
        <ele>64.1</ele>
      </trkpt>
      <trkpt lat="43.48078" lon="3.61184">
        <ele>68.4</ele>
      </trkpt>
      <trkpt lat="43.48063" lon="3.61201">
        <ele>69.5</ele>
      </trkpt>
      <trkpt lat="43.48048" lon="3.61212">
        <ele>70.3</ele>
      </trkpt>
      <trkpt lat="43.47969" lon="3.61237">
        <ele>73.2</ele>
      </trkpt>
      <trkpt lat="43.47972" lon="3.61267">
        <ele>74</ele>
      </trkpt>
      <trkpt lat="43.47988" lon="3.61362">
        <ele>74.6</ele>
      </trkpt>
      <trkpt lat="43.47981" lon="3.6155">
        <ele>79.4</ele>
      </trkpt>
      <trkpt lat="43.47975" lon="3.61588">
        <ele>80.5</ele>
      </trkpt>
      <trkpt lat="43.47979" lon="3.61609">
        <ele>82.3</ele>
      </trkpt>
      <trkpt lat="43.47978" lon="3.61629">
        <ele>83.1</ele>
      </trkpt>
      <trkpt lat="43.47969" lon="3.61667">
        <ele>83.7</ele>
      </trkpt>
      <trkpt lat="43.47961" lon="3.61716">
        <ele>85.8</ele>
      </trkpt>
      <trkpt lat="43.4796" lon="3.61747">
        <ele>87.5</ele>
      </trkpt>
      <trkpt lat="43.47961" lon="3.61763">
        <ele>88.5</ele>
      </trkpt>
      <trkpt lat="43.47958" lon="3.61803">
        <ele>89.9</ele>
      </trkpt>
      <trkpt lat="43.47955" lon="3.61832">
        <ele>91</ele>
      </trkpt>
      <trkpt lat="43.47946" lon="3.61863">
        <ele>92.2</ele>
      </trkpt>
      <trkpt lat="43.47944" lon="3.61876">
        <ele>93.1</ele>
      </trkpt>
      <trkpt lat="43.47945" lon="3.61914">
        <ele>94.9</ele>
      </trkpt>
      <trkpt lat="43.47938" lon="3.61954">
        <ele>97.8</ele>
      </trkpt>
      <trkpt lat="43.47937" lon="3.61998">
        <ele>100.9</ele>
      </trkpt>
      <trkpt lat="43.47934" lon="3.62017">
        <ele>102</ele>
      </trkpt>
      <trkpt lat="43.47928" lon="3.62035">
        <ele>102.9</ele>
      </trkpt>
      <trkpt lat="43.47912" lon="3.62064">
        <ele>104.1</ele>
      </trkpt>
      <trkpt lat="43.47906" lon="3.62082">
        <ele>104.6</ele>
      </trkpt>
      <trkpt lat="43.47902" lon="3.62112">
        <ele>105.5</ele>
      </trkpt>
      <trkpt lat="43.47891" lon="3.62149">
        <ele>105.5</ele>
      </trkpt>
      <trkpt lat="43.4788" lon="3.62195">
        <ele>105.7</ele>
      </trkpt>
      <trkpt lat="43.47869" lon="3.62211">
        <ele>104.7</ele>
      </trkpt>
      <trkpt lat="43.4786" lon="3.62232">
        <ele>103.7</ele>
      </trkpt>
      <trkpt lat="43.47854" lon="3.62257">
        <ele>103.2</ele>
      </trkpt>
      <trkpt lat="43.47839" lon="3.62297">
        <ele>102.4</ele>
      </trkpt>
      <trkpt lat="43.47832" lon="3.62311">
        <ele>102</ele>
      </trkpt>
      <trkpt lat="43.47822" lon="3.62333">
        <ele>102</ele>
      </trkpt>
      <trkpt lat="43.47797" lon="3.62358">
        <ele>101.7</ele>
      </trkpt>
      <trkpt lat="43.47777" lon="3.62365">
        <ele>101</ele>
      </trkpt>
      <trkpt lat="43.47758" lon="3.62368">
        <ele>101</ele>
      </trkpt>
      <trkpt lat="43.47738" lon="3.62383">
        <ele>101</ele>
      </trkpt>
      <trkpt lat="43.47726" lon="3.62399">
        <ele>101</ele>
      </trkpt>
      <trkpt lat="43.47719" lon="3.62436">
        <ele>100.9</ele>
      </trkpt>
      <trkpt lat="43.47675" lon="3.62471">
        <ele>101</ele>
      </trkpt>
      <trkpt lat="43.47643" lon="3.62491">
        <ele>100.8</ele>
      </trkpt>
      <trkpt lat="43.47627" lon="3.6251">
        <ele>101.4</ele>
      </trkpt>
      <trkpt lat="43.47606" lon="3.62546">
        <ele>102</ele>
      </trkpt>
      <trkpt lat="43.476" lon="3.62576">
        <ele>102.7</ele>
      </trkpt>
      <trkpt lat="43.47597" lon="3.62596">
        <ele>103.4</ele>
      </trkpt>
      <trkpt lat="43.47584" lon="3.62637">
        <ele>104.9</ele>
      </trkpt>
      <trkpt lat="43.47579" lon="3.62672">
        <ele>105.3</ele>
      </trkpt>
      <trkpt lat="43.47569" lon="3.62728">
        <ele>106.7</ele>
      </trkpt>
      <trkpt lat="43.47566" lon="3.62764">
        <ele>108.1</ele>
      </trkpt>
      <trkpt lat="43.47571" lon="3.62841">
        <ele>109.6</ele>
      </trkpt>
      <trkpt lat="43.47566" lon="3.62885">
        <ele>110.5</ele>
      </trkpt>
      <trkpt lat="43.47559" lon="3.62895">
        <ele>110.9</ele>
      </trkpt>
      <trkpt lat="43.4755" lon="3.62896">
        <ele>111.4</ele>
      </trkpt>
      <trkpt lat="43.47534" lon="3.62892">
        <ele>112.6</ele>
      </trkpt>
      <trkpt lat="43.47524" lon="3.62896">
        <ele>113.3</ele>
      </trkpt>
      <trkpt lat="43.4752" lon="3.62904">
        <ele>113.6</ele>
      </trkpt>
      <trkpt lat="43.47516" lon="3.62925">
        <ele>114.2</ele>
      </trkpt>
      <trkpt lat="43.47501" lon="3.62971">
        <ele>116</ele>
      </trkpt>
      <trkpt lat="43.47487" lon="3.63006">
        <ele>117.5</ele>
      </trkpt>
      <trkpt lat="43.47486" lon="3.6302">
        <ele>117.5</ele>
      </trkpt>
      <trkpt lat="43.47492" lon="3.63032">
        <ele>117.3</ele>
      </trkpt>
      <trkpt lat="43.47511" lon="3.63041">
        <ele>116.4</ele>
      </trkpt>
      <trkpt lat="43.47521" lon="3.63054">
        <ele>116.2</ele>
      </trkpt>
      <trkpt lat="43.47517" lon="3.63072">
        <ele>117.1</ele>
      </trkpt>
      <trkpt lat="43.4751" lon="3.63091">
        <ele>117.9</ele>
      </trkpt>
      <trkpt lat="43.47492" lon="3.63112">
        <ele>119</ele>
      </trkpt>
      <trkpt lat="43.47471" lon="3.63144">
        <ele>120.2</ele>
      </trkpt>
      <trkpt lat="43.47463" lon="3.63169">
        <ele>121.1</ele>
      </trkpt>
      <trkpt lat="43.47465" lon="3.63198">
        <ele>122.1</ele>
      </trkpt>
      <trkpt lat="43.47467" lon="3.63237">
        <ele>122.8</ele>
      </trkpt>
      <trkpt lat="43.47458" lon="3.63266">
        <ele>122.5</ele>
      </trkpt>
      <trkpt lat="43.47439" lon="3.63289">
        <ele>121.7</ele>
      </trkpt>
      <trkpt lat="43.47422" lon="3.63299">
        <ele>120.6</ele>
      </trkpt>
      <trkpt lat="43.47391" lon="3.63302">
        <ele>120.9</ele>
      </trkpt>
      <trkpt lat="43.47373" lon="3.63309">
        <ele>120.3</ele>
      </trkpt>
      <trkpt lat="43.47331" lon="3.63336">
        <ele>117.8</ele>
      </trkpt>
      <trkpt lat="43.47251" lon="3.63399">
        <ele>112.6</ele>
      </trkpt>
      <trkpt lat="43.47213" lon="3.63425">
        <ele>110.9</ele>
      </trkpt>
      <trkpt lat="43.47153" lon="3.63476">
        <ele>104.3</ele>
      </trkpt>
      <trkpt lat="43.47137" lon="3.63503">
        <ele>101.7</ele>
      </trkpt>
      <trkpt lat="43.47126" lon="3.63542">
        <ele>98.8</ele>
      </trkpt>
      <trkpt lat="43.47119" lon="3.63559">
        <ele>97.4</ele>
      </trkpt>
      <trkpt lat="43.47103" lon="3.63569">
        <ele>95.7</ele>
      </trkpt>
      <trkpt lat="43.47088" lon="3.63563">
        <ele>94.2</ele>
      </trkpt>
      <trkpt lat="43.47053" lon="3.63541">
        <ele>90.7</ele>
      </trkpt>
      <trkpt lat="43.46996" lon="3.63518">
        <ele>85</ele>
      </trkpt>
      <trkpt lat="43.46972" lon="3.63509">
        <ele>83</ele>
      </trkpt>
      <trkpt lat="43.46957" lon="3.63518">
        <ele>82.1</ele>
      </trkpt>
      <trkpt lat="43.46995" lon="3.6357">
        <ele>84.2</ele>
      </trkpt>
      <trkpt lat="43.47027" lon="3.63594">
        <ele>86</ele>
      </trkpt>
      <trkpt lat="43.47091" lon="3.63679">
        <ele>87.5</ele>
      </trkpt>
      <trkpt lat="43.47156" lon="3.63732">
        <ele>85.7</ele>
      </trkpt>
      <trkpt lat="43.47203" lon="3.63752">
        <ele>84.9</ele>
      </trkpt>
      <trkpt lat="43.47237" lon="3.63773">
        <ele>83.3</ele>
      </trkpt>
      <trkpt lat="43.47263" lon="3.63794">
        <ele>82.1</ele>
      </trkpt>
      <trkpt lat="43.4728" lon="3.63821">
        <ele>81</ele>
      </trkpt>
      <trkpt lat="43.47298" lon="3.63832">
        <ele>81</ele>
      </trkpt>
      <trkpt lat="43.47334" lon="3.63854">
        <ele>81.3</ele>
      </trkpt>
      <trkpt lat="43.47387" lon="3.63904">
        <ele>82</ele>
      </trkpt>
      <trkpt lat="43.47503" lon="3.63944">
        <ele>82.1</ele>
      </trkpt>
      <trkpt lat="43.47531" lon="3.63969">
        <ele>82.2</ele>
      </trkpt>
      <trkpt lat="43.47565" lon="3.64008">
        <ele>82.6</ele>
      </trkpt>
      <trkpt lat="43.47659" lon="3.64097">
        <ele>82.1</ele>
      </trkpt>
      <trkpt lat="43.47686" lon="3.64138">
        <ele>81.4</ele>
      </trkpt>
      <trkpt lat="43.47716" lon="3.64161">
        <ele>82.1</ele>
      </trkpt>
      <trkpt lat="43.47725" lon="3.64179">
        <ele>82.6</ele>
      </trkpt>
      <trkpt lat="43.47733" lon="3.64207">
        <ele>84</ele>
      </trkpt>
      <trkpt lat="43.47748" lon="3.64288">
        <ele>83.9</ele>
      </trkpt>
      <trkpt lat="43.47773" lon="3.64386">
        <ele>82.9</ele>
      </trkpt>
      <trkpt lat="43.47776" lon="3.64419">
        <ele>82.8</ele>
      </trkpt>
      <trkpt lat="43.47788" lon="3.64455">
        <ele>82.2</ele>
      </trkpt>
      <trkpt lat="43.47806" lon="3.64496">
        <ele>82</ele>
      </trkpt>
      <trkpt lat="43.47844" lon="3.64596">
        <ele>79.9</ele>
      </trkpt>
      <trkpt lat="43.47859" lon="3.64665">
        <ele>78.9</ele>
      </trkpt>
      <trkpt lat="43.47881" lon="3.64789">
        <ele>77</ele>
      </trkpt>
      <trkpt lat="43.47892" lon="3.64842">
        <ele>76.1</ele>
      </trkpt>
      <trkpt lat="43.47916" lon="3.64927">
        <ele>75.6</ele>
      </trkpt>
      <trkpt lat="43.47916" lon="3.64948">
        <ele>75</ele>
      </trkpt>
      <trkpt lat="43.47922" lon="3.6496">
        <ele>75.2</ele>
      </trkpt>
      <trkpt lat="43.47954" lon="3.65047">
        <ele>75.3</ele>
      </trkpt>
      <trkpt lat="43.47982" lon="3.65112">
        <ele>75.4</ele>
      </trkpt>
      <trkpt lat="43.48" lon="3.65175">
        <ele>75</ele>
      </trkpt>
      <trkpt lat="43.48016" lon="3.65249">
        <ele>74.4</ele>
      </trkpt>
      <trkpt lat="43.48039" lon="3.65298">
        <ele>72.3</ele>
      </trkpt>
      <trkpt lat="43.4806" lon="3.65323">
        <ele>71.4</ele>
      </trkpt>
      <trkpt lat="43.48083" lon="3.65345">
        <ele>71</ele>
      </trkpt>
      <trkpt lat="43.48123" lon="3.65422">
        <ele>68.2</ele>
      </trkpt>
      <trkpt lat="43.48139" lon="3.65463">
        <ele>66.3</ele>
      </trkpt>
      <trkpt lat="43.48166" lon="3.65505">
        <ele>64.8</ele>
      </trkpt>
      <trkpt lat="43.48178" lon="3.65508">
        <ele>64.7</ele>
      </trkpt>
      <trkpt lat="43.48212" lon="3.65479">
        <ele>63.9</ele>
      </trkpt>
      <trkpt lat="43.48234" lon="3.65478">
        <ele>62.5</ele>
      </trkpt>
      <trkpt lat="43.48264" lon="3.6549">
        <ele>60.8</ele>
      </trkpt>
      <trkpt lat="43.48275" lon="3.65498">
        <ele>59.5</ele>
      </trkpt>
      <trkpt lat="43.48278" lon="3.65505">
        <ele>59</ele>
      </trkpt>
      <trkpt lat="43.48276" lon="3.65558">
        <ele>58.2</ele>
      </trkpt>
      <trkpt lat="43.48272" lon="3.65587">
        <ele>57.4</ele>
      </trkpt>
      <trkpt lat="43.48263" lon="3.65619">
        <ele>56.2</ele>
      </trkpt>
      <trkpt lat="43.48269" lon="3.65669">
        <ele>54.6</ele>
      </trkpt>
      <trkpt lat="43.48283" lon="3.65779">
        <ele>49.2</ele>
      </trkpt>
      <trkpt lat="43.48294" lon="3.65822">
        <ele>47.6</ele>
      </trkpt>
      <trkpt lat="43.48364" lon="3.65971">
        <ele>42</ele>
      </trkpt>
      <trkpt lat="43.48414" lon="3.6609">
        <ele>39.8</ele>
      </trkpt>
      <trkpt lat="43.48431" lon="3.66132">
        <ele>39.1</ele>
      </trkpt>
      <trkpt lat="43.48499" lon="3.66237">
        <ele>38</ele>
      </trkpt>
      <trkpt lat="43.48532" lon="3.66184">
        <ele>38.9</ele>
      </trkpt>
      <trkpt lat="43.486" lon="3.66096">
        <ele>39.9</ele>
      </trkpt>
      <trkpt lat="43.4864" lon="3.66045">
        <ele>41.1</ele>
      </trkpt>
      <trkpt lat="43.4865" lon="3.66035">
        <ele>42.8</ele>
      </trkpt>
      <trkpt lat="43.48657" lon="3.6604">
        <ele>42.4</ele>
      </trkpt>
      <trkpt lat="43.48676" lon="3.66064">
        <ele>39.9</ele>
      </trkpt>
      <trkpt lat="43.487" lon="3.66063">
        <ele>40.3</ele>
      </trkpt>
      <trkpt lat="43.4871" lon="3.66079">
        <ele>39.2</ele>
      </trkpt>
      <trkpt lat="43.4871" lon="3.66098">
        <ele>39</ele>
      </trkpt>
      <trkpt lat="43.48714" lon="3.66122">
        <ele>38.7</ele>
      </trkpt>
      <trkpt lat="43.48723" lon="3.66143">
        <ele>38</ele>
      </trkpt>
      <trkpt lat="43.4875" lon="3.66192">
        <ele>37</ele>
      </trkpt>
      <trkpt lat="43.48755" lon="3.66201">
        <ele>36.8</ele>
      </trkpt>
      <trkpt lat="43.48761" lon="3.66201">
        <ele>36.8</ele>
      </trkpt>
      <trkpt lat="43.48771" lon="3.66194">
        <ele>37</ele>
      </trkpt>
      <trkpt lat="43.4878" lon="3.66194">
        <ele>37</ele>
      </trkpt>
      <trkpt lat="43.48792" lon="3.66208">
        <ele>36.5</ele>
      </trkpt>
      <trkpt lat="43.4884" lon="3.66297">
        <ele>36</ele>
      </trkpt>
      <trkpt lat="43.48862" lon="3.66342">
        <ele>36</ele>
      </trkpt>
      <trkpt lat="43.48865" lon="3.66364">
        <ele>36</ele>
      </trkpt>
      <trkpt lat="43.48862" lon="3.6641">
        <ele>36</ele>
      </trkpt>
      <trkpt lat="43.4886" lon="3.6644">
        <ele>36</ele>
      </trkpt>
      <trkpt lat="43.48866" lon="3.66467">
        <ele>36.8</ele>
      </trkpt>
      <trkpt lat="43.48867" lon="3.66485">
        <ele>37</ele>
      </trkpt>
      <trkpt lat="43.48863" lon="3.66498">
        <ele>37</ele>
      </trkpt>
      <trkpt lat="43.48855" lon="3.66517">
        <ele>37.8</ele>
      </trkpt>
      <trkpt lat="43.48861" lon="3.66527">
        <ele>38</ele>
      </trkpt>
      <trkpt lat="43.48855" lon="3.66541">
        <ele>38.7</ele>
      </trkpt>
      <trkpt lat="43.48855" lon="3.66558">
        <ele>39.5</ele>
      </trkpt>
      <trkpt lat="43.48847" lon="3.66576">
        <ele>41.3</ele>
      </trkpt>
      <trkpt lat="43.48877" lon="3.66622">
        <ele>42.2</ele>
      </trkpt>
      <trkpt lat="43.48894" lon="3.66685">
        <ele>41.2</ele>
      </trkpt>
      <trkpt lat="43.48892" lon="3.66733">
        <ele>38.7</ele>
      </trkpt>
      <trkpt lat="43.48885" lon="3.66758">
        <ele>37.9</ele>
      </trkpt>
      <trkpt lat="43.4888" lon="3.66761">
        <ele>38.2</ele>
      </trkpt>
      <trkpt lat="43.48877" lon="3.66767">
        <ele>38.1</ele>
      </trkpt>
      <trkpt lat="43.48864" lon="3.66821">
        <ele>35.7</ele>
      </trkpt>
      <trkpt lat="43.48834" lon="3.66871">
        <ele>33.6</ele>
      </trkpt>
      <trkpt lat="43.48829" lon="3.66874">
        <ele>33.8</ele>
      </trkpt>
      <trkpt lat="43.48805" lon="3.66901">
        <ele>33.6</ele>
      </trkpt>
      <trkpt lat="43.48772" lon="3.66931">
        <ele>32.5</ele>
      </trkpt>
      <trkpt lat="43.48789" lon="3.66965">
        <ele>32.3</ele>
      </trkpt>
      <trkpt lat="43.488" lon="3.66977">
        <ele>33</ele>
      </trkpt>
    </trkseg>
  </trk>
</gpx>